state,regime,horizon,n,mean_ret,median_ret,std_ret,p_positive,fold_id
0,Ranging / Low-Vol,15m,1013,-1.7352793659197247e-05,9.543686006807661e-06,0.004717810843936045,0.5004935834155972,0
0,Ranging / Low-Vol,30m,1012,-0.00017236659474704498,3.849633029329169e-05,0.007244198111997351,0.5019762845849802,0
0,Ranging / Low-Vol,1h,1010,-0.0006960841533445533,-4.839594422989535e-07,0.011038508127989375,0.5,0
0,Ranging / Low-Vol,2h,1007,-0.0019006774379754753,-0.0003329200687520739,0.015264066827177602,0.4915590863952334,0
0,Ranging / Low-Vol,4h,1007,-0.003275228057346015,-0.0006500307187824461,0.020830133187053488,0.48361469712015887,0
1,Downtrend / Mid-Vol,15m,959,-0.00020230095088440882,0.0004729298380325986,0.006287465455764197,0.5349322210636079,0
1,Downtrend / Mid-Vol,30m,959,-0.0002516284866209653,0.0006359300691265446,0.009095697030586014,0.5411887382690302,0
1,Downtrend / Mid-Vol,1h,959,-3.6056972392469105e-05,0.0012084126847433652,0.012724683588892281,0.5526590198123045,0
1,Downtrend / Mid-Vol,2h,958,0.00036958042002337464,0.001992211579595171,0.017349066399645088,0.5553235908141962,0
1,Downtrend / Mid-Vol,4h,951,0.0005058082366896663,0.0013060257125037111,0.02427804100535125,0.5404837013669821,0
2,Uptrend / Mid-Vol,15m,716,-0.00012585328551654998,-0.0005368255045139492,0.006297113031397237,0.44972067039106145,0
2,Uptrend / Mid-Vol,30m,716,-0.00041876590769732733,-0.00044494481213686043,0.008486266845967068,0.473463687150838,0
2,Uptrend / Mid-Vol,1h,716,-0.0011980590240461895,-0.0011904442034209595,0.01259625306385829,0.4301675977653631,0
2,Uptrend / Mid-Vol,2h,716,-0.002728563819987947,-0.001818418426304369,0.018056343075916536,0.42178770949720673,0
2,Uptrend / Mid-Vol,4h,716,-0.005041931671782861,-0.002739430845214663,0.025217982081055242,0.43854748603351956,0
3,Ranging / High-Vol,15m,287,-0.00032654767574535697,-0.00013120208515537968,0.00903170998075094,0.47735191637630664,0
3,Ranging / High-Vol,30m,287,-0.00027738686027368087,-0.0013427656656102016,0.011362132509351123,0.4425087108013937,0
3,Ranging / High-Vol,1h,287,-5.496042629374048e-05,0.00013428011491534164,0.013454065340124863,0.5017421602787456,0
3,Ranging / High-Vol,2h,287,0.0010208523330432994,0.0007663366053289877,0.016758461454364684,0.519163763066202,0
3,Ranging / High-Vol,4h,286,-1.4984612857764086e-05,0.0029118446677278698,0.022727760589309937,0.5524475524475524,0
0,Downtrend / Mid-Vol,15m,542,5.1668461272936e-05,0.00011905465664430182,0.0060122289025002105,0.5055350553505535,1
0,Downtrend / Mid-Vol,30m,542,0.00031412808505257896,0.0010667524840384246,0.008028801661876627,0.5571955719557196,1
0,Downtrend / Mid-Vol,1h,541,0.0007350520385603201,0.0012490669614191319,0.010445321102909275,0.5600739371534196,1
0,Downtrend / Mid-Vol,2h,538,0.0016012107676423707,0.0028993370716863254,0.01349374089941509,0.6096654275092936,1
0,Downtrend / Mid-Vol,4h,534,0.003582844107968593,0.0036409673202228987,0.021111950014818654,0.6310861423220974,1
1,Ranging / High-Vol,15m,66,0.0007429820034183395,-0.00017075544744926674,0.006802956992101582,0.48484848484848486,1
1,Ranging / High-Vol,30m,66,0.0006239434176479084,-0.0005514750906741028,0.009588052809312502,0.4696969696969697,1
1,Ranging / High-Vol,1h,66,0.0005461167582885217,-0.00012361884181721905,0.008827073082587346,0.4696969696969697,1
1,Ranging / High-Vol,2h,66,0.001323944680819762,-0.000296143108195146,0.0112737403203456,0.48484848484848486,1
1,Ranging / High-Vol,4h,66,0.0010874089614374349,0.0004426364312175579,0.011228866314440734,0.5303030303030303,1
2,Uptrend / Mid-Vol,15m,399,0.00021478160852432602,-0.0001095241403028524,0.004974047448312911,0.47869674185463656,1
2,Uptrend / Mid-Vol,30m,399,7.916829078557701e-05,-0.0002580816529551555,0.007338009561555845,0.46616541353383456,1
2,Uptrend / Mid-Vol,1h,399,-0.0005421822734445156,-0.0010355222524189855,0.010651274716318125,0.42355889724310775,1
2,Uptrend / Mid-Vol,2h,399,-0.001435305845830179,-0.0016055832220729371,0.012806589144781926,0.43107769423558895,1
2,Uptrend / Mid-Vol,4h,399,-0.0026910046968336055,-0.0028060194394292637,0.015899957288517463,0.39598997493734334,1
3,Ranging / Low-Vol,15m,1872,6.233481802953971e-05,0.00012609436197852375,0.003362729156730478,0.5219017094017094,1
3,Ranging / Low-Vol,30m,1871,0.00016535452912166512,0.0002781367494293363,0.004937461088289609,0.5285943345804383,1
3,Ranging / Low-Vol,1h,1870,0.000476423305324094,0.0005561321877260994,0.0077457722334829246,0.5550802139037433,1
3,Ranging / Low-Vol,2h,1869,0.0009797330885767618,0.0008622716023491961,0.011986165419465282,0.5553772070626003,1
3,Ranging / Low-Vol,4h,1865,0.0019363970081425809,0.0021568186440497072,0.015842653110663962,0.6058981233243967,1
0,Uptrend / Mid-Vol,15m,247,-0.00016059805949965992,-0.0002596723720369454,0.004098597150300004,0.4534412955465587,2
0,Uptrend / Mid-Vol,30m,247,-0.00037643785128931755,-0.00031660017562806786,0.005003647301424269,0.46558704453441296,2
0,Uptrend / Mid-Vol,1h,247,-0.0008468652585412555,-0.0013263937374077273,0.006343829954151232,0.38866396761133604,2
0,Uptrend / Mid-Vol,2h,247,-0.0015852534938469154,-0.0013608893242533782,0.008130648830308096,0.38866396761133604,2
0,Uptrend / Mid-Vol,4h,247,-0.0017742255609213351,-0.0015461682472821536,0.013119833117413299,0.42105263157894735,2
1,Ranging / Low-Vol,15m,2174,-1.8413980848508376e-05,5.376341194462952e-07,0.002941532821706463,0.5,2
1,Ranging / Low-Vol,30m,2173,-8.916899640840998e-05,1.8867822815238355e-05,0.004204313146316853,0.5062126092959043,2
1,Ranging / Low-Vol,1h,2172,-0.0002492208701371621,2.7273727516430313e-06,0.006313833813654301,0.501841620626151,2
1,Ranging / Low-Vol,2h,2172,-0.0005507027319298932,0.00010729962749067568,0.009439439102596344,0.5096685082872928,2
1,Ranging / Low-Vol,4h,2164,-0.00119078809171236,0.00013731943224737364,0.013303877909284292,0.5046210720887245,2
2,Ranging / High-Vol,15m,20,0.0008687806983449064,-0.0003857377666154349,0.004509288604844362,0.45,2
2,Ranging / High-Vol,30m,20,0.001622459674794463,0.0010315969075156417,0.0033106305462563494,0.65,2
2,Ranging / High-Vol,1h,20,0.0016592218763009647,0.0017147422891188313,0.004551592464330432,0.65,2
2,Ranging / High-Vol,2h,20,0.0035819041637485506,0.0038234960953920094,0.0070460151477187314,0.8,2
2,Ranging / High-Vol,4h,20,0.0014419864806899164,0.0007935930996394447,0.00516460930427577,0.55,2
3,Downtrend / Mid-Vol,15m,534,-0.000268624280969834,0.00013968125915830854,0.004620859443210525,0.5149812734082397,2
3,Downtrend / Mid-Vol,30m,534,-0.00028043047344221536,0.000385751003777024,0.00667856420280828,0.5205992509363296,2
3,Downtrend / Mid-Vol,1h,533,-8.871250658450362e-05,0.0011498335473980603,0.008544981827961807,0.5590994371482176,2
3,Downtrend / Mid-Vol,2h,529,2.345206016946482e-05,0.0009588963485835933,0.009926362460607605,0.5519848771266541,2
3,Downtrend / Mid-Vol,4h,529,0.00018681128121911963,0.0009610353837299357,0.012718495981081922,0.5482041587901701,2
0,Downtrend / Mid-Vol,15m,329,-0.0004583399221457901,0.00025287647119220935,0.0052489649842386715,0.5197568389057751,3
0,Downtrend / Mid-Vol,30m,329,-0.0006436478202045789,0.00024278631086538383,0.008040321079694867,0.5288753799392097,3
0,Downtrend / Mid-Vol,1h,328,-0.00031660866403440343,0.00037153348742968717,0.011575396923775804,0.5121951219512195,3
0,Downtrend / Mid-Vol,2h,326,0.00023800089480088094,-0.00018172157437579273,0.014016582195437003,0.49079754601226994,3
0,Downtrend / Mid-Vol,4h,326,0.0008938945432063719,0.001757612705434397,0.017595183820504567,0.5705521472392638,3
1,Uptrend / Mid-Vol,15m,196,0.00046386284210029737,-0.00010286685438831711,0.004790495996679976,0.49489795918367346,3
1,Uptrend / Mid-Vol,30m,196,0.0004817481420379116,-0.00014921612005558416,0.005662338752475922,0.4846938775510204,3
1,Uptrend / Mid-Vol,1h,196,0.0003243230805634091,-0.0004402359762432084,0.007311469631141656,0.4642857142857143,3
1,Uptrend / Mid-Vol,2h,196,5.245606293677602e-05,-0.0008124811782188601,0.009499588395371315,0.45918367346938777,3
1,Uptrend / Mid-Vol,4h,196,-0.0002894567219559573,-0.0013213825666396062,0.009998695672852373,0.3979591836734694,3
2,Ranging / High-Vol,15m,63,0.0010399586396528284,6.741345799987641e-05,0.007809515159030793,0.5079365079365079,3
2,Ranging / High-Vol,30m,63,0.001904531319092674,0.0016099394926829547,0.00961415370548513,0.5555555555555556,3
2,Ranging / High-Vol,1h,63,0.002287149776589662,0.0016803315599975832,0.009666619218894498,0.6190476190476191,3
2,Ranging / High-Vol,2h,63,0.002118933735110019,-0.00032205884892277936,0.011546634403337929,0.4603174603174603,3
2,Ranging / High-Vol,4h,63,0.0019772996126778118,-0.001547207228233205,0.012101974973286514,0.4444444444444444,3
3,Ranging / Low-Vol,15m,2196,-7.532080483702332e-05,-6.24443370815797e-05,0.002481403298119811,0.4813296903460838,3
3,Ranging / Low-Vol,30m,2193,-0.00014789336172063393,-7.802734394246613e-05,0.0037484372534730224,0.4842681258549932,3
3,Ranging / Low-Vol,1h,2188,-0.0003501936193878583,-0.0001959841745735602,0.0059426597541655714,0.47623400365630714,3
3,Ranging / Low-Vol,2h,2178,-0.0007029367857030379,-0.0002600656466249518,0.009076819525804348,0.4793388429752066,3
3,Ranging / Low-Vol,4h,2154,-0.0013799267531174513,-0.0007230932529322942,0.013819897862150028,0.4456824512534819,3
0,Ranging / Low-Vol,15m,2387,5.897633683394329e-05,2.6742531559875715e-05,0.0026205445357522293,0.5094260578131546,4
0,Ranging / Low-Vol,30m,2387,8.825312460859865e-05,8.848382963755341e-05,0.0038134050610446044,0.5165479681608713,4
0,Ranging / Low-Vol,1h,2386,0.00021720295129395748,8.100046791792437e-05,0.005861169115838783,0.5113160100586757,4
0,Ranging / Low-Vol,2h,2382,0.00042384709138966063,0.00015434057594099215,0.00817882918308205,0.5167926112510496,4
0,Ranging / Low-Vol,4h,2367,0.0009528628442907715,0.00025946394893949787,0.011983608950049573,0.5204900718208703,4
1,Uptrend / Mid-Vol,15m,219,-0.00010483331638146113,-0.00013770024599679687,0.0038712478945283797,0.4748858447488584,4
1,Uptrend / Mid-Vol,30m,218,-0.0001776251634575745,-0.0004861827092303983,0.004938371120465582,0.44495412844036697,4
1,Uptrend / Mid-Vol,1h,218,-0.0003021905649920066,-0.0008845759480484716,0.00665396857083292,0.41743119266055045,4
1,Uptrend / Mid-Vol,2h,218,0.000537277630615897,-0.0007070022479336302,0.011320348119762126,0.463302752293578,4
1,Uptrend / Mid-Vol,4h,218,0.0011705134840597586,-0.00041815296559821746,0.012158240733277282,0.47706422018348627,4
2,Downtrend / Mid-Vol,15m,280,1.7840323919214387e-05,0.0005127370151436494,0.00462285274765608,0.55,4
2,Downtrend / Mid-Vol,30m,279,0.00031728388108995763,0.00038558614322603546,0.005945712591697685,0.5448028673835126,4
2,Downtrend / Mid-Vol,1h,276,0.00041523426749919614,0.0012803758847494962,0.007575963779515776,0.5978260869565217,4
2,Downtrend / Mid-Vol,2h,272,0.0004417179218752934,0.0013739023997541011,0.010023940966772884,0.5772058823529411,4
2,Downtrend / Mid-Vol,4h,271,0.0005454906571830313,0.0010390422234678454,0.013409212123491015,0.5608856088560885,4
3,Ranging / High-Vol,15m,35,0.0007579735206863043,0.00015988794212518087,0.006625322976356021,0.5428571428571428,4
3,Ranging / High-Vol,30m,35,0.0014644707292161131,0.000517885862153733,0.007374174250557202,0.5714285714285714,4
3,Ranging / High-Vol,1h,35,0.0017216427115172399,0.0008641955588739592,0.007484764861158287,0.6,4
3,Ranging / High-Vol,2h,35,0.0008609873273920345,0.0005288241318321951,0.006583833699058509,0.5428571428571428,4
3,Ranging / High-Vol,4h,35,0.002744121931073451,0.0023465517002030367,0.008403913834027738,0.6285714285714286,4
0,Downtrend / Mid-Vol,15m,519,-0.00031920525845315664,9.164685521767524e-05,0.004839438853536196,0.5086705202312138,5
0,Downtrend / Mid-Vol,30m,519,-0.000501345435301737,0.000451866396938172,0.006784546659276654,0.5375722543352601,5
0,Downtrend / Mid-Vol,1h,519,-0.0005711691347538311,0.00019345616666122112,0.008318808453108003,0.5086705202312138,5
0,Downtrend / Mid-Vol,2h,519,-0.00045104931255675746,0.0006664436566392595,0.011538595229013885,0.5375722543352601,5
0,Downtrend / Mid-Vol,4h,519,-0.000427890227356052,0.0018834319274905198,0.01455966015037622,0.5876685934489403,5
1,Ranging / High-Vol,15m,77,-0.0006653485359806069,-8.03009800129928e-05,0.0055963583638306445,0.4805194805194805,5
1,Ranging / High-Vol,30m,77,-0.0011012510788856694,-0.0002128801915208811,0.006579975275335939,0.4935064935064935,5
1,Ranging / High-Vol,1h,77,-0.0019588955515610004,0.0002294818637444962,0.007790953425708122,0.5324675324675324,5
1,Ranging / High-Vol,2h,77,-0.0010514289519731736,-0.0007061036722983971,0.0073829039913102775,0.4805194805194805,5
1,Ranging / High-Vol,4h,77,-0.007404881568829703,-0.00457429664374942,0.012684591670051874,0.2987012987012987,5
2,Uptrend / Mid-Vol,15m,418,0.00011723793491550144,6.92964822750497e-05,0.003743671097358718,0.5095693779904307,5
2,Uptrend / Mid-Vol,30m,418,-0.00010702902260490583,-0.00044487053541608645,0.004742197087560616,0.45454545454545453,5
2,Uptrend / Mid-Vol,1h,418,-0.000367927697202635,-0.0003041017637164245,0.006281533867641337,0.4665071770334928,5
2,Uptrend / Mid-Vol,2h,418,-0.0007406676359158907,-0.000970830869889916,0.008284525539545966,0.44976076555023925,5
2,Uptrend / Mid-Vol,4h,418,-0.000667900061017299,-0.0004688044076521791,0.010559839928140727,0.47129186602870815,5
3,Ranging / Low-Vol,15m,1961,3.6771091931102376e-05,0.00011565184655459859,0.0028393526702440238,0.5196328403875574,5
3,Ranging / Low-Vol,30m,1960,9.986743041498593e-05,7.223056172378506e-05,0.00430743501907879,0.5076530612244898,5
3,Ranging / Low-Vol,1h,1958,0.00011804328578687575,0.0002749459672131138,0.006701366341462562,0.5291113381001021,5
3,Ranging / Low-Vol,2h,1954,-3.5151180975835435e-05,0.0002936779133975165,0.009704687253099316,0.5204708290685772,5
3,Ranging / Low-Vol,4h,1946,-8.854226278881521e-05,0.0008275755570110732,0.013884595646911293,0.5421377183967112,5
0,Downtrend / Mid-Vol,15m,243,0.00044913780495363506,0.0005881322591125837,0.004346972629101407,0.5802469135802469,6
0,Downtrend / Mid-Vol,30m,243,0.0008480358093316847,0.0009746866488811179,0.005487261398018614,0.6090534979423868,6
0,Downtrend / Mid-Vol,1h,243,0.0010486166072107372,0.0013909496383472941,0.008059267432912739,0.6172839506172839,6
0,Downtrend / Mid-Vol,2h,243,0.0013173915967026391,0.0020265285164420277,0.010407100607587816,0.7078189300411523,6
0,Downtrend / Mid-Vol,4h,238,0.0010698053793022663,0.0015167193238800891,0.010514109102374257,0.6050420168067226,6
1,Uptrend / Mid-Vol,15m,190,-2.946038350392848e-05,-0.00029538232413273136,0.0031480585245839444,0.4105263157894737,6
1,Uptrend / Mid-Vol,30m,190,-0.00023548529303650637,-0.00037372476123742615,0.0034420751413985922,0.45789473684210524,6
1,Uptrend / Mid-Vol,1h,189,-0.0006774677389756394,-0.00068827082641576,0.0038021229624312105,0.42857142857142855,6
1,Uptrend / Mid-Vol,2h,188,-0.0011801323346984631,-0.0010748735006416155,0.005131159341525152,0.39893617021276595,6
1,Uptrend / Mid-Vol,4h,188,-0.0011697056775115122,-0.001133550654687454,0.006718069541133309,0.425531914893617,6
2,Ranging / Low-Vol,15m,2402,-4.146258931178586e-05,1.4312253926007656e-05,0.0022581630204940493,0.5054121565362198,6
2,Ranging / Low-Vol,30m,2401,-6.917936988238172e-05,-3.079163759522885e-06,0.003336601095658268,0.49895876718034154,6
2,Ranging / Low-Vol,1h,2400,-9.4331813216455e-05,4.314026523033476e-05,0.004912188123736689,0.5075,6
2,Ranging / Low-Vol,2h,2397,-0.00018205795849889336,0.00018960609769358427,0.0072552573424641935,0.5173133083020443,6
2,Ranging / Low-Vol,4h,2394,-0.0003817451246191216,0.0004331597471907145,0.010618112053883933,0.5238095238095238,6
3,Ranging / High-Vol,15m,44,-0.0014519068086336275,-0.00024735740082970636,0.009222049703629396,0.5,6
3,Ranging / High-Vol,30m,44,-0.0026676935965500885,-0.0005473235993385117,0.012110931317695958,0.45454545454545453,6
3,Ranging / High-Vol,1h,44,-0.0032659376304165944,-0.00030253948632985583,0.010417480638406671,0.4090909090909091,6
3,Ranging / High-Vol,2h,44,-0.003705223315386777,-0.0018640436899461932,0.009809734346142268,0.36363636363636365,6
3,Ranging / High-Vol,4h,44,-0.004185254810031362,-0.0027176063890461677,0.009717933595922035,0.3409090909090909,6
0,Downtrend / Mid-Vol,15m,135,-7.146304909758361e-05,0.00023428612417930594,0.003585622970525779,0.5259259259259259,7
0,Downtrend / Mid-Vol,30m,135,-0.00023644312202411772,0.0006289927746152557,0.005339254073992792,0.5259259259259259,7
0,Downtrend / Mid-Vol,1h,135,-0.00022663407202342019,0.0008275121050385081,0.007394254986569142,0.5925925925925926,7
0,Downtrend / Mid-Vol,2h,135,-0.00011264854080651682,0.0015015418393762303,0.008686378900361147,0.6296296296296297,7
0,Downtrend / Mid-Vol,4h,135,-0.0010071220308667645,0.00040160796426036427,0.008806024333958749,0.5111111111111111,7
1,Uptrend / Mid-Vol,15m,58,-1.917610170415282e-05,-0.00036471610758503914,0.0038247351807017675,0.3793103448275862,7
1,Uptrend / Mid-Vol,30m,58,-9.89961046372803e-05,-0.0012203619121695652,0.006238809317148275,0.3103448275862069,7
1,Uptrend / Mid-Vol,1h,58,0.0005727494791214482,-0.001777029980743805,0.013621136311497181,0.27586206896551724,7
1,Uptrend / Mid-Vol,2h,58,0.00016527424012170865,-0.002180585841006888,0.019098231299580368,0.1896551724137931,7
1,Uptrend / Mid-Vol,4h,58,-0.001340447249361795,-0.0024796827718329695,0.009740754050089262,0.22413793103448276,7
2,Ranging / Low-Vol,15m,2710,-2.41595248787128e-05,-1.5141203855151275e-06,0.0013063768553081736,0.4977859778597786,7
2,Ranging / Low-Vol,30m,2708,-4.1650005028100294e-05,-5.347076124095906e-06,0.0018364465016845145,0.4944608567208272,7
2,Ranging / Low-Vol,1h,2704,-8.094391117900764e-05,7.417412666299583e-07,0.0027860051466369745,0.5,7
2,Ranging / Low-Vol,2h,2696,-8.590004388561236e-05,-7.612266613143959e-05,0.005796567743249654,0.48293768545994065,7
2,Ranging / Low-Vol,4h,2680,-0.00011281111814223353,-0.00013332776483920838,0.008576294492792612,0.48208955223880595,7
3,Ranging / High-Vol,15m,34,0.0011277009689465304,0.0005300517521016346,0.0141311584252961,0.5882352941176471,7
3,Ranging / High-Vol,30m,34,0.002267129088132085,0.0016718905592911781,0.02108753853518736,0.5294117647058824,7
3,Ranging / High-Vol,1h,34,0.0021351900590104622,0.0006255615795538461,0.02957832386123436,0.5,7
3,Ranging / High-Vol,2h,34,-0.001169888474200644,0.00061343292943139,0.02647832657873034,0.5588235294117647,7
3,Ranging / High-Vol,4h,34,-0.0013323013263290453,-0.0034879326023924406,0.019161314135506383,0.4411764705882353,7
0,Uptrend / Mid-Vol,15m,444,0.0001865475940143786,-0.0004848444098310978,0.005615755294862966,0.4391891891891892,8
0,Uptrend / Mid-Vol,30m,443,0.00023947075009979227,-0.0006061947736686335,0.008465615100646898,0.4672686230248307,8
0,Uptrend / Mid-Vol,1h,441,4.697305314709359e-05,-0.0010660036865957068,0.011597839765136,0.4331065759637188,8
0,Uptrend / Mid-Vol,2h,440,-0.0012688163735626685,-0.001808061959888363,0.01618532229707323,0.44545454545454544,8
0,Uptrend / Mid-Vol,4h,440,-0.002315821922741474,-0.002864464023016211,0.020721806828948468,0.42272727272727273,8
1,Ranging / High-Vol,15m,343,-0.0003006111962686347,-0.00040027062308745087,0.009672290673913293,0.48104956268221577,8
1,Ranging / High-Vol,30m,343,-0.0007623952181372987,-0.0010774513057167923,0.012485043076350356,0.4489795918367347,8
1,Ranging / High-Vol,1h,343,-0.0010991139866001884,-0.0007107226831877256,0.01665511968340153,0.4752186588921283,8
1,Ranging / High-Vol,2h,343,-0.002394954844500895,-0.00010857662673657842,0.019802528629647643,0.49854227405247814,8
1,Ranging / High-Vol,4h,343,-0.0036578982811592423,-0.0043382003623495535,0.026138632756461826,0.43731778425655976,8
2,Downtrend / Mid-Vol,15m,533,-0.0006081915171597177,-0.00034379348571178525,0.006257891754379559,0.4727954971857411,8
2,Downtrend / Mid-Vol,30m,533,-0.0008946281831986169,0.00030617928091736246,0.0090125437736325,0.5140712945590994,8
2,Downtrend / Mid-Vol,1h,533,-0.0018323499946506685,0.0003249370560212128,0.01293011018162609,0.525328330206379,8
2,Downtrend / Mid-Vol,2h,530,-0.00231029220988427,0.000623574642899527,0.018787655963936736,0.5283018867924528,8
2,Downtrend / Mid-Vol,4h,527,-0.004930144162412487,-0.0011882993535703434,0.02546598304991652,0.46110056925996207,8
3,Ranging / Low-Vol,15m,1507,-5.6968598377973596e-05,-4.5621097015668965e-06,0.0014184915391288993,0.49635036496350365,8
3,Ranging / Low-Vol,30m,1506,-0.00014740277007912385,2.1821436991587007e-05,0.002107690176731505,0.5092961487383798,8
3,Ranging / Low-Vol,1h,1504,-0.00025272874554297243,-7.433978898241378e-06,0.0029176317292713364,0.4973404255319149,8
3,Ranging / Low-Vol,2h,1500,-0.0004914689464324625,-8.41652960179573e-05,0.004532515037212362,0.48133333333333334,8
3,Ranging / Low-Vol,4h,1487,-0.0009689933338364897,1.550931023963642e-05,0.00922287538660848,0.5010087424344317,8
0,Ranging / High-Vol,15m,258,-0.00023941692819072158,0.0002618735836934505,0.006673845049139353,0.5193798449612403,9
0,Ranging / High-Vol,30m,258,-0.0002768551171192411,-0.0004225262233052973,0.009013059806529103,0.4883720930232558,9
0,Ranging / High-Vol,1h,258,0.0002448404951731986,0.00025097480803726313,0.01209739073291075,0.5116279069767442,9
0,Ranging / High-Vol,2h,258,0.0012964228071146097,0.000805870446159318,0.01469129048014896,0.5387596899224806,9
0,Ranging / High-Vol,4h,258,0.002437864000081511,0.002237212992235449,0.01763560782179098,0.5697674418604651,9
1,Ranging / Low-Vol,15m,817,8.105395439664057e-05,1.054849538917324e-05,0.003817140608397698,0.5006119951040392,9
1,Ranging / Low-Vol,30m,816,8.212221379351486e-06,-3.719576836225258e-05,0.005499799796354239,0.4950980392156863,9
1,Ranging / Low-Vol,1h,816,-0.0002009056977827669,0.00020373145636742862,0.008637091996246812,0.5110294117647058,9
1,Ranging / Low-Vol,2h,816,-0.0004922596366669112,0.00015388502779867252,0.012746761032024372,0.5147058823529411,9
1,Ranging / Low-Vol,4h,816,-0.000830764707797875,-0.00048327082329802096,0.018033605485492578,0.47181372549019607,9
2,Downtrend / Mid-Vol,15m,1010,-1.4101091678219938e-05,0.000263204417493057,0.0052842659422537705,0.5326732673267327,9
2,Downtrend / Mid-Vol,30m,1010,0.00013627495813732968,0.00042881902880509415,0.00703223611634373,0.5445544554455446,9
2,Downtrend / Mid-Vol,1h,1010,0.00046164382720289675,0.0008975927358951807,0.009597396203939438,0.5643564356435643,9
2,Downtrend / Mid-Vol,2h,1008,0.0005303089476404147,0.001262594654833471,0.012889438657101153,0.5625,9
2,Downtrend / Mid-Vol,4h,1000,0.0013177548687470218,0.001720283717948412,0.017645365133358775,0.558,9
3,Uptrend / Mid-Vol,15m,890,-8.298762905954856e-05,-0.00026115754600120056,0.004374699350774339,0.47752808988764045,9
3,Uptrend / Mid-Vol,30m,890,-0.0002707697246960498,-0.00040016981572854604,0.00646989773079259,0.46292134831460674,9
3,Uptrend / Mid-Vol,1h,888,-0.0008020047760813957,-0.0012041980609396319,0.009397173085554489,0.40765765765765766,9
3,Uptrend / Mid-Vol,2h,886,-0.0013586142953367843,-0.0023399977772893266,0.012972591524725189,0.39164785553047404,9
3,Uptrend / Mid-Vol,4h,886,-0.003098254376762363,-0.00437334556267821,0.018484220466400244,0.35891647855530473,9
0,Ranging / Low-Vol,15m,2473,-3.483031483105017e-05,5.9058522795751855e-05,0.002157093633702116,0.5171856045289123,10
0,Ranging / Low-Vol,30m,2472,-5.01986750547924e-05,0.0,0.0033049577847844465,0.49919093851132684,10
0,Ranging / Low-Vol,1h,2470,-0.00010359384440989138,1.771654849846982e-05,0.004949501778539951,0.5060728744939271,10
0,Ranging / Low-Vol,2h,2466,-0.000231066430836483,2.088989343107528e-05,0.007033611667954558,0.5028386050283861,10
0,Ranging / Low-Vol,4h,2458,-0.0003900793308417383,-7.974707819258242e-05,0.009967797748614577,0.4918633034987795,10
1,Ranging / High-Vol,15m,69,-0.000302771267483263,0.00023905879252517082,0.004006659980394264,0.5362318840579711,10
1,Ranging / High-Vol,30m,69,-0.0005173785817659115,-7.767917641032795e-05,0.005580050379420854,0.4927536231884058,10
1,Ranging / High-Vol,1h,69,-0.0003394536841364448,-0.00011192004443749681,0.005519267208469447,0.4782608695652174,10
1,Ranging / High-Vol,2h,69,-0.00046798560248310775,-0.0004951984489132144,0.005739509870101441,0.463768115942029,10
1,Ranging / High-Vol,4h,69,-0.0017182209298729875,-0.0011600612132127708,0.006996101190744067,0.463768115942029,10
2,Downtrend / Mid-Vol,15m,241,6.782818623800341e-05,0.00046280389861941273,0.003334789386361253,0.5892116182572614,10
2,Downtrend / Mid-Vol,30m,241,0.0002109853023109728,0.0006353258385711769,0.004203433232057747,0.5892116182572614,10
2,Downtrend / Mid-Vol,1h,241,0.0003513873816548225,0.000897809116594317,0.005391903447396131,0.6265560165975104,10
2,Downtrend / Mid-Vol,2h,241,0.0005161268686552094,0.0011977134166603065,0.006184916050632029,0.6099585062240664,10
2,Downtrend / Mid-Vol,4h,241,-0.0001568434413789494,0.001080199329406284,0.008782239910778577,0.5850622406639004,10
3,Uptrend / Mid-Vol,15m,192,8.765285182155136e-05,-0.0002662147278389426,0.0040191798490342495,0.4479166666666667,10
3,Uptrend / Mid-Vol,30m,192,-0.00020460231261890116,-0.0003709518606154205,0.004348772393540879,0.4375,10
3,Uptrend / Mid-Vol,1h,192,-0.0005345893400695209,-0.0006292010677579896,0.0048611224643453285,0.4114583333333333,10
3,Uptrend / Mid-Vol,2h,192,-0.0005126508258056309,-0.0007797554631832071,0.005723704153649108,0.4322916666666667,10
3,Uptrend / Mid-Vol,4h,192,-0.00011565461695258368,-0.0002754209469113533,0.008096372396029738,0.484375,10
0,Downtrend / Mid-Vol,15m,173,-0.0002632993797811401,0.00040778541427854975,0.005635804659921197,0.5722543352601156,11
0,Downtrend / Mid-Vol,30m,173,-9.752861939511089e-06,0.0003976422208076258,0.006192028199063805,0.5549132947976878,11
0,Downtrend / Mid-Vol,1h,173,0.00010980089095084871,0.0006485823444855043,0.007085788308181741,0.5722543352601156,11
0,Downtrend / Mid-Vol,2h,173,0.00019370051632157246,0.0018533338454673753,0.011736419321221792,0.6473988439306358,11
0,Downtrend / Mid-Vol,4h,173,0.0012293065942841409,0.0023728250158772113,0.013661559900922953,0.6878612716763006,11
1,Ranging / High-Vol,15m,33,-0.00030293367303562405,-0.0003572066478412239,0.004751712244878579,0.48484848484848486,11
1,Ranging / High-Vol,30m,33,-0.0005536359422862778,-0.0006193091373578596,0.005870214829939183,0.45454545454545453,11
1,Ranging / High-Vol,1h,33,5.650450531711406e-08,0.0004018869603505948,0.006840353311288269,0.5151515151515151,11
1,Ranging / High-Vol,2h,33,0.00057586189606184,0.001777277569933844,0.009451281551173226,0.6666666666666666,11
1,Ranging / High-Vol,4h,33,0.001525977081224897,0.0013315739191313014,0.009562260511545032,0.5757575757575758,11
2,Ranging / Low-Vol,15m,2257,2.0361111256924192e-05,3.534746559097357e-05,0.001428010449516927,0.5104120513956579,11
2,Ranging / Low-Vol,30m,2256,1.293356687043814e-05,9.38297979953262e-05,0.0025054425534314795,0.5274822695035462,11
2,Ranging / Low-Vol,1h,2254,5.966506219902177e-05,0.0001730402747668336,0.00396908264239829,0.531055900621118,11
2,Ranging / Low-Vol,2h,2250,0.00021043466884274566,0.00020901737005019072,0.006019678302026411,0.5306666666666666,11
2,Ranging / Low-Vol,4h,2242,0.00046311235060463827,0.00030139992265265647,0.0098341927981586,0.5374665477252453,11
3,Uptrend / Mid-Vol,15m,224,0.0005105581817348119,0.00013925757147070783,0.0043139722571778226,0.53125,11
3,Uptrend / Mid-Vol,30m,224,0.0009037740673523142,7.245205114791986e-05,0.006349921641197465,0.5267857142857143,11
3,Uptrend / Mid-Vol,1h,224,0.0012076984179764264,-0.000162552493033985,0.008403078512603608,0.47767857142857145,11
3,Uptrend / Mid-Vol,2h,224,0.0014904743707707033,0.0002585800635461766,0.009545472361219205,0.5044642857142857,11
3,Uptrend / Mid-Vol,4h,224,0.0020524481512783394,-0.0006207529852382265,0.01112021939669539,0.4330357142857143,11
0,Ranging / High-Vol,15m,7,0.0026879211675220815,0.0032102594261189665,0.004872300716574169,0.7142857142857143,12
0,Ranging / High-Vol,30m,7,0.002389264803717341,0.0011736081192879055,0.006309658529152997,0.5714285714285714,12
0,Ranging / High-Vol,1h,7,0.000870668819350178,-0.001259659451491757,0.0064017376495186275,0.2857142857142857,12
0,Ranging / High-Vol,2h,7,0.0033726791276088414,0.002285086205274567,0.006008809897778484,0.7142857142857143,12
0,Ranging / High-Vol,4h,7,0.0047492984878445554,0.004731026749789535,0.005098939912836421,0.8571428571428571,12
1,Ranging / Low-Vol,15m,2611,3.332296211533478e-05,3.485517674484129e-05,0.001209557979080577,0.5166602834163155,12
1,Ranging / Low-Vol,30m,2610,4.77838216239658e-05,6.816994600278292e-05,0.0016809241572536154,0.5172413793103449,12
1,Ranging / Low-Vol,1h,2608,0.0001009798327936541,9.481518601539562e-05,0.002421391089514254,0.5218558282208589,12
1,Ranging / Low-Vol,2h,2602,0.00018866656405133872,0.00021858850392497686,0.0035842133046456127,0.5353574173712529,12
1,Ranging / Low-Vol,4h,2586,0.00040219680050524224,0.0005047108536420097,0.0049356305170703794,0.5696055684454756,12
2,Uptrend / Mid-Vol,15m,139,-0.0001236166290010186,-7.466447650372743e-06,0.002947868029288016,0.4892086330935252,12
2,Uptrend / Mid-Vol,30m,139,6.918136900223654e-05,-0.00018312752160731804,0.0036979154820327037,0.4748201438848921,12
2,Uptrend / Mid-Vol,1h,139,-7.774580317789387e-07,8.297276789726027e-05,0.004402257213854409,0.5179856115107914,12
2,Uptrend / Mid-Vol,2h,139,-0.00028918147054413887,-0.00045742167451479077,0.004767920946312101,0.460431654676259,12
2,Uptrend / Mid-Vol,4h,139,-0.0006090572098901269,-0.0007393457127520264,0.006846072555167321,0.37410071942446044,12
3,Downtrend / Mid-Vol,15m,170,-0.00019053868681966478,2.927802656316203e-05,0.00290669081581495,0.5,12
3,Downtrend / Mid-Vol,30m,169,-0.0002230588857628748,0.0006361331495536859,0.003834525763387835,0.5502958579881657,12
3,Downtrend / Mid-Vol,1h,167,-0.00023205490740977724,0.00043366080963203046,0.004809125676306043,0.5748502994011976,12
3,Downtrend / Mid-Vol,2h,165,4.486676307263165e-05,0.0005215927968862388,0.005266328136682097,0.5696969696969697,12
3,Downtrend / Mid-Vol,4h,165,0.00019505679418827527,0.000864480026043779,0.005800594571443622,0.5818181818181818,12
0,Ranging / Low-Vol,15m,1710,9.366971595888236e-05,5.932639382422167e-05,0.0021015434480911106,0.5157894736842106,13
0,Ranging / Low-Vol,30m,1709,0.0002190739791268766,8.64625899463789e-05,0.0032495391169448857,0.5231129315389117,13
0,Ranging / Low-Vol,1h,1707,0.000487105606292863,0.00030958445570306026,0.0058612353463165946,0.539543057996485,13
0,Ranging / Low-Vol,2h,1703,0.0010328133640101057,0.0007125303437263142,0.008688090530027242,0.5725190839694656,13
0,Ranging / Low-Vol,4h,1695,0.0018102211414467101,0.0012274980031605764,0.012144929350469187,0.6023598820058997,13
1,Uptrend / Mid-Vol,15m,570,0.00013522973312022794,0.00010948640843633228,0.0032570904682187414,0.5228070175438596,13
1,Uptrend / Mid-Vol,30m,570,0.00020736574244991314,-1.7192078585637205e-05,0.004561843138491845,0.4982456140350877,13
1,Uptrend / Mid-Vol,1h,570,0.0003029490150234169,-8.633614896247366e-05,0.006677948049006342,0.49473684210526314,13
1,Uptrend / Mid-Vol,2h,570,0.00029584872669074396,-0.00021875664830517394,0.00985181325563544,0.48771929824561405,13
1,Uptrend / Mid-Vol,4h,570,7.80513502816174e-05,-4.783556346588114e-05,0.01567003752774488,0.49298245614035086,13
2,Downtrend / Mid-Vol,15m,472,-0.00011795405057342601,0.00043284134077659076,0.003747542046092867,0.5466101694915254,13
2,Downtrend / Mid-Vol,30m,472,-0.00019723678316788918,0.0006278807155783994,0.005541021840759228,0.5529661016949152,13
2,Downtrend / Mid-Vol,1h,472,-0.00014961679484592097,0.0008607716211370686,0.0068591449575054276,0.5720338983050848,13
2,Downtrend / Mid-Vol,2h,472,-0.00019588513499008047,0.0009011570995367535,0.008173366345199176,0.586864406779661,13
2,Downtrend / Mid-Vol,4h,472,0.0007743803546509612,0.002181170462511872,0.01045805333473671,0.6271186440677966,13
3,Ranging / High-Vol,15m,127,0.0006194792902646651,0.0015551076817708065,0.009233185641420118,0.5511811023622047,13
3,Ranging / High-Vol,30m,127,0.000977595838754518,0.002046849859686617,0.011760704747288069,0.5748031496062992,13
3,Ranging / High-Vol,1h,127,0.0007911169272803062,0.001912723380943504,0.014027199593875602,0.5984251968503937,13
3,Ranging / High-Vol,2h,127,0.001774998515242021,0.0033364733667138324,0.018562594964767042,0.6377952755905512,13
3,Ranging / High-Vol,4h,127,0.004708776247745512,0.005978208139881147,0.018334334676302074,0.6614173228346457,13
0,Ranging / Low-Vol,15m,833,7.645564023123653e-05,9.550678058545259e-05,0.00229713025697951,0.5234093637454982,14
0,Ranging / Low-Vol,30m,833,0.00016935955982725815,0.00018301132106834928,0.0035727595070068232,0.531812725090036,14
0,Ranging / Low-Vol,1h,833,0.0005653272025085613,0.00029225596834869805,0.0059674861920422755,0.5378151260504201,14
0,Ranging / Low-Vol,2h,831,0.0013553139629415188,0.0004285378510466842,0.009525694159978799,0.5415162454873647,14
0,Ranging / Low-Vol,4h,830,0.0032123136735921396,0.0010106464204762133,0.014261293228813482,0.5686746987951807,14
1,Downtrend / Mid-Vol,15m,731,2.667464136719789e-05,0.0003110174473359706,0.0038559938576601246,0.5362517099863201,14
1,Downtrend / Mid-Vol,30m,730,0.00012772719761572942,0.0008010523078061382,0.005755473374884654,0.5835616438356165,14
1,Downtrend / Mid-Vol,1h,728,0.00024249746687452403,0.0012894941742809252,0.00829193176869798,0.6043956043956044,14
1,Downtrend / Mid-Vol,2h,728,0.0007383826271967673,0.0019229420734427904,0.011569401698133213,0.6112637362637363,14
1,Downtrend / Mid-Vol,4h,728,0.001788531250755412,0.0026654599361970455,0.016465046729015637,0.625,14
2,Uptrend / Mid-Vol,15m,971,0.0002986501577794339,0.00013538578199145945,0.003898822102376177,0.5118434603501545,14
2,Uptrend / Mid-Vol,30m,970,0.0004880441037481665,0.00013616774035085655,0.005703182551477721,0.5144329896907216,14
2,Uptrend / Mid-Vol,1h,968,0.001103555540323526,0.00017021633196190322,0.008359165945201549,0.512396694214876,14
2,Uptrend / Mid-Vol,2h,966,0.0016258598595950034,0.0005212934493643573,0.011881973974562823,0.5227743271221532,14
2,Uptrend / Mid-Vol,4h,955,0.0022948332585942225,0.001216212157633123,0.016115818413723684,0.5445026178010471,14
3,Ranging / High-Vol,15m,376,0.00018154993096556067,0.0009494604708395471,0.008511086854565308,0.5372340425531915,14
3,Ranging / High-Vol,30m,376,0.00047429062391602067,0.001089180985082372,0.010958930182474973,0.5425531914893617,14
3,Ranging / High-Vol,1h,376,0.00018321126057239454,0.000758236069213325,0.01355201714444054,0.5292553191489362,14
3,Ranging / High-Vol,2h,372,0.000889532292162776,0.0027527870925760922,0.01735907803234052,0.5752688172043011,14
3,Ranging / High-Vol,4h,368,0.002521126260008106,0.003588832567471556,0.023630984850620373,0.5896739130434783,14
0,Downtrend / Mid-Vol,15m,716,-0.00010048528910601033,0.0003427830798825582,0.004508315057028855,0.526536312849162,15
0,Downtrend / Mid-Vol,30m,715,-0.00013290658198459828,0.00042993505123156694,0.006574267851032509,0.5244755244755245,15
0,Downtrend / Mid-Vol,1h,713,0.0003117721061587062,0.0010298062325979629,0.009684427779597353,0.5694249649368864,15
0,Downtrend / Mid-Vol,2h,710,0.0013622177057973992,0.002383243923281597,0.013554496888488164,0.6098591549295774,15
0,Downtrend / Mid-Vol,4h,708,0.002262528802832399,0.004043280323037024,0.017970110614939618,0.6370056497175142,15
1,Ranging / Low-Vol,15m,727,0.0001920750780477716,0.00013833155751896697,0.00244529614494272,0.5447042640990372,15
1,Ranging / Low-Vol,30m,727,0.00042497551420486956,0.0002198146006442414,0.003708615818384011,0.5447042640990372,15
1,Ranging / Low-Vol,1h,727,0.0008271389692876037,0.00042288880407070906,0.005479203326842554,0.546079779917469,15
1,Ranging / Low-Vol,2h,727,0.0015559608804380518,0.0008938780214506892,0.008052287082395446,0.5667125171939478,15
1,Ranging / Low-Vol,4h,727,0.0035528080925207213,0.001910958241873928,0.012870684923477567,0.594222833562586,15
2,Ranging / High-Vol,15m,428,2.993062442971191e-05,0.0009295599251162301,0.012386321487018143,0.5373831775700935,15
2,Ranging / High-Vol,30m,427,0.00015650345297481627,0.0016261954866561013,0.014655306812284356,0.5362997658079626,15
2,Ranging / High-Vol,1h,425,-8.272565037331791e-05,0.001415206946795422,0.02082126648563724,0.5388235294117647,15
2,Ranging / High-Vol,2h,423,-0.001337747581814811,-7.920226109447981e-05,0.0279849866181753,0.49645390070921985,15
2,Ranging / High-Vol,4h,423,-0.0037200880977583347,-0.001724428284795465,0.032955674196599075,0.4515366430260047,15
3,Uptrend / Mid-Vol,15m,976,0.00016356308768486803,4.848145565627959e-05,0.0038989242239668704,0.5081967213114754,15
3,Uptrend / Mid-Vol,30m,976,0.00022271902824409887,-1.741677654987228e-05,0.0054285532301512635,0.4979508196721312,15
3,Uptrend / Mid-Vol,1h,976,0.0002217204478304639,-0.0001788755320344393,0.007351330692183343,0.48770491803278687,15
3,Uptrend / Mid-Vol,2h,973,0.0005947996573000692,-6.530686063399571e-05,0.010837073487902058,0.49743062692702983,15
3,Uptrend / Mid-Vol,4h,959,0.0020324868676298248,0.0010577226227379555,0.017296498551198466,0.5391032325338895,15
0,Uptrend / Mid-Vol,15m,907,-8.37112941000088e-05,-0.0002932161711388659,0.004763697047594503,0.46085997794928335,16
0,Uptrend / Mid-Vol,30m,906,-0.0003443982482281438,-0.0005887852068839905,0.006860799559035658,0.4326710816777042,16
0,Uptrend / Mid-Vol,1h,905,-0.0008467889954660036,-0.0008829742140825658,0.009123141024154378,0.4265193370165746,16
0,Uptrend / Mid-Vol,2h,905,-0.0017191332982814075,-0.001261581051059224,0.01408516896074606,0.41878453038674035,16
0,Uptrend / Mid-Vol,4h,898,-0.003019326649256961,-0.0024745559624657076,0.01914098713102645,0.4053452115812918,16
1,Downtrend / Mid-Vol,15m,944,-0.00022246348191009324,3.2192710435197114e-05,0.005244185572376982,0.503177966101695,16
1,Downtrend / Mid-Vol,30m,944,-0.00027623365848710997,0.0003359049489546351,0.007726261148026904,0.524364406779661,16
1,Downtrend / Mid-Vol,1h,944,-0.0006972735883020418,0.0005451996718699448,0.011477285475265043,0.5296610169491526,16
1,Downtrend / Mid-Vol,2h,942,-0.0015194213410236845,0.0004461279804921503,0.015666937270125934,0.5127388535031847,16
1,Downtrend / Mid-Vol,4h,942,-0.002330162983122347,-0.00046350735358302586,0.021093723324307142,0.4840764331210191,16
2,Ranging / High-Vol,15m,604,0.00031527088241005153,0.00012974077955352215,0.00750662443525297,0.5099337748344371,16
2,Ranging / High-Vol,30m,604,0.0006490386588549557,0.0003237571842120701,0.010579845920970759,0.5082781456953642,16
2,Ranging / High-Vol,1h,604,0.0015543425004492758,0.0012957674796760799,0.01445830803044483,0.5579470198675497,16
2,Ranging / High-Vol,2h,604,0.0031633191642288167,0.0012818706314456918,0.018860870529380104,0.5513245033112583,16
2,Ranging / High-Vol,4h,604,0.0047777350019951054,0.0038022936752666325,0.025748644418645873,0.5860927152317881,16
3,Ranging / Low-Vol,15m,520,1.521248304602233e-05,4.218435081959626e-05,0.0034923061718070427,0.5057692307692307,16
3,Ranging / Low-Vol,30m,520,2.7964353163938244e-06,0.00023220652555444588,0.005264055263484736,0.5269230769230769,16
3,Ranging / Low-Vol,1h,519,0.000220033298456567,0.00017807452363527432,0.00803739201782927,0.5086705202312138,16
3,Ranging / Low-Vol,2h,517,0.000619765852890052,0.0005554290653613236,0.011419351028608235,0.5493230174081238,16
3,Ranging / Low-Vol,4h,516,0.0008884980194970507,0.0011745178257909217,0.016660981785345735,0.560077519379845,16
0,Uptrend / Mid-Vol,15m,775,7.604582732698319e-05,9.543674011069925e-07,0.0037906926169875388,0.5006451612903225,17
0,Uptrend / Mid-Vol,30m,775,9.671354168218036e-05,-0.0001770084470855693,0.0055461664017204156,0.47870967741935483,17
0,Uptrend / Mid-Vol,1h,774,0.00014133184345741236,-0.0005051806543105997,0.00793828262744021,0.4496124031007752,17
0,Uptrend / Mid-Vol,2h,770,0.00041199806833676887,-0.0005111684232046443,0.010567334718659607,0.45454545454545453,17
0,Uptrend / Mid-Vol,4h,763,0.0003538324866556464,-0.0003862958274805095,0.01504401759730775,0.48623853211009177,17
1,Ranging / Low-Vol,15m,1206,-5.337560013526603e-05,-0.00011333480639219573,0.001978078875155021,0.478441127694859,17
1,Ranging / Low-Vol,30m,1205,-0.0001325041435818314,-0.0001712918964322796,0.0032240799289069088,0.4738589211618257,17
1,Ranging / Low-Vol,1h,1204,-0.0002796425623801054,-0.00033664545558753645,0.00524580332372252,0.4568106312292359,17
1,Ranging / Low-Vol,2h,1204,-0.00036481679704115195,-0.0005202608961951682,0.008856098212427783,0.46096345514950166,17
1,Ranging / Low-Vol,4h,1204,-0.0004967625741780424,-0.000440045609452433,0.01241007310724622,0.47674418604651164,17
2,Ranging / High-Vol,15m,168,0.00019249111073572052,0.0002317922914309989,0.005313603338597519,0.5297619047619048,17
2,Ranging / High-Vol,30m,168,0.00029632933802640576,3.0634639331950098e-06,0.006746588810464778,0.5,17
2,Ranging / High-Vol,1h,168,0.0009879236804989418,0.0011386493178049406,0.007925375081065632,0.5833333333333334,17
2,Ranging / High-Vol,2h,168,0.0006495681949491704,0.0010050922860243006,0.010225952690585967,0.5654761904761905,17
2,Ranging / High-Vol,4h,168,0.0011547021497482848,0.0018081452173133172,0.013724917045936815,0.5833333333333334,17
3,Downtrend / Mid-Vol,15m,770,-0.00010156095415322003,0.00021952720900841882,0.004041479963918584,0.5337662337662338,17
3,Downtrend / Mid-Vol,30m,769,-7.620811692793635e-05,0.00030998754020927777,0.005662771921795604,0.5344603381014305,17
3,Downtrend / Mid-Vol,1h,767,-0.00015217173363100414,0.0007996861751955464,0.007533916625011637,0.5632333767926988,17
3,Downtrend / Mid-Vol,2h,763,-0.000369276321509608,0.0005682861208757828,0.010296639549568743,0.54521625163827,17
3,Downtrend / Mid-Vol,4h,754,-0.0006176710605842469,-0.00012547445570199045,0.014468694721858863,0.493368700265252,17
0,Uptrend / Mid-Vol,15m,508,0.00016987377999419845,-0.00040299177473990255,0.0032570981581925753,0.4409448818897638,18
0,Uptrend / Mid-Vol,30m,507,0.00020752955033666607,-0.0005103819797156461,0.004420786100566386,0.4339250493096647,18
0,Uptrend / Mid-Vol,1h,505,0.00029655684817011727,-0.0008726423317408916,0.006310163435254249,0.42178217821782177,18
0,Uptrend / Mid-Vol,2h,501,0.0006934231767750462,-0.0008145279856179855,0.008466192777043687,0.4351297405189621,18
0,Uptrend / Mid-Vol,4h,500,0.001175154535015679,-0.0006807601782368167,0.013505160848304127,0.46,18
1,Ranging / Low-Vol,15m,1719,-7.743995724010976e-05,-0.00012106483922735833,0.001828930638203508,0.4630599185573008,18
1,Ranging / Low-Vol,30m,1719,-0.00013788076708642596,-0.00012801945080553878,0.002779710868296151,0.4741128563118092,18
1,Ranging / Low-Vol,1h,1719,-0.00020053097782253253,-0.0001857928764952277,0.004067283311658775,0.462478184991274,18
1,Ranging / Low-Vol,2h,1719,-0.00044950061603916275,-0.00044410872471267737,0.006091941395036847,0.44269924374636416,18
1,Ranging / Low-Vol,4h,1719,-0.0010311779540165393,-0.0007003607436590897,0.009019748037739427,0.4409540430482839,18
2,Ranging / High-Vol,15m,113,-0.0006096928030066655,0.00049838700413396,0.014321510690061778,0.5575221238938053,18
2,Ranging / High-Vol,30m,113,-0.00021370723098108928,0.0013346685214674636,0.015205395169058562,0.5752212389380531,18
2,Ranging / High-Vol,1h,113,1.1507768095374501e-06,0.0016958832827285164,0.02117041488871558,0.5929203539823009,18
2,Ranging / High-Vol,2h,113,0.0013773584477543013,-0.000502850413825584,0.019129964416051977,0.48672566371681414,18
2,Ranging / High-Vol,4h,113,0.0007694449489474645,0.001898049474377217,0.020894301120791367,0.5398230088495575,18
3,Downtrend / Mid-Vol,15m,539,-5.944774499964952e-05,0.0001353672261092953,0.0036760979289597465,0.5231910946196661,18
3,Downtrend / Mid-Vol,30m,539,-0.00026348921975158157,0.00025810819015781306,0.006249516411176951,0.5269016697588126,18
3,Downtrend / Mid-Vol,1h,539,-0.0007645930475026696,0.000286458348108809,0.009331952901713505,0.5343228200371057,18
3,Downtrend / Mid-Vol,2h,539,-0.0017864077350004618,0.0004599367668038923,0.016814426911488354,0.5324675324675324,18
3,Downtrend / Mid-Vol,4h,532,-0.0026317493946354355,-3.090624944857012e-05,0.021025464023897787,0.5,18
0,Ranging / Low-Vol,15m,1676,-7.54017164463194e-05,-3.115775777207119e-05,0.0018917633702990667,0.48747016706443913,19
0,Ranging / Low-Vol,30m,1675,-0.00015426167141449162,-2.795973555258513e-05,0.002814333650974065,0.4955223880597015,19
0,Ranging / Low-Vol,1h,1673,-0.0002851040401412005,-0.00016112400138013072,0.004032097721622936,0.4793783622235505,19
0,Ranging / Low-Vol,2h,1673,-0.0005231762626408757,-6.609945326196964e-05,0.006385726547049651,0.49252839210998206,19
0,Ranging / Low-Vol,4h,1672,-0.0007601318192625086,-0.00020521340477674954,0.009939094716568899,0.4880382775119617,19
1,Uptrend / Mid-Vol,15m,475,0.0003321301009221556,-0.0001488150153470258,0.003956345872374745,0.48,19
1,Uptrend / Mid-Vol,30m,475,0.0007939713298443028,1.3178300610761084e-05,0.006733804364035388,0.5031578947368421,19
1,Uptrend / Mid-Vol,1h,475,0.0014197154073599038,-0.0004230825859874443,0.010864043305716551,0.4589473684210526,19
1,Uptrend / Mid-Vol,2h,475,0.003222296650377638,-0.0007998268691231658,0.019762324249973783,0.45473684210526316,19
1,Uptrend / Mid-Vol,4h,475,0.005715629556623145,-0.0011223645655888959,0.028534457040830408,0.4357894736842105,19
2,Downtrend / Mid-Vol,15m,655,-5.6855795763310054e-05,1.9302876610893804e-05,0.00356713866419842,0.5053435114503817,19
2,Downtrend / Mid-Vol,30m,655,-4.84173919711991e-05,0.0001707864991367103,0.004712702999812826,0.5282442748091603,19
2,Downtrend / Mid-Vol,1h,655,-5.9826918967819883e-05,0.0004693222056566526,0.006629502201843698,0.5587786259541985,19
2,Downtrend / Mid-Vol,2h,651,5.5134015393510445e-05,0.0004002260891677878,0.00897951270779921,0.5453149001536098,19
2,Downtrend / Mid-Vol,4h,644,-0.00022304927512080503,-0.00011016717954603905,0.011030963072093761,0.4953416149068323,19
3,Ranging / High-Vol,15m,169,0.000646116786517295,-0.0007651609544048199,0.011079907117961155,0.42011834319526625,19
3,Ranging / High-Vol,30m,169,0.0007271538207945905,-0.0007887833506252662,0.014781991441062556,0.4556213017751479,19
3,Ranging / High-Vol,1h,169,0.0015787070013019227,-0.0003257365787447952,0.0190219786037491,0.47337278106508873,19
3,Ranging / High-Vol,2h,169,0.0008558116191243552,0.0002686764113377649,0.01845381040222418,0.514792899408284,19
3,Ranging / High-Vol,4h,169,0.0012575446007331247,-0.001266925112718198,0.023544297963591455,0.47928994082840237,19
0,Downtrend / Mid-Vol,15m,577,-0.0003274387493320731,6.813468526623012e-05,0.003718018016126519,0.512998266897747,20
0,Downtrend / Mid-Vol,30m,577,-0.0005420802254045715,9.041897900452511e-05,0.005306567637149018,0.5077989601386482,20
0,Downtrend / Mid-Vol,1h,577,-0.0007708684022900729,0.0003034018278125217,0.007743150535129406,0.5355285961871751,20
0,Downtrend / Mid-Vol,2h,577,-0.0016154244579596588,-7.145864614166442e-05,0.010531838388850193,0.49740034662045063,20
0,Downtrend / Mid-Vol,4h,568,-0.0035045686432730715,-0.0005351588321351741,0.014163076883008557,0.45598591549295775,20
1,Uptrend / Mid-Vol,15m,422,-6.134621545839419e-05,-0.00038078372323635534,0.0035664020075161272,0.4431279620853081,20
1,Uptrend / Mid-Vol,30m,422,-0.00015535666625166297,-0.00047205793562632437,0.004955951328996375,0.4218009478672986,20
1,Uptrend / Mid-Vol,1h,422,-0.0004119972752989076,-0.0008381870438158856,0.006904283144520974,0.4099526066350711,20
1,Uptrend / Mid-Vol,2h,419,-0.00023550351614955132,-0.0012696370147047276,0.009909235394824408,0.4200477326968974,20
1,Uptrend / Mid-Vol,4h,415,-0.00034674477892382535,-0.002157697902786637,0.013748106712955238,0.38072289156626504,20
2,Ranging / High-Vol,15m,128,0.0004010561404208246,0.00019861067509374664,0.0060427221241521065,0.515625,20
2,Ranging / High-Vol,30m,127,0.0007592298664928529,0.00044414992679975285,0.008349148898602061,0.5275590551181102,20
2,Ranging / High-Vol,1h,125,0.001761455006811161,0.0002554292769509914,0.010894364529777618,0.512,20
2,Ranging / High-Vol,2h,121,0.004321037217835393,0.0012476427168603976,0.014786218378889406,0.5950413223140496,20
2,Ranging / High-Vol,4h,120,0.008888411656794437,0.0031122265471177357,0.01782775753808617,0.65,20
3,Ranging / Low-Vol,15m,1687,-1.9988886749640187e-05,3.997525856114237e-05,0.0017376772210175695,0.5085951393005335,20
3,Ranging / Low-Vol,30m,1685,-6.246652266520511e-05,-2.1871644070969865e-05,0.0026198591157488367,0.49614243323442137,20
3,Ranging / Low-Vol,1h,1681,-0.00019426629832056211,-8.880589381021764e-05,0.0038951309430617764,0.4860202260559191,20
3,Ranging / Low-Vol,2h,1676,-0.000587366298041279,-0.0001270768005037226,0.0057883393515662795,0.4797136038186158,20
3,Ranging / Low-Vol,4h,1666,-0.0012216701010646987,-0.00038822043630126757,0.008200415815582967,0.4723889555822329,20
0,Downtrend / Mid-Vol,15m,527,-0.00024026547968266645,0.000115147834867102,0.0033626712177856227,0.5142314990512334,21
0,Downtrend / Mid-Vol,30m,527,-0.0002462554565769538,0.00023407658667196074,0.004341511302409198,0.5351043643263758,21
0,Downtrend / Mid-Vol,1h,527,-7.090997893776575e-05,0.0003623060136117573,0.005607171836195695,0.5578747628083491,21
0,Downtrend / Mid-Vol,2h,527,0.00021421422748382416,0.0007289791704518933,0.006960689438743094,0.5901328273244781,21
0,Downtrend / Mid-Vol,4h,527,-2.6055331869741525e-06,0.001160270666337837,0.009150842141793541,0.5673624288425048,21
1,Ranging / Low-Vol,15m,1937,2.284857740197548e-05,1.4563431355085754e-05,0.0019163878550978676,0.5033557046979866,21
1,Ranging / Low-Vol,30m,1936,-2.387084137420927e-05,8.849874442162786e-06,0.0028573923541523358,0.5036157024793388,21
1,Ranging / Low-Vol,1h,1934,-0.00010951399569549396,7.435410411193999e-05,0.004163298409930145,0.5149948293691831,21
1,Ranging / Low-Vol,2h,1930,-0.0003626931840065902,-2.4254120865485618e-05,0.005951266608539822,0.4958549222797927,21
1,Ranging / Low-Vol,4h,1922,-0.0005226353841065158,-0.0002148572648827951,0.007902299855446212,0.48126951092611864,21
2,Ranging / High-Vol,15m,94,-0.0002218682950284955,-1.367655839956683e-05,0.005136878505794113,0.5,21
2,Ranging / High-Vol,30m,94,-9.556911812992176e-05,-0.00014609353238714817,0.007098906389004719,0.46808510638297873,21
2,Ranging / High-Vol,1h,94,0.0008348286749909783,0.0002928779439050899,0.01043633245367917,0.5531914893617021,21
2,Ranging / High-Vol,2h,94,0.0018049796461233826,0.0012127847324121532,0.01431749564588505,0.5638297872340425,21
2,Ranging / High-Vol,4h,94,0.0016960649737424857,0.00037779441205376685,0.016794344169560774,0.5106382978723404,21
3,Uptrend / Mid-Vol,15m,417,0.00014668252483386943,-0.00016808088091480045,0.0035790117545729445,0.4748201438848921,21
3,Uptrend / Mid-Vol,30m,417,0.0002468433486565295,-0.00010174147499952824,0.004915351157419989,0.4892086330935252,21
3,Uptrend / Mid-Vol,1h,417,2.165048278747043e-05,-0.00037257590618366976,0.0062487703669436056,0.47002398081534774,21
3,Uptrend / Mid-Vol,2h,417,0.0003405108673397147,-0.00018180165489667388,0.008928747162671401,0.47721822541966424,21
3,Uptrend / Mid-Vol,4h,417,0.0009737027390119835,-0.0004170431700121213,0.014866145080411992,0.4748201438848921,21
0,Downtrend / Mid-Vol,15m,688,-1.8224481089978724e-05,0.00022548511515285696,0.0033943674875356847,0.5247093023255814,22
0,Downtrend / Mid-Vol,30m,688,9.926442213912153e-05,0.00019175127799542224,0.004761309242649879,0.5232558139534884,22
0,Downtrend / Mid-Vol,1h,688,0.0002314935475735149,0.0004551451485950153,0.006581896313633394,0.5319767441860465,22
0,Downtrend / Mid-Vol,2h,688,0.0007328509418269646,0.0006103485549129317,0.009179821194721962,0.5348837209302325,22
0,Downtrend / Mid-Vol,4h,688,0.0015597055637776955,0.001195196379808472,0.012386809594014888,0.5726744186046512,22
1,Ranging / Low-Vol,15m,1488,1.6350543127136555e-05,1.623463330435726e-05,0.001798970237625697,0.5033602150537635,22
1,Ranging / Low-Vol,30m,1487,3.0285481583899067e-05,8.393315568433479e-05,0.002607638795116608,0.5218560860793544,22
1,Ranging / Low-Vol,1h,1487,0.0002247975287471565,0.0001333814234332209,0.004115161524570433,0.5218560860793544,22
1,Ranging / Low-Vol,2h,1487,0.000596886934273034,0.0002513678804891839,0.006665617336614306,0.527236045729657,22
1,Ranging / Low-Vol,4h,1481,0.001172124643117497,0.0008920145384543332,0.01004501396889476,0.5584064821066846,22
2,Ranging / High-Vol,15m,119,0.00010241504840746147,-0.0002239056620165769,0.0049604558275506295,0.48739495798319327,22
2,Ranging / High-Vol,30m,119,0.00023326661851474356,0.0002175828867425622,0.006390229955515416,0.5126050420168067,22
2,Ranging / High-Vol,1h,119,0.000662759684528332,0.0002694399978082629,0.007445458778637262,0.5378151260504201,22
2,Ranging / High-Vol,2h,119,0.000538623540743457,0.00034181201251648474,0.009272292385869659,0.5462184873949579,22
2,Ranging / High-Vol,4h,119,0.0012173916899495293,0.0006601080732338005,0.011496576837147318,0.5294117647058824,22
3,Uptrend / Mid-Vol,15m,680,0.00035334170452771445,0.0001682818438597522,0.003740251111362103,0.5323529411764706,22
3,Uptrend / Mid-Vol,30m,680,0.0005756628921142592,0.00012127981881171479,0.005082977630372195,0.5176470588235295,22
3,Uptrend / Mid-Vol,1h,678,0.0007359312820801787,-1.0492336281586745e-05,0.006820656304049735,0.5,22
3,Uptrend / Mid-Vol,2h,674,0.000998892323939243,-0.00027464397927889905,0.008669795458917759,0.4807121661721068,22
3,Uptrend / Mid-Vol,4h,672,0.0018166189231607172,0.00012550600820571134,0.011776178425084419,0.5044642857142857,22
0,Downtrend / Mid-Vol,15m,698,-0.00015485608590664135,0.0001513410996674125,0.0029883775457308125,0.5343839541547278,23
0,Downtrend / Mid-Vol,30m,697,-0.00020567650298694182,0.00037563308260146755,0.003994468051366739,0.5509325681492109,23
0,Downtrend / Mid-Vol,1h,697,-0.000398459096470622,0.00027402924819952545,0.005581808337905621,0.5265423242467718,23
0,Downtrend / Mid-Vol,2h,694,-0.0005449423443511766,0.000367949843546711,0.00752131030855296,0.5230547550432276,23
0,Downtrend / Mid-Vol,4h,691,-0.00036703337703018816,0.0009213774254313023,0.009588387996077776,0.5600578871201157,23
1,Ranging / Low-Vol,15m,1374,-3.1510081850194986e-06,-5.8917695084481636e-05,0.0018869366473732551,0.4868995633187773,23
1,Ranging / Low-Vol,30m,1372,2.5832523111081832e-05,-2.6773038142913208e-05,0.0027717911211645,0.4963556851311953,23
1,Ranging / Low-Vol,1h,1366,0.00013768315172212108,0.00011013695087047637,0.004060969866934675,0.5161054172767203,23
1,Ranging / Low-Vol,2h,1358,0.0002001959978062718,0.00019778780331769497,0.005800315732920707,0.5139911634756995,23
1,Ranging / Low-Vol,4h,1346,-0.00013943228389532594,3.45529374827791e-05,0.008470917882334915,0.5044576523031203,23
2,Ranging / High-Vol,15m,80,-3.573645044139262e-05,0.0002964945469319247,0.005288207474477505,0.525,23
2,Ranging / High-Vol,30m,80,-0.00025540623445479137,9.082131881132938e-05,0.006732813749911409,0.5,23
2,Ranging / High-Vol,1h,80,-0.00015200040591385467,0.00034822793470556945,0.007398500795140822,0.5125,23
2,Ranging / High-Vol,2h,80,-0.00035748512991922164,0.00041055811612267235,0.009387587225823255,0.5125,23
2,Ranging / High-Vol,4h,80,-0.0005857138825853481,-0.0005513548631244092,0.011454525593051103,0.475,23
3,Uptrend / Mid-Vol,15m,556,9.050882199083545e-05,-0.00019612404359925506,0.0029436641614084286,0.4784172661870504,23
3,Uptrend / Mid-Vol,30m,556,1.3502910845085774e-05,-0.00043012096025307756,0.004132817122224993,0.4658273381294964,23
3,Uptrend / Mid-Vol,1h,556,-0.0001987654257280328,-0.00034612716532222976,0.005335108783479294,0.45143884892086333,23
3,Uptrend / Mid-Vol,2h,555,-0.0005292063052713437,-0.000875893420641205,0.007467607658526063,0.43963963963963965,23
3,Uptrend / Mid-Vol,4h,546,-0.0007188950324801854,-0.0010969549256794053,0.011730938333398281,0.4413919413919414,23
0,Uptrend / Mid-Vol,15m,741,0.0002110517351448314,1.3350867472894379e-05,0.004709270100362173,0.5020242914979757,24
0,Uptrend / Mid-Vol,30m,741,0.0002549353021294129,-0.00038372126958030606,0.00690277216415714,0.47233468286099867,24
0,Uptrend / Mid-Vol,1h,741,0.0005829737565897,-0.0005070825657167433,0.009937092539733069,0.4682860998650472,24
0,Uptrend / Mid-Vol,2h,741,0.0008004195313059428,-0.00027565493029158006,0.014367396721709358,0.4844804318488529,24
0,Uptrend / Mid-Vol,4h,737,0.0008630536214918196,-0.0004340677582241881,0.020115554114061348,0.4871099050203528,24
1,Ranging / High-Vol,15m,931,-0.00018820829141223526,0.0003600400165826301,0.01599430929213435,0.518796992481203,24
1,Ranging / High-Vol,30m,931,-0.0002721561796167439,-7.896950066310637e-06,0.022797661120313572,0.49946294307196565,24
1,Ranging / High-Vol,1h,931,-0.000610483329966987,0.0006695782967458541,0.029022629025966144,0.5209452201933404,24
1,Ranging / High-Vol,2h,931,-0.0010242698391151152,0.0008983030011577853,0.03668905965698411,0.518796992481203,24
1,Ranging / High-Vol,4h,931,-0.0020179548248756177,0.0015664209225842995,0.052709213589648904,0.5306122448979592,24
2,Downtrend / Mid-Vol,15m,751,-0.0003452766731000827,-1.4045700027054409e-05,0.004486434094313109,0.49533954727030627,24
2,Downtrend / Mid-Vol,30m,751,-0.0005805473862295713,4.649980719406699e-05,0.00677057453264694,0.5033288948069241,24
2,Downtrend / Mid-Vol,1h,751,-0.0010359296036198285,-0.0001646068136693657,0.013864276512127158,0.48868175765645805,24
2,Downtrend / Mid-Vol,2h,749,-0.002108408078257692,-0.0002344949815373809,0.022077763020861382,0.48998664886515353,24
2,Downtrend / Mid-Vol,4h,743,-0.003105134694544585,-0.000286018985438119,0.02636680197625434,0.4899057873485868,24
3,Ranging / Low-Vol,15m,520,-1.1641378165901e-05,3.129470510554455e-05,0.0020317392236208075,0.5096153846153846,24
3,Ranging / Low-Vol,30m,518,-0.00012741605635343146,-5.786587479850169e-05,0.003831518078483702,0.4922779922779923,24
3,Ranging / Low-Vol,1h,514,-0.00039706982476085234,8.233522155354223e-05,0.006590390905447452,0.5077821011673151,24
3,Ranging / Low-Vol,2h,508,-0.0005664354147044561,0.00018253209399521353,0.01011327653523493,0.531496062992126,24
3,Ranging / Low-Vol,4h,502,-0.0018375443443221983,2.710796691118844e-05,0.014847073481269272,0.5,24
0,Ranging / High-Vol,15m,240,0.00038269737077574196,0.0007922084943015051,0.007238492046613375,0.5625,25
0,Ranging / High-Vol,30m,240,0.0004904038594645128,0.0004146751954543504,0.009525900283463642,0.5333333333333333,25
0,Ranging / High-Vol,1h,240,0.001318072935994959,0.0009902816223865685,0.012158427762078738,0.525,25
0,Ranging / High-Vol,2h,240,0.0010497622840041668,0.0014339941087655461,0.015600487008274991,0.5541666666666667,25
0,Ranging / High-Vol,4h,239,-0.00010669434625999364,0.001258867723921142,0.01921584501789472,0.5481171548117155,25
1,Ranging / Low-Vol,15m,1145,4.701390074509003e-05,0.00010784325837498443,0.002198301389365299,0.5231441048034935,25
1,Ranging / Low-Vol,30m,1144,7.274202129554745e-05,7.420591741347238e-05,0.0031727569010411476,0.5052447552447552,25
1,Ranging / Low-Vol,1h,1142,7.844073445636118e-05,8.347290058807744e-05,0.004675198312699017,0.5148861646234676,25
1,Ranging / Low-Vol,2h,1142,0.00046190385068072513,0.0003726891351494288,0.007363372147107948,0.5332749562171629,25
1,Ranging / Low-Vol,4h,1138,0.001731199465096712,0.0008936572035187496,0.012475932326311981,0.5492091388400703,25
2,Downtrend / Mid-Vol,15m,692,-0.0001265216661828265,0.00022490757033555298,0.0034368755471545303,0.5433526011560693,25
2,Downtrend / Mid-Vol,30m,691,-0.00016546689179385788,0.000473722783635111,0.004795567275278032,0.5615050651230101,25
2,Downtrend / Mid-Vol,1h,689,-0.00019262890616906708,0.0009934782839113865,0.007059567621853536,0.5849056603773585,25
2,Downtrend / Mid-Vol,2h,681,4.733753080697999e-05,0.0010762362463108133,0.009500842500698346,0.591776798825257,25
2,Downtrend / Mid-Vol,4h,676,0.0011726105442067059,0.0017213677730456567,0.014109757376223329,0.6198224852071006,25
3,Uptrend / Mid-Vol,15m,768,0.00030713354136752136,0.0001402667571541727,0.0034597195479095367,0.5299479166666666,25
3,Uptrend / Mid-Vol,30m,768,0.0006804498235179618,0.00020762200877300074,0.005257337411375941,0.5221354166666666,25
3,Uptrend / Mid-Vol,1h,768,0.0012460476852574134,0.0002637007757106957,0.007585243529906487,0.5260416666666666,25
3,Uptrend / Mid-Vol,2h,768,0.0021969852702463516,0.00033765793790152543,0.011484422195727652,0.5234375,25
3,Uptrend / Mid-Vol,4h,762,0.0030355644011750196,0.0007824967778065073,0.01643844613996852,0.5249343832020997,25
0,Uptrend / Mid-Vol,15m,924,0.0001892949800807018,-0.00013509631422792268,0.003212251450849577,0.48268398268398266,26
0,Uptrend / Mid-Vol,30m,924,0.00020549867877353445,-0.00018266813358636114,0.004780470222317349,0.474025974025974,26
0,Uptrend / Mid-Vol,1h,924,0.0004303755922967049,7.310899629864309e-05,0.006615953232061838,0.512987012987013,26
0,Uptrend / Mid-Vol,2h,923,0.00010539013681534919,-0.00022859583765466596,0.009257721089167368,0.49079089924160346,26
0,Uptrend / Mid-Vol,4h,923,2.093118777123206e-05,-0.0005441896855931105,0.012014334073384867,0.47562296858071507,26
1,Ranging / Low-Vol,15m,959,1.673584897435776e-05,-6.412147870626939e-05,0.0023680691682408245,0.4921793534932221,26
1,Ranging / Low-Vol,30m,959,1.0871345350096862e-05,5.635796779124291e-05,0.0035137122921665848,0.5046923879040668,26
1,Ranging / Low-Vol,1h,959,-0.00013305103180677325,-4.521030703585893e-06,0.005571398600114009,0.4984358706986444,26
1,Ranging / Low-Vol,2h,958,0.00019201233611728296,-1.957132279262197e-05,0.008127412018441468,0.4968684759916493,26
1,Ranging / Low-Vol,4h,953,0.0012602735748898557,0.0006851431397478791,0.012246002079281991,0.5435466946484785,26
2,Ranging / High-Vol,15m,221,-2.1309082090220017e-05,0.0006354389612646116,0.009297914774391,0.5339366515837104,26
2,Ranging / High-Vol,30m,221,0.0006446583824110827,0.0007004098044554041,0.00991470667619553,0.5475113122171946,26
2,Ranging / High-Vol,1h,221,0.0010235399748024846,0.000658160811974895,0.010914443350803812,0.5248868778280543,26
2,Ranging / High-Vol,2h,221,0.0017040128294497088,0.002118776325405136,0.013232594522249935,0.5972850678733032,26
2,Ranging / High-Vol,4h,221,0.0016344946673161813,0.003030580507006775,0.017461588269066037,0.6063348416289592,26
3,Downtrend / Mid-Vol,15m,871,-0.0001166039846382264,0.00035115874540991854,0.003930889588506982,0.5442020665901263,26
3,Downtrend / Mid-Vol,30m,870,-0.00020574827022825469,0.00045525902888954306,0.006589735796866762,0.5517241379310345,26
3,Downtrend / Mid-Vol,1h,868,-0.00020273852601829988,0.0007379692234730229,0.009353408259002348,0.5610599078341014,26
3,Downtrend / Mid-Vol,2h,866,6.487430601365294e-06,0.001245476112612387,0.01317613252258158,0.5762124711316398,26
3,Downtrend / Mid-Vol,4h,863,-0.00026131290456117426,0.0011256838473485686,0.018318298465117216,0.5515643105446119,26
0,Downtrend / Mid-Vol,15m,411,-1.5033353329206318e-05,0.0002275372979561041,0.0027256417975858433,0.5255474452554745,27
0,Downtrend / Mid-Vol,30m,410,5.824629258217151e-06,0.0006415928832588236,0.0041764775525883705,0.573170731707317,27
0,Downtrend / Mid-Vol,1h,408,-1.672455187077412e-05,0.000527337343164902,0.0053844186511584876,0.5759803921568627,27
0,Downtrend / Mid-Vol,2h,404,-0.0004530127249464248,0.0007545656271821244,0.0071111254819595125,0.5742574257425742,27
0,Downtrend / Mid-Vol,4h,398,-0.0008655394058688799,0.0010004161720322813,0.010928821797876074,0.5653266331658291,27
1,Ranging / Low-Vol,15m,2007,-5.296862189037214e-05,-2.1560851655166857e-05,0.001984840620248339,0.49177877428998507,27
1,Ranging / Low-Vol,30m,2006,-0.00010254013616696418,-9.068292407121703e-05,0.0029538180581149013,0.4795613160518445,27
1,Ranging / Low-Vol,1h,2004,-0.00016594876951375837,-6.550447837838647e-05,0.0044762906336326186,0.48552894211576847,27
1,Ranging / Low-Vol,2h,2000,-0.0002772463878351097,-0.0002357851516467946,0.005690795475257438,0.465,27
1,Ranging / Low-Vol,4h,1992,-0.00044384419554436254,-0.00035850740413501114,0.008961266403892191,0.4663654618473896,27
2,Uptrend / Mid-Vol,15m,357,0.0001556277747139989,-0.00013000833539500434,0.0032524494311989725,0.48179271708683474,27
2,Uptrend / Mid-Vol,30m,357,0.00018989795951365453,-0.00039868699612455316,0.004396370145673633,0.44537815126050423,27
2,Uptrend / Mid-Vol,1h,357,0.00035500526071408794,-0.0004376114959274702,0.006424035245636699,0.42857142857142855,27
2,Uptrend / Mid-Vol,2h,357,0.0010131649262661892,0.00011021093519758551,0.010575193893539708,0.5098039215686274,27
2,Uptrend / Mid-Vol,4h,355,0.0011095578517770041,7.886328836903544e-05,0.010953197469951928,0.5126760563380282,27
3,Ranging / High-Vol,15m,66,0.0001323931725157845,0.00013219908438966144,0.00677136023448973,0.5151515151515151,27
3,Ranging / High-Vol,30m,66,0.0006019149348056887,6.313509687050356e-05,0.0068780172917288695,0.5303030303030303,27
3,Ranging / High-Vol,1h,66,0.0004373777910503361,0.0007148437219521853,0.006679264345358968,0.5454545454545454,27
3,Ranging / High-Vol,2h,66,9.57478986535905e-05,0.00019068954999301724,0.00830259276251451,0.5303030303030303,27
3,Ranging / High-Vol,4h,66,0.000644081809517909,0.0006175940784194367,0.007595577478495886,0.5454545454545454,27
0,Downtrend / Mid-Vol,15m,273,-0.0002554780165301886,0.00019070436825607828,0.002970175485399742,0.5384615384615384,28
0,Downtrend / Mid-Vol,30m,272,-0.0003179496495867573,0.0003395099105576449,0.0039019038190090186,0.5588235294117647,28
0,Downtrend / Mid-Vol,1h,270,-7.977809459832248e-05,0.00040115962291853435,0.005384117585784311,0.5481481481481482,28
0,Downtrend / Mid-Vol,2h,267,0.0007357400490094433,0.0006697750415227688,0.006762967777331651,0.5842696629213483,28
0,Downtrend / Mid-Vol,4h,267,0.00121799242398368,0.0016212942566724564,0.007780099114999303,0.6292134831460674,28
1,Ranging / High-Vol,15m,51,0.0009197632017528643,0.0016036601086142355,0.005288042523468201,0.6470588235294118,28
1,Ranging / High-Vol,30m,51,0.0011875617424696745,0.0012496157699839472,0.006459905574804225,0.5490196078431373,28
1,Ranging / High-Vol,1h,51,0.0014347357269605492,0.00033472501750608785,0.0090319529003858,0.5098039215686274,28
1,Ranging / High-Vol,2h,51,0.0008896003187033014,-0.0008022551693365187,0.009310164133451796,0.49019607843137253,28
1,Ranging / High-Vol,4h,51,0.0032032025823155214,0.0006882430576009568,0.015527768816769188,0.5490196078431373,28
2,Uptrend / Mid-Vol,15m,381,0.000380168678483984,3.053471743008629e-05,0.003441103386068166,0.5091863517060368,28
2,Uptrend / Mid-Vol,30m,381,0.0005780838989175666,9.289416412983087e-06,0.004969730585739893,0.5039370078740157,28
2,Uptrend / Mid-Vol,1h,381,0.0008006949615794106,-0.00010655080907184811,0.007114842622689896,0.48556430446194226,28
2,Uptrend / Mid-Vol,2h,380,0.0012007402122577466,1.8191757495955585e-06,0.009921546191614911,0.5,28
2,Uptrend / Mid-Vol,4h,372,0.003135195402782903,0.0010251784924353302,0.012977575515536232,0.5403225806451613,28
3,Ranging / Low-Vol,15m,2270,4.249962076126731e-05,1.0207209084178714e-05,0.001175808380494998,0.5039647577092511,28
3,Ranging / Low-Vol,30m,2270,0.00010619733975871,4.755626723618178e-05,0.0017587896003784431,0.5154185022026432,28
3,Ranging / Low-Vol,1h,2270,0.0002234533560321314,4.518669688380328e-05,0.0024608672718307353,0.5092511013215859,28
3,Ranging / Low-Vol,2h,2270,0.0004587274582014041,0.00012283311612204528,0.003594562958127073,0.5220264317180616,28
3,Ranging / Low-Vol,4h,2270,0.0008095381325660589,0.0002426442918386229,0.005293227897401968,0.5348017621145374,28
0,Ranging / High-Vol,15m,63,-0.00021432229286329319,0.0011251188095577902,0.011071092588324699,0.6190476190476191,29
0,Ranging / High-Vol,30m,63,0.0002651789014807251,7.670947058890931e-05,0.010213762715904873,0.5079365079365079,29
0,Ranging / High-Vol,1h,63,0.0002297874014640091,0.0009163973395214242,0.010148980729664026,0.5714285714285714,29
0,Ranging / High-Vol,2h,63,0.002953528886431554,0.0020604927351079994,0.0115233833297827,0.6349206349206349,29
0,Ranging / High-Vol,4h,63,-0.0007049937425699952,-0.0015937769852598649,0.01468410327545118,0.4444444444444444,29
1,Downtrend / Mid-Vol,15m,613,-2.5389369431361435e-05,0.0001893471256799728,0.0029583242690566685,0.5383360522022839,29
1,Downtrend / Mid-Vol,30m,613,8.284192263475289e-05,0.0003001547168324237,0.004045165287414426,0.5383360522022839,29
1,Downtrend / Mid-Vol,1h,613,0.0004095559305206051,0.0007095560905323595,0.005302460876818738,0.566068515497553,29
1,Downtrend / Mid-Vol,2h,612,0.00046488709989827946,0.001123554010806771,0.006930923235610887,0.5735294117647058,29
1,Downtrend / Mid-Vol,4h,609,0.0003666109617950854,0.00153467929609441,0.00914930026896524,0.5697865353037767,29
2,Ranging / Low-Vol,15m,1699,-2.756219817897608e-05,-5.8999673758108884e-05,0.001939493653057452,0.48381400824014126,29
2,Ranging / Low-Vol,30m,1698,-1.8709890389486276e-05,-3.616641090875561e-05,0.002665808832710342,0.4929328621908127,29
2,Ranging / Low-Vol,1h,1696,-7.27677197569666e-06,-1.2388520833184202e-05,0.0036937768063031585,0.4982311320754717,29
2,Ranging / Low-Vol,2h,1693,-3.292039041592179e-05,-1.898782793929854e-05,0.005163183372815822,0.4985233313644418,29
2,Ranging / Low-Vol,4h,1688,0.0002917719410402451,2.31225654729883e-05,0.007820818332025062,0.5017772511848341,29
3,Uptrend / Mid-Vol,15m,600,0.00017475524217033762,-0.00010606315693451052,0.002716570487732424,0.48333333333333334,29
3,Uptrend / Mid-Vol,30m,600,4.9057474744508647e-05,-9.283250154368261e-05,0.005183032630556367,0.48833333333333334,29
3,Uptrend / Mid-Vol,1h,600,-0.00019124172500295522,-0.0002654783736470989,0.0070666665809153515,0.45666666666666667,29
3,Uptrend / Mid-Vol,2h,600,-0.0002351875030859496,-0.000219343080591905,0.009447418498659592,0.47833333333333333,29
3,Uptrend / Mid-Vol,4h,600,-0.0002820436921382422,-4.722784347066522e-05,0.011369100090197506,0.49833333333333335,29
0,Uptrend / Mid-Vol,15m,564,0.0001110126650492243,-7.426866168103174e-05,0.0025344172741419715,0.4769503546099291,30
0,Uptrend / Mid-Vol,30m,564,1.9013840212406302e-05,-0.0003443303012353738,0.0036043717373341637,0.4592198581560284,30
0,Uptrend / Mid-Vol,1h,564,-0.0003093726707997216,-0.0007226975421348314,0.0049426283532318606,0.4308510638297872,30
0,Uptrend / Mid-Vol,2h,564,-0.0005065499283467131,-0.0007264170804903713,0.006402854380880887,0.42730496453900707,30
0,Uptrend / Mid-Vol,4h,564,-0.001675975784879289,-0.0010703422501148196,0.010628567674883224,0.4237588652482269,30
1,Downtrend / Mid-Vol,15m,660,-0.0003427634457833363,-6.525619625197265e-05,0.003680942982653486,0.4893939393939394,30
1,Downtrend / Mid-Vol,30m,660,-0.0004930719809231574,-5.1758416823588504e-06,0.005339916045106987,0.4984848484848485,30
1,Downtrend / Mid-Vol,1h,660,-0.0008208152541363231,-0.00013326090606913255,0.006784349335306457,0.4803030303030303,30
1,Downtrend / Mid-Vol,2h,660,-0.001165159045716853,-5.546746530349367e-05,0.009245311081853662,0.49696969696969695,30
1,Downtrend / Mid-Vol,4h,660,-0.001016218124078215,0.0004494933984622307,0.012673786744180819,0.5242424242424243,30
2,Ranging / High-Vol,15m,92,0.0005153207544986957,0.0006676240960565849,0.006338057193430437,0.5217391304347826,30
2,Ranging / High-Vol,30m,92,0.0010268494042229871,0.0006330220955330645,0.0076312076939641146,0.5978260869565217,30
2,Ranging / High-Vol,1h,92,0.0025235043687169894,0.001838329895595514,0.008087463842525625,0.5978260869565217,30
2,Ranging / High-Vol,2h,92,0.0025821041511007265,0.0016761660629480701,0.009947521774570206,0.5652173913043478,30
2,Ranging / High-Vol,4h,92,0.0029555536953605973,0.0022900491683301993,0.01197132546357635,0.5543478260869565,30
3,Ranging / Low-Vol,15m,1563,2.5357525551036228e-05,5.223256925646069e-05,0.0017218197150805767,0.5143953934740882,30
3,Ranging / Low-Vol,30m,1562,4.630903060008865e-05,4.856654597951149e-05,0.00242151279646231,0.5089628681177977,30
3,Ranging / Low-Vol,1h,1560,0.00011718535559063357,0.0001489435192238986,0.003967325824915772,0.5237179487179487,30
3,Ranging / Low-Vol,2h,1556,0.00012976673788727943,0.00032420089698081966,0.0059580864390686925,0.537917737789203,30
3,Ranging / Low-Vol,4h,1548,3.94131371810795e-05,0.0005209232778184969,0.008214952960113188,0.5335917312661499,30
0,Downtrend / Mid-Vol,15m,419,2.101724088414808e-05,0.00021753235170152152,0.002908524450386404,0.5393794749403341,31
0,Downtrend / Mid-Vol,30m,418,0.00019376272967574836,0.00045623414751005953,0.003970056388412894,0.5741626794258373,31
0,Downtrend / Mid-Vol,1h,416,0.00031235079704682565,0.0004876721067619272,0.005205477658242544,0.5456730769230769,31
0,Downtrend / Mid-Vol,2h,416,0.0011405585649851408,0.0014674189206820287,0.007190329403688416,0.6081730769230769,31
0,Downtrend / Mid-Vol,4h,416,0.002149937456451564,0.0025125475941267794,0.011100084377852601,0.6682692307692307,31
1,Uptrend / Mid-Vol,15m,561,0.00018495598924784309,0.0,0.002933682367622433,0.49910873440285203,31
1,Uptrend / Mid-Vol,30m,561,0.0002264542635922357,-0.00012035311763369805,0.00405276555965895,0.48128342245989303,31
1,Uptrend / Mid-Vol,1h,561,0.0005522653996162263,1.4666225650827869e-05,0.005818585101053857,0.5062388591800356,31
1,Uptrend / Mid-Vol,2h,559,0.0007562120322984218,-0.00020716172047663406,0.007955283545531645,0.48300536672629696,31
1,Uptrend / Mid-Vol,4h,557,0.0013379003766437728,0.0002447146857154081,0.010781304650762354,0.5098743267504489,31
2,Ranging / High-Vol,15m,79,-4.171451197935765e-05,-6.133190110801934e-05,0.00488581863603362,0.4936708860759494,31
2,Ranging / High-Vol,30m,79,9.391885264862063e-05,0.00048813634703925857,0.005949967365225571,0.5569620253164557,31
2,Ranging / High-Vol,1h,79,0.00023761898340679262,0.0007099254409439482,0.007302327130456837,0.5822784810126582,31
2,Ranging / High-Vol,2h,79,9.798220533866517e-06,0.0019744922804871834,0.008771084507680585,0.5822784810126582,31
2,Ranging / High-Vol,4h,79,-0.0006487288088347214,4.60376895308201e-05,0.008895173966225254,0.5063291139240507,31
3,Ranging / Low-Vol,15m,1916,7.021096639871242e-05,6.605210621568602e-05,0.0016708158145948065,0.5224425887265136,31
3,Ranging / Low-Vol,30m,1916,0.00014312700510985053,8.999268444842556e-05,0.002467607259067899,0.5229645093945721,31
3,Ranging / Low-Vol,1h,1916,0.0002720724970931289,0.0002677263058741275,0.0035855679799270033,0.5594989561586639,31
3,Ranging / Low-Vol,2h,1914,0.0005601876585841611,0.0004787163907380432,0.005182438809763179,0.5694879832810867,31
3,Ranging / Low-Vol,4h,1908,0.0012301301959478036,0.0009295850919643911,0.007441242670940501,0.6027253668763103,31
0,Ranging / Low-Vol,15m,511,-9.114393347818961e-05,-0.00017819381303496584,0.0023262202285846668,0.4755381604696673,32
0,Ranging / Low-Vol,30m,511,-0.00012745480790252886,-0.0002685035527374424,0.0034046715482255515,0.4755381604696673,32
0,Ranging / Low-Vol,1h,511,0.00010426405435521029,8.692707602264704e-05,0.00520115184614797,0.5107632093933464,32
0,Ranging / Low-Vol,2h,510,0.0007859894193460692,0.0003970171739302586,0.0078123185031027075,0.5215686274509804,32
0,Ranging / Low-Vol,4h,510,0.0017170266672268746,0.0016499127469229435,0.010285121106061884,0.5764705882352941,32
1,Ranging / High-Vol,15m,280,9.806967972814741e-05,0.0005420442234012057,0.007226771959199665,0.5285714285714286,32
1,Ranging / High-Vol,30m,280,5.9271165668040025e-05,0.00023210217370550623,0.0103181394864223,0.5214285714285715,32
1,Ranging / High-Vol,1h,280,-0.0003285398627062262,0.0005186762093689623,0.013577210825330454,0.5071428571428571,32
1,Ranging / High-Vol,2h,280,-0.0008998046279352349,0.0018156413401744231,0.016887340610276563,0.5678571428571428,32
1,Ranging / High-Vol,4h,280,-6.611965222120502e-05,0.0009311060275098981,0.020124666406416258,0.525,32
2,Downtrend / Mid-Vol,15m,886,7.988232616443321e-05,0.0004652736110681843,0.0034900495143601494,0.5564334085778782,32
2,Downtrend / Mid-Vol,30m,886,0.00019297700844213048,0.0006601949052509326,0.004822816648662463,0.5632054176072234,32
2,Downtrend / Mid-Vol,1h,886,0.00035745738158565044,0.0007172023538304373,0.006356117811261376,0.5564334085778782,32
2,Downtrend / Mid-Vol,2h,884,0.000992120816131765,0.0017032825432092835,0.00882787841216595,0.5916289592760181,32
2,Downtrend / Mid-Vol,4h,884,0.0015644353603577014,0.00175243627594579,0.012461547472412788,0.581447963800905,32
3,Uptrend / Mid-Vol,15m,1174,0.00024069296946387927,2.650923317482068e-05,0.003279125624551224,0.5059625212947189,32
3,Uptrend / Mid-Vol,30m,1172,0.0004662953218494166,0.0002161564609730604,0.004570264931239426,0.5170648464163823,32
3,Uptrend / Mid-Vol,1h,1168,0.0009062979790712658,0.0004969107409422691,0.006566849903059894,0.5368150684931506,32
3,Uptrend / Mid-Vol,2h,1163,0.0013154611437328344,0.000799110194702024,0.009527481712341315,0.5451418744625968,32
3,Uptrend / Mid-Vol,4h,1147,0.0023373448541196135,0.00191960697372906,0.013213824699069213,0.5597210113339146,32
0,Downtrend / Mid-Vol,15m,823,-1.2502102353210387e-05,0.00034934874384084935,0.0037003135418279555,0.5407047387606319,33
0,Downtrend / Mid-Vol,30m,822,2.1150138605097044e-05,0.0004264883940745534,0.005362312111551513,0.5364963503649635,33
0,Downtrend / Mid-Vol,1h,822,0.00029562989382914915,0.0009345010411987431,0.007000958986619563,0.5681265206812652,33
0,Downtrend / Mid-Vol,2h,820,0.0009189111691680301,0.0015042080981073624,0.009241525566209528,0.5780487804878048,33
0,Downtrend / Mid-Vol,4h,820,0.0022546528441916396,0.0026469623617888516,0.013355429717959746,0.6,33
1,Ranging / Low-Vol,15m,613,-8.599684719187203e-06,-4.675701161183099e-05,0.002345658968302825,0.4926590538336052,33
1,Ranging / Low-Vol,30m,612,0.00012301062162342486,-2.9287754443885206e-07,0.003601235741693933,0.5,33
1,Ranging / Low-Vol,1h,608,0.0004194053967743253,0.00029898067638534087,0.005336309863674513,0.5476973684210527,33
1,Ranging / Low-Vol,2h,608,0.0006000885304258685,0.0007767902411268679,0.00732879581536898,0.5476973684210527,33
1,Ranging / Low-Vol,4h,608,0.0005436986137995101,0.0014780374172218558,0.011944167383989263,0.5707236842105263,33
2,Uptrend / Mid-Vol,15m,1119,0.00023455406474168789,6.932710116025476e-05,0.0038415617286408567,0.5084897229669347,33
2,Uptrend / Mid-Vol,30m,1119,0.00034921262230330253,-5.232969170876345e-06,0.00531777014206243,0.49955317247542447,33
2,Uptrend / Mid-Vol,1h,1119,0.0006342762011992756,0.00019066325823402508,0.007713861637123119,0.5183199285075961,33
2,Uptrend / Mid-Vol,2h,1113,0.0011546084380964076,0.0007799976683955379,0.0115728351257164,0.5372866127583109,33
2,Uptrend / Mid-Vol,4h,1097,0.002400859393661647,0.00108534691820239,0.014933468229401569,0.5414767547857794,33
3,Ranging / High-Vol,15m,352,0.0003942423746615636,0.0008486992604090915,0.0071605556235574234,0.5681818181818182,33
3,Ranging / High-Vol,30m,351,0.0007868646069842928,0.0014262559626807558,0.00921325459510092,0.5698005698005698,33
3,Ranging / High-Vol,1h,349,0.0008666804335026486,0.0010705903315191279,0.012444456002983065,0.5587392550143266,33
3,Ranging / High-Vol,2h,345,0.001667083108135918,0.0014766712049070208,0.013955450602171907,0.5507246376811594,33
3,Ranging / High-Vol,4h,337,0.0031289904695148162,0.003688590854221019,0.015248802509944598,0.5816023738872403,33
0,Downtrend / Mid-Vol,15m,653,-0.00040932485112746525,-1.4388652534336188e-05,0.0054068659622439905,0.49770290964777947,34
0,Downtrend / Mid-Vol,30m,653,-0.0006586148601365691,-0.00019419706376488932,0.008247049946152408,0.4869831546707504,34
0,Downtrend / Mid-Vol,1h,653,-0.001386465430566242,-0.0006838793191263903,0.011810977873505725,0.4686064318529862,34
0,Downtrend / Mid-Vol,2h,652,-0.002392333794022444,-0.0024835022168154808,0.014841956598269132,0.42024539877300615,34
0,Downtrend / Mid-Vol,4h,648,-0.004418760326051219,-0.0032271484987713706,0.02356630511837792,0.42901234567901236,34
1,Ranging / Low-Vol,15m,40,3.4596448769086405e-05,0.00023864009370822004,0.0026703181110934956,0.6,34
1,Ranging / Low-Vol,30m,40,0.00032233163991870486,0.0004062222145764238,0.004496239781569649,0.525,34
1,Ranging / Low-Vol,1h,40,0.002010431956427761,0.0014965239729223256,0.008443338728644565,0.6,34
1,Ranging / Low-Vol,2h,40,0.0048654344469861496,8.192256191641434e-06,0.015849019121616757,0.5,34
1,Ranging / Low-Vol,4h,40,0.010709010753950166,0.002168011493631994,0.02098933118140476,0.65,34
2,Uptrend / Mid-Vol,15m,739,5.515882568002147e-05,-0.00035553645544084134,0.005080869368020241,0.46820027063599456,34
2,Uptrend / Mid-Vol,30m,738,0.00010134627981723418,-0.0003126718789721039,0.007557382757596676,0.4742547425474255,34
2,Uptrend / Mid-Vol,1h,736,0.00040769910535805613,-1.6766728439421286e-05,0.01085824134447614,0.4986413043478261,34
2,Uptrend / Mid-Vol,2h,733,0.0012619026330056662,0.001510210125688971,0.01582559825870806,0.5416098226466576,34
2,Uptrend / Mid-Vol,4h,729,0.001675904740376314,0.0012262314881450465,0.02252417908855369,0.52400548696845,34
3,Ranging / High-Vol,15m,1543,0.00023702457495152892,0.00034900160966166993,0.009599689164785461,0.5119896305897602,34
3,Ranging / High-Vol,30m,1543,0.0004025260915887539,0.0005826209662949111,0.013110517083392942,0.5197666882696047,34
3,Ranging / High-Vol,1h,1543,0.0006934660904836703,0.0011192751466708728,0.017668997019877827,0.5307841866493843,34
3,Ranging / High-Vol,2h,1543,0.0009333438731019737,0.001683141435382396,0.024264546795515547,0.5353208036292936,34
3,Ranging / High-Vol,4h,1543,0.0020166126927943498,0.0022028741761150883,0.03246960968644559,0.5281918340894362,34
0,Downtrend / Mid-Vol,15m,752,-0.0003941117905602658,1.459320726748814e-05,0.0048370506565947125,0.5039893617021277,35
0,Downtrend / Mid-Vol,30m,752,-0.000405649828706538,0.00022391099119545288,0.007584377534256463,0.5146276595744681,35
0,Downtrend / Mid-Vol,1h,750,-0.0005047167525743272,0.00010517205521587414,0.009926841541122713,0.5066666666666667,35
0,Downtrend / Mid-Vol,2h,748,-0.00010746685854061048,0.00045421867233663704,0.013626665455871895,0.5200534759358288,35
0,Downtrend / Mid-Vol,4h,745,0.0015607204860023805,0.0017666842515495773,0.02109777935114279,0.5463087248322148,35
1,Ranging / Low-Vol,15m,110,0.00041264631008118937,0.0003102414267583953,0.0031559853169854514,0.5363636363636364,35
1,Ranging / Low-Vol,30m,110,0.0011601317620669475,0.00019841194852254773,0.004957142121338115,0.5181818181818182,35
1,Ranging / Low-Vol,1h,110,0.0015237344815072036,0.0014933526803142527,0.006872172575895642,0.5727272727272728,35
1,Ranging / Low-Vol,2h,110,0.002633227912788172,0.0016596055647388752,0.008936846809021619,0.5727272727272728,35
1,Ranging / Low-Vol,4h,110,0.005070766576244039,0.001549344623345661,0.01755852353533751,0.5636363636363636,35
2,Ranging / High-Vol,15m,762,0.00013244226336416544,-9.555905496760886e-05,0.00866615595041897,0.4973753280839895,35
2,Ranging / High-Vol,30m,761,0.0001802339027907537,0.0003637528760034314,0.011623471153885614,0.5098554533508541,35
2,Ranging / High-Vol,1h,759,0.0005165909261869564,0.0008868202545748716,0.015125332312076242,0.530961791831357,35
2,Ranging / High-Vol,2h,757,0.0009485164156683793,0.0006891825732218138,0.018919657234811024,0.5217965653896962,35
2,Ranging / High-Vol,4h,750,0.0011654145100397197,0.003233663190264302,0.02509897086625258,0.5546666666666666,35
3,Uptrend / Mid-Vol,15m,1029,0.0004259438334992771,-6.555497824578538e-06,0.004113070541857998,0.49951409135082603,35
3,Uptrend / Mid-Vol,30m,1028,0.0006107927729783383,7.856526428007271e-05,0.00591029410125826,0.5087548638132295,35
3,Uptrend / Mid-Vol,1h,1028,0.000968402579648588,0.0005161436607048486,0.00897904450140427,0.5389105058365758,35
3,Uptrend / Mid-Vol,2h,1024,0.0012916132138479086,0.0009586881378753631,0.013964979904563574,0.5361328125,35
3,Uptrend / Mid-Vol,4h,1018,0.0014973097141158446,0.0011658983726698935,0.018923320452086265,0.5402750491159135,35
0,Ranging / Low-Vol,15m,307,0.00022758629050651302,0.0001745060779061447,0.0027655977299822702,0.5276872964169381,36
0,Ranging / Low-Vol,30m,306,0.000349011508191863,0.00012400694459913097,0.004485235685856993,0.5196078431372549,36
0,Ranging / Low-Vol,1h,305,0.0004281784281890321,-2.965077302619079e-05,0.0065310342216264245,0.49836065573770494,36
0,Ranging / Low-Vol,2h,305,0.0009853377516563862,0.0005130524756769006,0.008780681715282578,0.5508196721311476,36
0,Ranging / Low-Vol,4h,305,0.0008990711416545046,-0.001108245028234478,0.012951575462311373,0.46557377049180326,36
1,Uptrend / Mid-Vol,15m,1273,0.00026128190341935016,-3.882292704382451e-05,0.0038880140959364003,0.4996072270227808,36
1,Uptrend / Mid-Vol,30m,1273,0.00041252621210549905,0.0002754463343297431,0.005568605602511343,0.5318146111547526,36
1,Uptrend / Mid-Vol,1h,1273,0.0006024404902511758,0.0005498930299836502,0.00815442380735098,0.5380989787902593,36
1,Uptrend / Mid-Vol,2h,1271,0.0007195555318457551,0.0005742616578707782,0.012080075651025412,0.5169158143194336,36
1,Uptrend / Mid-Vol,4h,1266,0.0012525370257536988,0.0008708246417414856,0.016157387647474767,0.5347551342812006,36
2,Downtrend / Mid-Vol,15m,987,-0.00019836313525047422,8.81958256826465e-06,0.004159749091773071,0.5015197568389058,36
2,Downtrend / Mid-Vol,30m,986,-0.0001949833087156973,0.00025163553142881767,0.005747779950313483,0.526369168356998,36
2,Downtrend / Mid-Vol,1h,983,6.666906739531013e-06,0.0006602754182729598,0.00798098997923264,0.5422177009155646,36
2,Downtrend / Mid-Vol,2h,977,0.0008918301049041496,0.0014133111378367147,0.01130262601974912,0.5557830092118731,36
2,Downtrend / Mid-Vol,4h,966,0.0017211998790113347,0.0013003638059974065,0.017375632511620845,0.5455486542443064,36
3,Ranging / High-Vol,15m,378,0.00014065936576741878,0.00028776559844256866,0.0056673398383233296,0.5105820105820106,36
3,Ranging / High-Vol,30m,378,0.00017948197722992794,0.0010321762587226502,0.0077046901863198165,0.5529100529100529,36
3,Ranging / High-Vol,1h,378,0.0002508687121015484,0.0011955354219592706,0.009973973397470408,0.5714285714285714,36
3,Ranging / High-Vol,2h,378,-0.00015940650307671325,0.001567250634101569,0.012875284198908713,0.5661375661375662,36
3,Ranging / High-Vol,4h,378,0.0015376525881509516,0.0027869955472867858,0.01736379696950016,0.5740740740740741,36
0,Ranging / High-Vol,15m,240,0.0003165667703863839,7.616574428848111e-05,0.007405936263951435,0.5083333333333333,37
0,Ranging / High-Vol,30m,240,0.0006643369711826664,0.0007463147531208136,0.010270090122995583,0.55,37
0,Ranging / High-Vol,1h,239,0.0016563424541530644,0.001411050213844689,0.01212312068967307,0.5690376569037657,37
0,Ranging / High-Vol,2h,236,0.0028002750254575194,0.002239622100595362,0.01657422384795179,0.559322033898305,37
0,Ranging / High-Vol,4h,236,0.00340241770427125,0.00385170011647773,0.02617691163189942,0.5805084745762712,37
1,Ranging / Low-Vol,15m,715,-9.629747496415345e-05,-8.0474780878248e-05,0.002145051185530364,0.4783216783216783,37
1,Ranging / Low-Vol,30m,715,-0.00014224262043925292,-0.0002247697478008348,0.003085535904861154,0.4727272727272727,37
1,Ranging / Low-Vol,1h,715,-0.00016560918536984897,-0.0002366400964195492,0.0046969296418832,0.47132867132867134,37
1,Ranging / Low-Vol,2h,715,0.00014315961716925712,-0.0001573500735929656,0.006832034418800023,0.48951048951048953,37
1,Ranging / Low-Vol,4h,710,0.0007413675284162304,-0.000492949461071035,0.010778141236219133,0.47464788732394364,37
2,Uptrend / Mid-Vol,15m,941,9.79906877164827e-05,-3.559852697065935e-07,0.003336432521142985,0.49946865037194477,37
2,Uptrend / Mid-Vol,30m,940,3.4462884768468535e-05,0.00011388067014017622,0.004717136099561648,0.5063829787234042,37
2,Uptrend / Mid-Vol,1h,938,-0.00015097541293152634,-0.0002018409456931991,0.006527038050583775,0.48187633262260127,37
2,Uptrend / Mid-Vol,2h,930,-0.00039323968859292024,-0.0005261269419403192,0.008903446979374405,0.4698924731182796,37
2,Uptrend / Mid-Vol,4h,923,-0.0011972479570506948,-0.0009699337159911892,0.011816477495995665,0.46153846153846156,37
3,Downtrend / Mid-Vol,15m,907,-0.00016561489924767891,5.43042941103522e-06,0.003952777214041463,0.5027563395810364,37
3,Downtrend / Mid-Vol,30m,905,-0.0002194509370485367,6.647378224045042e-05,0.00566599922859003,0.5049723756906077,37
3,Downtrend / Mid-Vol,1h,902,-0.00039387677603201234,0.00017316713899617753,0.008430337221167568,0.5121951219512195,37
3,Downtrend / Mid-Vol,2h,901,-0.0009212834836976422,0.00043095591641240105,0.012290709853992028,0.516093229744728,37
3,Downtrend / Mid-Vol,4h,889,-0.0010882099568773698,0.0011116014545162756,0.016240870097566227,0.5354330708661418,37
0,Uptrend / Mid-Vol,15m,817,-4.360925783911115e-05,-0.00013658093575585895,0.004504914217855202,0.4834761321909425,38
0,Uptrend / Mid-Vol,30m,816,-0.00025914797823036476,-0.00017754092390287468,0.006876856701719597,0.4791666666666667,38
0,Uptrend / Mid-Vol,1h,814,-0.0006137083393351377,-0.00039105099501224316,0.01019217481182706,0.4692874692874693,38
0,Uptrend / Mid-Vol,2h,810,-0.0012317584523716468,-0.0002845854909772072,0.014626178666194076,0.4925925925925926,38
0,Uptrend / Mid-Vol,4h,804,-0.003296515272029882,-0.0018045211146153761,0.02043206474622612,0.47388059701492535,38
1,Ranging / Low-Vol,15m,155,0.0002957564053129055,-2.44564574334305e-05,0.0035672806491761685,0.49032258064516127,38
1,Ranging / Low-Vol,30m,155,5.688792247201857e-05,1.635034751146236e-05,0.0048852342031035145,0.5032258064516129,38
1,Ranging / Low-Vol,1h,155,-0.0005607046215271885,-0.0003366460684066652,0.007307586422056683,0.45806451612903226,38
1,Ranging / Low-Vol,2h,155,-0.0007391895465626671,-0.0007055804628386397,0.009751022743702376,0.47096774193548385,38
1,Ranging / Low-Vol,4h,155,-0.0006201527640035851,-0.00021985846027838818,0.011684698885207363,0.4838709677419355,38
2,Ranging / High-Vol,15m,1175,-6.696614819523219e-05,-0.0001175330624025861,0.010958984034566499,0.4919148936170213,38
2,Ranging / High-Vol,30m,1175,-9.989633014828345e-05,6.15729862722958e-05,0.015009527842040727,0.5029787234042553,38
2,Ranging / High-Vol,1h,1175,-0.00013593183046941914,0.0005463395025255835,0.01901214559824257,0.5191489361702127,38
2,Ranging / High-Vol,2h,1175,-0.0004406338416634028,0.0005199090614205204,0.02542399050790733,0.5114893617021277,38
2,Ranging / High-Vol,4h,1175,-0.0003380562637481629,0.0017916190486921835,0.03439622113072171,0.5276595744680851,38
3,Downtrend / Mid-Vol,15m,828,-0.0004512897679440341,-0.00011551422880007323,0.004766134165997501,0.47946859903381644,38
3,Downtrend / Mid-Vol,30m,828,-0.0006786887327719287,-0.00037154842834752344,0.006822895979532973,0.46497584541062803,38
3,Downtrend / Mid-Vol,1h,828,-0.001231120046444326,-0.0006620348671466658,0.009429161269205103,0.46859903381642515,38
3,Downtrend / Mid-Vol,2h,828,-0.0023347728560692304,-0.0020529560157589444,0.01373876482538985,0.4359903381642512,38
3,Downtrend / Mid-Vol,4h,826,-0.004951768273834864,-0.003607459437962035,0.020092267614249204,0.4152542372881356,38
0,Ranging / High-Vol,15m,611,0.00011286342550325625,-0.0001356351593759797,0.007130568008226035,0.4909983633387889,39
0,Ranging / High-Vol,30m,611,0.0004174901089576245,0.00023993024770341265,0.009997932299721363,0.5057283142389526,39
0,Ranging / High-Vol,1h,611,0.00047074504881747877,0.00032178801839499727,0.013366971057103195,0.513911620294599,39
0,Ranging / High-Vol,2h,611,0.00044668908137620233,-9.831817998673387e-05,0.018336168431656242,0.4959083469721768,39
0,Ranging / High-Vol,4h,609,0.0027237832885949717,0.0005066081533051658,0.024703913432760627,0.5155993431855501,39
1,Ranging / Low-Vol,15m,144,-8.621690827809786e-05,-4.126298717110899e-05,0.0032719396346557153,0.4861111111111111,39
1,Ranging / Low-Vol,30m,144,-7.215851728784954e-05,-0.000295981682685742,0.004763346518169713,0.4652777777777778,39
1,Ranging / Low-Vol,1h,144,0.00032930047276522354,2.757016108745347e-05,0.007640222718863682,0.5,39
1,Ranging / Low-Vol,2h,144,0.001334895916140592,-4.3016448734611856e-05,0.01041117694478117,0.5,39
1,Ranging / Low-Vol,4h,144,0.0006215631514263384,-0.0024125302415543004,0.01658914502492174,0.4513888888888889,39
2,Uptrend / Mid-Vol,15m,1089,8.047279308286271e-05,-0.00017276354314610387,0.004452079208499668,0.48484848484848486,39
2,Uptrend / Mid-Vol,30m,1088,-7.945144389296322e-05,-0.0002527349637917453,0.0066077497255118845,0.4788602941176471,39
2,Uptrend / Mid-Vol,1h,1086,-0.00029743040928485644,-0.0004238988450984138,0.009226062590205718,0.48158379373848986,39
2,Uptrend / Mid-Vol,2h,1085,-0.0007264014413266901,-0.0009911812312903834,0.01370375578657025,0.4599078341013825,39
2,Uptrend / Mid-Vol,4h,1079,-0.0015251830891950386,-0.001513995845270344,0.01860313545491684,0.44763670064874883,39
3,Downtrend / Mid-Vol,15m,1035,-0.00020552337719755375,6.638575282558179e-05,0.00452685574567933,0.5120772946859904,39
3,Downtrend / Mid-Vol,30m,1035,-0.0002893701991435252,-0.00013812601228657684,0.006628741143698391,0.49082125603864735,39
3,Downtrend / Mid-Vol,1h,1035,-0.0002928465591737947,0.0002871253739176183,0.009891956730847662,0.5169082125603864,39
3,Downtrend / Mid-Vol,2h,1032,-0.00025200368734467406,0.0007918191435107858,0.01401384771987386,0.5310077519379846,39
3,Downtrend / Mid-Vol,4h,1032,-0.0010897180829613088,0.0005337196568433455,0.019997407783982526,0.5116279069767442,39
0,Ranging / High-Vol,15m,219,0.00013729212454979505,-7.460211335796885e-06,0.006341951382072698,0.4977168949771689,40
0,Ranging / High-Vol,30m,219,0.0004403754279630665,0.0004073626861043067,0.00946348093526698,0.5251141552511416,40
0,Ranging / High-Vol,1h,219,0.0012485939063019917,0.0011634120955061888,0.014166923320785212,0.5799086757990868,40
0,Ranging / High-Vol,2h,219,0.0020608259790985753,0.002538056043146497,0.018249874622665266,0.6118721461187214,40
0,Ranging / High-Vol,4h,219,0.0035991070957611046,0.003373879797413437,0.019446840030114772,0.6073059360730594,40
1,Ranging / Low-Vol,15m,881,7.808718717529763e-05,0.00015609018968909538,0.0027395032601483316,0.52894438138479,40
1,Ranging / Low-Vol,30m,880,0.0001739016608388115,0.00038419922317078914,0.004144685945495655,0.5568181818181818,40
1,Ranging / Low-Vol,1h,880,0.00031051062991221045,0.00019717416753195494,0.006189374729651404,0.5261363636363636,40
1,Ranging / Low-Vol,2h,880,0.00044147808226182585,4.727919926139634e-05,0.009146873341599599,0.5034090909090909,40
1,Ranging / Low-Vol,4h,880,0.0010127036123140053,-0.00019318173878257738,0.01592399949962342,0.4875,40
2,Uptrend / Mid-Vol,15m,943,0.00010226686503031322,2.3804904524027393e-05,0.003507101837187453,0.5058324496288441,40
2,Uptrend / Mid-Vol,30m,943,6.876383775690299e-05,-1.551846034963944e-05,0.004989546891996073,0.49628844114528103,40
2,Uptrend / Mid-Vol,1h,941,-0.00011286774094173832,-0.0002547871809888136,0.006937941412607297,0.48034006376195537,40
2,Uptrend / Mid-Vol,2h,937,0.00020347874129505905,-9.460399366645333e-05,0.010508983268146796,0.49092849519743864,40
2,Uptrend / Mid-Vol,4h,930,0.00033476738064501727,-0.0005565992494522831,0.015038664084374171,0.4731182795698925,40
3,Downtrend / Mid-Vol,15m,932,-2.2532617440939103e-05,0.0001000644565101183,0.0034064140604818513,0.5118025751072961,40
3,Downtrend / Mid-Vol,30m,932,4.6513360563591435e-05,0.00019571212364688506,0.004578271721278513,0.5246781115879828,40
3,Downtrend / Mid-Vol,1h,932,0.00031032130199125715,0.0007240599360942568,0.006087246041814274,0.5611587982832618,40
3,Downtrend / Mid-Vol,2h,932,0.0004559286532072568,0.001094939385035687,0.008680899014808428,0.5665236051502146,40
3,Downtrend / Mid-Vol,4h,931,0.0010816223261331205,0.0021940941333777886,0.012374275149735228,0.5821697099892589,40
0,Downtrend / Mid-Vol,15m,1034,-0.0001854386153566345,-0.00010047255575873493,0.00345934163984423,0.4864603481624758,41
0,Downtrend / Mid-Vol,30m,1034,-0.00015993584689954013,-6.479048858754055e-05,0.00492049244248722,0.4932301740812379,41
0,Downtrend / Mid-Vol,1h,1034,2.5984945041421177e-05,0.000557718443451094,0.006644592172363119,0.539651837524178,41
0,Downtrend / Mid-Vol,2h,1031,0.0005280012465356523,0.0012181319994866158,0.0093685730921523,0.5732298739088264,41
0,Downtrend / Mid-Vol,4h,1022,0.0012804627868202897,0.001670470272300939,0.012931591756037069,0.5665362035225049,41
1,Ranging / Low-Vol,15m,723,-2.3856714875972756e-05,-0.00010031964561107998,0.002304278217547473,0.4854771784232365,41
1,Ranging / Low-Vol,30m,723,-3.963213935807048e-05,5.542836411009944e-05,0.003661895558294438,0.5020746887966805,41
1,Ranging / Low-Vol,1h,723,-0.00014968358933360246,-0.00017377856711320305,0.005550629150103542,0.48824343015214383,41
1,Ranging / Low-Vol,2h,723,-0.0004754872270378072,-0.00045069122862884115,0.008427454008823039,0.47164591977869985,41
1,Ranging / Low-Vol,4h,720,-0.0008935988969283813,-0.0008347296836452855,0.012279505680874278,0.44583333333333336,41
2,Ranging / High-Vol,15m,148,0.0006893728248191008,0.00033081607489204856,0.005271765085989478,0.5405405405405406,41
2,Ranging / High-Vol,30m,148,0.0011979298916876876,0.0010340376754713887,0.007293799701231179,0.581081081081081,41
2,Ranging / High-Vol,1h,148,0.0021783693011017905,0.001882364116148949,0.009301220707769495,0.5472972972972973,41
2,Ranging / High-Vol,2h,148,0.004917496279864273,0.0020744298813184514,0.012461617327464035,0.5878378378378378,41
2,Ranging / High-Vol,4h,148,0.005924238732688931,0.0035833360773223077,0.014951127871944296,0.6891891891891891,41
3,Uptrend / Mid-Vol,15m,1028,0.0001944860447296726,0.00014960987707812734,0.0032121574312458713,0.5223735408560312,41
3,Uptrend / Mid-Vol,30m,1026,0.0001937486787413107,0.00032619255205368347,0.004361962831806685,0.530214424951267,41
3,Uptrend / Mid-Vol,1h,1022,0.0001022367261671971,0.00014749477195330485,0.006326789509368155,0.5097847358121331,41
3,Uptrend / Mid-Vol,2h,1017,-0.0002847220831416427,-0.00021027856216981888,0.009319546470489522,0.49065880039331367,41
3,Uptrend / Mid-Vol,4h,1013,-0.00035767206372863425,-0.0004909434018340875,0.013851138353148981,0.47877591312931883,41
0,Uptrend / Mid-Vol,15m,883,-3.553107921029197e-05,-0.00026979500358947917,0.003252196102831534,0.4722536806342016,42
0,Uptrend / Mid-Vol,30m,882,-0.00020112072362183538,-0.000312883287739929,0.004843705940315787,0.46258503401360546,42
0,Uptrend / Mid-Vol,1h,879,-0.00040562614671899575,-0.00043578989064663176,0.00694745165570689,0.472127417519909,42
0,Uptrend / Mid-Vol,2h,871,-0.00038286891060618114,-0.00020757167222917872,0.009840233212932134,0.4845005740528129,42
0,Uptrend / Mid-Vol,4h,859,-0.0010675010943193902,-0.0003703758247599609,0.013825994019625618,0.47729918509895225,42
1,Ranging / Low-Vol,15m,861,-2.402990752987581e-05,-1.175508721651397e-05,0.0026949780739638526,0.49825783972125437,42
1,Ranging / Low-Vol,30m,860,-0.00014954019926634033,-0.00011722457962726196,0.0038972875543807645,0.48255813953488375,42
1,Ranging / Low-Vol,1h,859,-0.0004237670717127681,-0.00024582680968343595,0.005458581378513002,0.47264260768335276,42
1,Ranging / Low-Vol,2h,859,-0.0005784555594562842,-0.0002993190181737049,0.007694107246550828,0.47613504074505236,42
1,Ranging / Low-Vol,4h,859,-0.0003076949096632122,-0.0003745913155892566,0.011245713376730786,0.47846332945285214,42
2,Ranging / High-Vol,15m,253,-0.00035566738700924106,-0.00011816387587515464,0.00812745212181305,0.4901185770750988,42
2,Ranging / High-Vol,30m,253,-0.0006401184716528387,0.0004465763369676523,0.011805782201594063,0.525691699604743,42
2,Ranging / High-Vol,1h,253,-0.00025482603520839354,0.00123306164895709,0.013560133331590936,0.541501976284585,42
2,Ranging / High-Vol,2h,253,0.0015712168714479573,0.0021354538148106172,0.016378798256262258,0.5849802371541502,42
2,Ranging / High-Vol,4h,253,0.0025599890656816788,0.0032505527170823,0.018664334755915106,0.5770750988142292,42
3,Downtrend / Mid-Vol,15m,850,9.064974348698651e-05,0.0002678183774413867,0.003735386394965171,0.5258823529411765,42
3,Downtrend / Mid-Vol,30m,850,0.0003905260678561362,0.0007151138538015189,0.005219208628288877,0.5623529411764706,42
3,Downtrend / Mid-Vol,1h,850,0.0006116335675238377,0.0010627314832927226,0.008436469571402623,0.571764705882353,42
3,Downtrend / Mid-Vol,2h,850,-4.177527748186805e-05,0.0007994466858756155,0.012238048005619066,0.5470588235294118,42
3,Downtrend / Mid-Vol,4h,846,-0.0004684638142728867,0.0012286748130669878,0.016619703604270026,0.5567375886524822,42
0,Downtrend / Mid-Vol,15m,927,0.00019647064224593492,0.0001679454704870409,0.003487905894043695,0.5242718446601942,43
0,Downtrend / Mid-Vol,30m,927,0.000496465649652552,0.0005587507727806695,0.0047334883405634786,0.5577130528586839,43
0,Downtrend / Mid-Vol,1h,927,0.0007762888600712074,0.001033208280889042,0.006491630479616228,0.5792880258899676,43
0,Downtrend / Mid-Vol,2h,927,0.0012147650658546208,0.0010462922162091104,0.008618912942968052,0.5663430420711975,43
0,Downtrend / Mid-Vol,4h,927,0.002763039494206909,0.0021296334601537126,0.012791499297307832,0.6084142394822006,43
1,Uptrend / Mid-Vol,15m,966,7.793322298956666e-05,-0.00016856674910226133,0.003309865912246128,0.4813664596273292,43
1,Uptrend / Mid-Vol,30m,966,0.00011785343246216586,-0.0003467341901339793,0.004862660150480472,0.463768115942029,43
1,Uptrend / Mid-Vol,1h,966,0.0004228866383531401,-0.0006144100078024906,0.007158786712683331,0.45445134575569357,43
1,Uptrend / Mid-Vol,2h,962,0.0013735245523844536,-0.00015947024811158172,0.010595742412138598,0.4916839916839917,43
1,Uptrend / Mid-Vol,4h,957,0.0019888644448325375,-0.00027744736794765856,0.014268445780658256,0.48693834900731453,43
2,Ranging / Low-Vol,15m,887,-1.9362713908879433e-05,-7.972297085423463e-05,0.0028019996687233045,0.4904171364148816,43
2,Ranging / Low-Vol,30m,886,-4.140257407395004e-05,-0.00018288140793831786,0.004127003375738202,0.47742663656884876,43
2,Ranging / Low-Vol,1h,884,6.886266703121945e-06,-0.0003626313776505796,0.005651434582949848,0.4592760180995475,43
2,Ranging / Low-Vol,2h,884,7.459530652944418e-06,-0.00022499070943116095,0.008384189955355476,0.48868778280542985,43
2,Ranging / Low-Vol,4h,881,0.0005297600746328265,-0.0002785830258975608,0.012499313114444318,0.4880817253121453,43
3,Ranging / High-Vol,15m,195,0.0004960865570286917,0.0003854075785465483,0.005955070310083414,0.5333333333333333,43
3,Ranging / High-Vol,30m,195,0.0006953742965462193,0.0003011852620833366,0.007727358134687308,0.5076923076923077,43
3,Ranging / High-Vol,1h,195,0.0010941691521963366,0.0006954869145481268,0.009770257211994173,0.5435897435897435,43
3,Ranging / High-Vol,2h,195,0.001315805187465503,0.0004398122809146088,0.011278940011571873,0.5230769230769231,43
3,Ranging / High-Vol,4h,195,0.0025099156936575604,0.0007010233087711981,0.01617022120883589,0.5333333333333333,43
0,Ranging / Low-Vol,15m,926,3.3844072831955666e-05,-7.298057909110867e-06,0.002410412999513017,0.49892008639308855,44
0,Ranging / Low-Vol,30m,926,0.00010674204134894787,-5.856277599747273e-05,0.0036190130636119906,0.49352051835853133,44
0,Ranging / Low-Vol,1h,926,0.0001384558336420479,2.755696555389875e-06,0.0053748926840297305,0.5,44
0,Ranging / Low-Vol,2h,926,-0.0001259850943255093,-0.0005876830955724444,0.007882597839419225,0.46760259179265656,44
0,Ranging / Low-Vol,4h,926,8.720538847300667e-05,-0.00025952944754426,0.01110419247327781,0.4924406047516199,44
1,Uptrend / Mid-Vol,15m,831,5.732158685316347e-05,-0.0003184375714795351,0.0034300164843670848,0.4681107099879663,44
1,Uptrend / Mid-Vol,30m,831,-7.812861912536951e-05,-0.00042773907081539164,0.004554967994908052,0.4584837545126354,44
1,Uptrend / Mid-Vol,1h,831,-0.0002561062816338711,-0.0005130927407677177,0.006144334914096238,0.45126353790613716,44
1,Uptrend / Mid-Vol,2h,831,-0.00025469931120441824,-0.0005611842243684606,0.008590437321682264,0.45968712394705175,44
1,Uptrend / Mid-Vol,4h,831,0.00012194194714538411,-0.0006466130852640362,0.012907157454255356,0.4657039711191336,44
2,Downtrend / Mid-Vol,15m,935,-0.00016273558161934812,-3.908116626760716e-06,0.003637139275657185,0.4983957219251337,44
2,Downtrend / Mid-Vol,30m,934,-0.00019665152474161368,-0.00025729192165080406,0.005204032037530523,0.47002141327623126,44
2,Downtrend / Mid-Vol,1h,932,-0.00018731386711946696,-0.00022339040700281032,0.007278182863280941,0.48605150214592274,44
2,Downtrend / Mid-Vol,2h,928,-0.00020955809253465283,0.0002432219659089796,0.010022535840045131,0.521551724137931,44
2,Downtrend / Mid-Vol,4h,920,-0.00106151410045782,0.00021378621177792212,0.014139863452145286,0.5076086956521739,44
3,Ranging / High-Vol,15m,187,-2.136649018001253e-05,-0.00015024717273348642,0.005125410396438509,0.48128342245989303,44
3,Ranging / High-Vol,30m,187,-6.881484896932941e-06,2.6358859292585635e-05,0.006632396550524121,0.5080213903743316,44
3,Ranging / High-Vol,1h,187,-0.00019685606896831785,-3.0486157209352882e-05,0.00834637680246932,0.4919786096256685,44
3,Ranging / High-Vol,2h,187,-0.00028686493650455913,-0.0006220879666631873,0.011742227661606507,0.47058823529411764,44
3,Ranging / High-Vol,4h,187,-0.0010684896441902464,0.000682842130624195,0.013990658379026891,0.5187165775401069,44
0,Ranging / Low-Vol,15m,837,-0.00012991940472648812,-2.1474064501703083e-05,0.0023479803928516565,0.4946236559139785,45
0,Ranging / Low-Vol,30m,837,-0.00025419860649292085,-5.273588887000358e-05,0.0034194223522326737,0.4922341696535245,45
0,Ranging / Low-Vol,1h,837,-0.00042761809688188673,-0.0004510653090239458,0.004999777200306827,0.45639187574671447,45
0,Ranging / Low-Vol,2h,837,-0.0003323097850468109,-0.0006970970187847314,0.008453319740038415,0.45280764635603343,45
0,Ranging / Low-Vol,4h,837,-0.00044753961855837835,-0.00023435592246023873,0.012550622843762387,0.4838709677419355,45
1,Downtrend / Mid-Vol,15m,1091,-0.00010969859077152826,0.0001279130480558166,0.003705048066619989,0.5142071494042163,45
1,Downtrend / Mid-Vol,30m,1091,-0.00010053390071874107,0.00021604289578291969,0.0051693711665802555,0.5160403299725023,45
1,Downtrend / Mid-Vol,1h,1091,-0.00019866042939387451,0.0004475073090777215,0.0072269735235886475,0.5279560036663611,45
1,Downtrend / Mid-Vol,2h,1091,-0.0006615570689617638,3.813398791585598e-05,0.011683473839190484,0.5022914757103575,45
1,Downtrend / Mid-Vol,4h,1087,-0.0017765664415489678,8.576560433226632e-05,0.01713586995634201,0.500459981600736,45
2,Uptrend / Mid-Vol,15m,837,3.727398782963949e-05,-0.00029028719772306033,0.003642872484072898,0.46236559139784944,45
2,Uptrend / Mid-Vol,30m,836,-9.001104397702154e-05,-0.0005070698676359342,0.00491613635000503,0.4533492822966507,45
2,Uptrend / Mid-Vol,1h,834,-0.00016305919770869505,-0.0008423133049015874,0.006836706763922812,0.44364508393285373,45
2,Uptrend / Mid-Vol,2h,830,-0.0007234953098308282,-0.0012024028281540922,0.009006141649999373,0.41927710843373495,45
2,Uptrend / Mid-Vol,4h,828,-0.001153381251755064,-0.0022062875469286425,0.011515798571479443,0.3973429951690821,45
3,Ranging / High-Vol,15m,210,-7.597901011524789e-05,-5.3913749212597395e-05,0.00795130636861906,0.4857142857142857,45
3,Ranging / High-Vol,30m,210,-0.00013661135552349077,-8.499948890516862e-06,0.011566490632988273,0.5,45
3,Ranging / High-Vol,1h,210,-0.0006844820218917324,0.0001134125193900104,0.016617201021116617,0.5095238095238095,45
3,Ranging / High-Vol,2h,210,-0.0004257527075884988,0.0012877450600967677,0.0178108953454999,0.5666666666666667,45
3,Ranging / High-Vol,4h,208,-0.000726205433008438,0.0012798581754331906,0.020807390316287352,0.5288461538461539,45
0,Ranging / High-Vol,15m,279,-2.6986968706343783e-05,-0.000323611022379211,0.006369241853767887,0.4659498207885305,46
0,Ranging / High-Vol,30m,279,0.00025963261975139765,0.00014130064692352562,0.008921003147525107,0.5125448028673835,46
0,Ranging / High-Vol,1h,279,1.296872379832464e-05,0.0003291606282775916,0.01191838070972308,0.5089605734767025,46
0,Ranging / High-Vol,2h,279,-0.0013330424201921228,-0.0019584245696027125,0.016180358346278234,0.4265232974910394,46
0,Ranging / High-Vol,4h,279,-0.00013456953492234613,-0.00023726049913541658,0.02108535548626244,0.4910394265232975,46
1,Uptrend / Mid-Vol,15m,775,7.648146711297447e-05,-0.00020022756566184796,0.003503166235898176,0.472258064516129,46
1,Uptrend / Mid-Vol,30m,775,1.6633915416630976e-06,-0.0003185597559518527,0.004827996618692552,0.4696774193548387,46
1,Uptrend / Mid-Vol,1h,775,-0.00012451246272479144,-0.0006409909257598656,0.007120915490020332,0.4503225806451613,46
1,Uptrend / Mid-Vol,2h,773,-0.00044593760474279136,-0.0010900811882059713,0.009636236563058493,0.4385510996119017,46
1,Uptrend / Mid-Vol,4h,771,-0.002162009985405386,-0.0016476469981956399,0.013210622708297046,0.42023346303501946,46
2,Ranging / Low-Vol,15m,1014,-0.00012815374280706658,-0.0001580169908379503,0.0022585975844134298,0.46745562130177515,46
2,Ranging / Low-Vol,30m,1013,-0.00016274006916645954,-0.00015378054209769232,0.003126795119289458,0.4738400789733465,46
2,Ranging / Low-Vol,1h,1011,-0.00033554769920182844,-0.00023062693792752498,0.00464340238557044,0.47181008902077154,46
2,Ranging / Low-Vol,2h,1010,-0.0006071144731053856,-0.00033064866118337477,0.006522276015396977,0.47326732673267324,46
2,Ranging / Low-Vol,4h,1005,-0.000498643118279511,-0.0004768705960351838,0.00915274021859808,0.47960199004975124,46
3,Downtrend / Mid-Vol,15m,907,-0.00011889925117118841,0.00014802432603033822,0.003881288393924916,0.5226019845644984,46
3,Downtrend / Mid-Vol,30m,907,-0.00031359818221615607,0.0003726647186912402,0.005520843386681424,0.525909592061742,46
3,Downtrend / Mid-Vol,1h,907,-0.00036418065073877854,0.0006059758263869952,0.007808591185191921,0.5435501653803748,46
3,Downtrend / Mid-Vol,2h,906,-0.00023328281326158632,0.00104331622961773,0.011161581258755307,0.5485651214128036,46
3,Downtrend / Mid-Vol,4h,905,-0.0010192510119855836,0.0006092950921434692,0.017565647760911768,0.5259668508287293,46
0,Downtrend / Mid-Vol,15m,747,-9.703831724998196e-05,0.00018273920888134398,0.004073094814314324,0.5194109772423026,47
0,Downtrend / Mid-Vol,30m,747,7.87668841168767e-05,0.0005247612241436883,0.005966493132065289,0.5502008032128514,47
0,Downtrend / Mid-Vol,1h,747,0.00021688564406517876,0.0009222555808801047,0.008661753209095168,0.5676037483266398,47
0,Downtrend / Mid-Vol,2h,747,-3.8542414203635276e-05,0.0010473865477393929,0.013105721231449242,0.5622489959839357,47
0,Downtrend / Mid-Vol,4h,747,-0.000701529624654999,0.0011856004417172272,0.01804069648739107,0.5515394912985274,47
1,Uptrend / Mid-Vol,15m,723,0.00018897798555461728,-0.00014291389742204785,0.0040436496406907885,0.48686030428769017,47
1,Uptrend / Mid-Vol,30m,723,7.616725575341742e-05,-0.00025804317932554,0.005798575966209564,0.4633471645919779,47
1,Uptrend / Mid-Vol,1h,723,7.909360446576855e-05,-0.0003151074424980749,0.007837966318509084,0.47441217150760717,47
1,Uptrend / Mid-Vol,2h,721,0.0007367533781281096,5.021488159329124e-05,0.010782375537661754,0.5062413314840499,47
1,Uptrend / Mid-Vol,4h,713,0.0019006220365563142,0.00027283755578011437,0.015354848430311275,0.5105189340813464,47
2,Ranging / Low-Vol,15m,946,-5.2242100029008655e-05,1.3865306734750504e-05,0.002215276601727175,0.5021141649048626,47
2,Ranging / Low-Vol,30m,946,-5.970475233273321e-05,-9.017882515394149e-06,0.003513830469291674,0.49365750528541225,47
2,Ranging / Low-Vol,1h,946,-7.2643410446349e-05,3.7660095040692454e-05,0.005456140743145603,0.5042283298097252,47
2,Ranging / Low-Vol,2h,946,-0.00020535506061470233,8.135338653048052e-05,0.007993688896625342,0.507399577167019,47
2,Ranging / Low-Vol,4h,946,0.0003693357730584473,0.0002529886420923333,0.012657711871175831,0.5169133192389006,47
3,Ranging / High-Vol,15m,271,0.0003675045266027186,-0.0003694267449834143,0.006143354792989229,0.47601476014760147,47
3,Ranging / High-Vol,30m,270,0.0006391732716883754,0.0002024186664391081,0.008091047996628178,0.5148148148148148,47
3,Ranging / High-Vol,1h,268,0.0011885149138028464,0.00013658772438507327,0.0111798605699206,0.5111940298507462,47
3,Ranging / High-Vol,2h,266,0.0021902068284204348,0.0011725673375018175,0.013859722804664422,0.5451127819548872,47
3,Ranging / High-Vol,4h,266,0.00130347684010528,0.0020251054182276462,0.0183398544134156,0.5451127819548872,47
0,Uptrend / Mid-Vol,15m,733,0.00010577118789645018,4.701269190121593e-05,0.0036284287340304856,0.5075034106412005,48
0,Uptrend / Mid-Vol,30m,733,2.629821799977256e-05,-0.00013843676205205213,0.004664409145836732,0.48567530695770805,48
0,Uptrend / Mid-Vol,1h,733,-5.971960785462883e-05,-0.0003479778442816439,0.006836411182249111,0.4597544338335607,48
0,Uptrend / Mid-Vol,2h,733,-0.0003570201344780222,-0.0005614036258894117,0.009830097018123504,0.46248294679399726,48
0,Uptrend / Mid-Vol,4h,733,-0.0005174246654782336,-0.0013130009044992619,0.013800759932914197,0.43519781718963163,48
1,Ranging / Low-Vol,15m,1329,5.921330654492787e-05,6.286476068240177e-05,0.0022123406159759583,0.5191873589164786,48
1,Ranging / Low-Vol,30m,1329,0.00011452915476222051,-2.0932540163443036e-05,0.003602648192362642,0.4966139954853273,48
1,Ranging / Low-Vol,1h,1327,0.0002425985221993237,0.0001305519744487782,0.005320423771834423,0.5131876412961568,48
1,Ranging / Low-Vol,2h,1323,0.0004859726134659411,0.00015332676954393776,0.0070858659041002515,0.5109599395313681,48
1,Ranging / Low-Vol,4h,1316,0.000796888664275698,0.00045539109059156146,0.011073623708212112,0.5326747720364742,48
2,Ranging / High-Vol,15m,179,0.00020125306077110286,0.00021405845332012063,0.005178740733963863,0.5251396648044693,48
2,Ranging / High-Vol,30m,179,0.00045524592585768675,0.00045243581651099873,0.006818755832606296,0.5139664804469274,48
2,Ranging / High-Vol,1h,179,0.0003241178634172467,0.0003430066810459209,0.010279663736835984,0.5195530726256983,48
2,Ranging / High-Vol,2h,179,-0.0006516290289385526,-4.225149567105291e-05,0.014041010187570476,0.4972067039106145,48
2,Ranging / High-Vol,4h,179,2.6151466323622194e-05,0.001239360547186763,0.01776651485840458,0.5363128491620112,48
3,Downtrend / Mid-Vol,15m,734,-0.0001964001424298375,0.00021164517679572725,0.0035596825613566367,0.5258855585831063,48
3,Downtrend / Mid-Vol,30m,733,-0.00021615098875641485,0.0004715487046791367,0.005199440704311176,0.5497953615279673,48
3,Downtrend / Mid-Vol,1h,733,-0.0001989811304202204,0.0006580805222604624,0.006905693660735465,0.5593451568894953,48
3,Downtrend / Mid-Vol,2h,733,0.00019826183399105032,0.0010541245176121095,0.009844734436048155,0.5566166439290586,48
3,Downtrend / Mid-Vol,4h,732,0.00029506141202748976,0.0017323537204294581,0.011836149360470482,0.569672131147541,48
0,Downtrend / Mid-Vol,15m,731,-0.0002871902154916375,6.979553584329778e-05,0.0033203336544567245,0.5075239398084815,49
0,Downtrend / Mid-Vol,30m,730,-0.000447509659919201,-0.00021272533956562256,0.004673409914053617,0.4780821917808219,49
0,Downtrend / Mid-Vol,1h,729,-0.0006578902089116018,3.3328468962423585e-06,0.006276288306036724,0.5006858710562414,49
0,Downtrend / Mid-Vol,2h,728,-0.0010356295561605579,-0.00014781680784103912,0.008710773494660245,0.49175824175824173,49
0,Downtrend / Mid-Vol,4h,728,-0.0012802856261615542,0.00022722524055573956,0.011790300649382919,0.5123626373626373,49
1,Ranging / Low-Vol,15m,1547,-2.5087379082737462e-05,1.860408582921025e-05,0.0017589186034530086,0.5054945054945055,49
1,Ranging / Low-Vol,30m,1547,-5.784945862766945e-05,8.737882656362217e-05,0.0026076660361549243,0.513251454427925,49
1,Ranging / Low-Vol,1h,1547,-0.00018510628898339118,0.0001748519832105444,0.0038717307533039967,0.5255332902391726,49
1,Ranging / Low-Vol,2h,1544,-0.0003460743759722676,0.0002133494151346227,0.005637525978445247,0.5259067357512953,49
1,Ranging / Low-Vol,4h,1536,-0.0007980426608753047,9.368275518983893e-05,0.008989619818494284,0.5084635416666666,49
2,Uptrend / Mid-Vol,15m,519,8.585759526535438e-05,-4.5820054117129416e-05,0.0030218775121796516,0.48940269749518306,49
2,Uptrend / Mid-Vol,30m,519,-1.3704074243122094e-05,-3.204051451533019e-05,0.0041273879392526615,0.4932562620423892,49
2,Uptrend / Mid-Vol,1h,519,-0.00021191411140478696,-0.0007211313798656249,0.005607491609469987,0.4508670520231214,49
2,Uptrend / Mid-Vol,2h,519,-0.00046192137125843525,-0.0006876595847664646,0.007895946251128334,0.4605009633911368,49
2,Uptrend / Mid-Vol,4h,519,-0.0008458488181204268,-0.0003363700955620885,0.0109049750654761,0.4720616570327553,49
3,Ranging / High-Vol,15m,82,0.00014096731875334347,0.00010302510222359729,0.004003529526676618,0.5121951219512195,49
3,Ranging / High-Vol,30m,82,0.00048750563976796,0.0012291944355959927,0.005260178232694204,0.5975609756097561,49
3,Ranging / High-Vol,1h,81,0.0014474225688254133,0.0023165954105532904,0.007629170937663946,0.6049382716049383,49
3,Ranging / High-Vol,2h,81,0.001369320546832844,0.0016122633081234738,0.01020501898883268,0.5679012345679012,49
3,Ranging / High-Vol,4h,81,-0.00032659530153882565,0.0011132201855303947,0.011107919825645348,0.5308641975308642,49
0,Downtrend / Mid-Vol,15m,783,-0.00018557684900760346,7.56796130971793e-05,0.00408221799788918,0.508301404853129,50
0,Downtrend / Mid-Vol,30m,783,-0.0002962642190210839,0.00048077518735212266,0.006443599036988098,0.5376756066411239,50
0,Downtrend / Mid-Vol,1h,783,-0.00024021046660365478,0.0007352223767789212,0.008991168589691966,0.5402298850574713,50
0,Downtrend / Mid-Vol,2h,783,-0.0002110090161699041,0.0009030837136609904,0.011437184389661669,0.5478927203065134,50
0,Downtrend / Mid-Vol,4h,780,0.00011464884415070869,0.0018549989390450605,0.01401233971418038,0.5628205128205128,50
1,Ranging / High-Vol,15m,408,-0.00011061588723182196,0.00013922246924558124,0.008292669444778317,0.5073529411764706,50
1,Ranging / High-Vol,30m,408,-0.00013622989844304622,-0.0006494686050801945,0.011581999971542004,0.47794117647058826,50
1,Ranging / High-Vol,1h,408,-0.00025500968361716174,-3.713070579269839e-05,0.015939200753084002,0.49754901960784315,50
1,Ranging / High-Vol,2h,408,-0.0011514964728327121,0.00024295399543738938,0.022329135043261613,0.5098039215686274,50
1,Ranging / High-Vol,4h,408,-0.0031374128497028753,-0.0006598834340767468,0.027056631503744037,0.4877450980392157,50
2,Ranging / Low-Vol,15m,1010,-1.2249071625254063e-05,2.469380302905222e-05,0.0019879977082167227,0.503960396039604,50
2,Ranging / Low-Vol,30m,1009,-7.639175366212958e-05,-7.759304478938134e-05,0.003074592838849335,0.48761149653121905,50
2,Ranging / Low-Vol,1h,1007,-0.00020104847430098234,-1.3625222678115279e-05,0.004922550828756065,0.4985104270109235,50
2,Ranging / Low-Vol,2h,1003,-0.00027177119377537674,0.00013919625282099446,0.007740095094411283,0.518444666001994,50
2,Ranging / Low-Vol,4h,999,-0.0006198828169409271,-0.00028462802234230367,0.012195520196185215,0.4794794794794795,50
3,Uptrend / Mid-Vol,15m,774,4.2780942740602726e-05,-0.0002536264193686577,0.003470255121349356,0.4780361757105943,50
3,Uptrend / Mid-Vol,30m,774,3.565433579620991e-05,-0.0004165359399541657,0.004854428925887453,0.458656330749354,50
3,Uptrend / Mid-Vol,1h,774,-0.00023156255515669952,-0.0006446739752039576,0.00691183669511024,0.437984496124031,50
3,Uptrend / Mid-Vol,2h,774,-0.0005883569943841451,-0.001010436831998085,0.00933161290160053,0.437984496124031,50
3,Uptrend / Mid-Vol,4h,773,-0.0012670465395860594,-0.00151942411026873,0.014034436152825508,0.4359637774902975,50
0,Ranging / Low-Vol,15m,797,-0.00011372535188142944,3.034187198736049e-05,0.0027099374303141415,0.506900878293601,51
0,Ranging / Low-Vol,30m,797,-0.00019240645567556347,-2.6525512360819903e-05,0.004039987125564098,0.4968632371392723,51
0,Ranging / Low-Vol,1h,797,-0.000539652153412027,3.235884828889368e-05,0.006522810511390483,0.5043914680050188,51
0,Ranging / Low-Vol,2h,797,-0.001248755686989177,-7.409227467825019e-05,0.010333029533670279,0.4905897114178168,51
0,Ranging / Low-Vol,4h,797,-0.0026093928668419904,0.00018037814636251426,0.01565899625889887,0.506900878293601,51
1,Downtrend / Mid-Vol,15m,850,-0.00043833188824161923,-0.0001767485964752069,0.004130225491729539,0.4823529411764706,51
1,Downtrend / Mid-Vol,30m,850,-0.0008968568816767038,0.0001334238683714517,0.006318321476665198,0.5129411764705882,51
1,Downtrend / Mid-Vol,1h,850,-0.0013876269921677194,-0.0003413910949658927,0.008544264716834811,0.4764705882352941,51
1,Downtrend / Mid-Vol,2h,848,-0.0027686540595422636,-0.0016150074549630133,0.012771843684072139,0.43160377358490565,51
1,Downtrend / Mid-Vol,4h,840,-0.004649409824246935,-0.0021755788229995687,0.01885259268965017,0.4357142857142857,51
2,Ranging / High-Vol,15m,617,-6.258135538056782e-05,0.00015280898757907835,0.00797016202037535,0.5105348460291734,51
2,Ranging / High-Vol,30m,617,6.104287629816565e-05,-0.00023775581723484152,0.011033038973807996,0.49108589951377635,51
2,Ranging / High-Vol,1h,617,-0.00032856350379651224,-0.0006433125417117935,0.015219460772185634,0.47974068071312803,51
2,Ranging / High-Vol,2h,617,-0.0007191682724596143,-0.0010024761008722294,0.02065793476934381,0.47811993517017826,51
2,Ranging / High-Vol,4h,617,-0.002318479450754202,-0.0020673769796726305,0.028136337031074595,0.4473257698541329,51
3,Uptrend / Mid-Vol,15m,615,5.910406330102727e-05,-0.00017473908854093168,0.004549738797625652,0.4813008130081301,51
3,Uptrend / Mid-Vol,30m,614,-0.0001621941324650681,-0.0002561952486663799,0.005983117202136507,0.46416938110749184,51
3,Uptrend / Mid-Vol,1h,612,-0.00033431299841497273,-0.0007053440880415707,0.008433217265033259,0.4411764705882353,51
3,Uptrend / Mid-Vol,2h,610,-0.0005457530079422656,-0.0012683474405212891,0.011411168109747894,0.4311475409836066,51
3,Uptrend / Mid-Vol,4h,610,-0.0014122904841311623,-0.0020032477060718534,0.016756778282425222,0.4081967213114754,51
0,Downtrend / Mid-Vol,15m,987,-7.985845199699621e-05,0.000266583355070793,0.003489271691059235,0.5450861195542046,52
0,Downtrend / Mid-Vol,30m,986,8.479391697275517e-06,0.00032891393297163063,0.0050182197369458776,0.537525354969574,52
0,Downtrend / Mid-Vol,1h,984,0.00019378720528465774,0.000822411135487755,0.007033279374287238,0.5558943089430894,52
0,Downtrend / Mid-Vol,2h,982,0.00032119183627812544,0.0006097811806196063,0.009980322759551028,0.5386965376782077,52
0,Downtrend / Mid-Vol,4h,977,0.0004796861521904053,0.000993775831840793,0.01314916349624836,0.5373592630501536,52
1,Ranging / Low-Vol,15m,796,-6.953359268897708e-05,0.00010145109221504356,0.002393292047774987,0.5251256281407035,52
1,Ranging / Low-Vol,30m,796,-9.700632565676815e-08,4.2143817450046583e-05,0.003604408053910447,0.5050251256281407,52
1,Ranging / Low-Vol,1h,796,-7.53259493960494e-05,-3.693454187114753e-05,0.0057430423095817485,0.49874371859296485,52
1,Ranging / Low-Vol,2h,796,3.884227647715425e-05,-0.00014078716239751543,0.008060327804730674,0.49246231155778897,52
1,Ranging / Low-Vol,4h,796,0.0008962534626671574,0.0003703216007062693,0.012275429532288835,0.5100502512562815,52
2,Ranging / High-Vol,15m,290,0.00020450629147797822,-4.107747599313427e-05,0.006198217654870563,0.5,52
2,Ranging / High-Vol,30m,290,0.0005246624839175657,0.000571846658247388,0.007778256701196925,0.5448275862068965,52
2,Ranging / High-Vol,1h,290,0.00047696215954979015,0.00021136437750435277,0.010588241607093258,0.5137931034482759,52
2,Ranging / High-Vol,2h,288,-0.00036694417584783495,-4.071680543749068e-05,0.013458682890114995,0.4965277777777778,52
2,Ranging / High-Vol,4h,288,-0.002140455891865561,-0.0004109082837135958,0.01812593624426797,0.4826388888888889,52
3,Uptrend / Mid-Vol,15m,902,0.000267376272189908,4.186391401095335e-05,0.004035655177970455,0.5055432372505543,52
3,Uptrend / Mid-Vol,30m,902,0.00015367326874486241,-0.0001420423971083551,0.005766972014131126,0.48558758314855877,52
3,Uptrend / Mid-Vol,1h,902,0.0003352751860126145,-0.0005243095818929788,0.007914489072235433,0.47117516629711753,52
3,Uptrend / Mid-Vol,2h,902,0.0009711758881313181,-0.0006613647193782768,0.011601816368043591,0.4611973392461197,52
3,Uptrend / Mid-Vol,4h,899,0.0020532461388087613,0.00018621329761892014,0.016768419966618788,0.5127919911012235,52
0,Downtrend / Mid-Vol,15m,793,-6.552560963011541e-05,0.0001107453463404795,0.003185189967769081,0.5157629255989912,53
0,Downtrend / Mid-Vol,30m,792,-0.00012026441303084982,3.982538288216375e-05,0.0042748110862478655,0.5037878787878788,53
0,Downtrend / Mid-Vol,1h,790,-9.3212922240926e-05,0.00024023545355866815,0.005724714061832218,0.5227848101265823,53
0,Downtrend / Mid-Vol,2h,786,3.7444556663715114e-06,0.0002984317901875144,0.00760949976510876,0.5178117048346056,53
0,Downtrend / Mid-Vol,4h,786,-8.504310491047648e-05,0.001027381673159411,0.010249658688246743,0.5521628498727735,53
1,Ranging / High-Vol,15m,89,-0.0009580093354040622,-0.0008712813023219468,0.0042050063267989966,0.4157303370786517,53
1,Ranging / High-Vol,30m,89,-0.0015175846211759074,-0.0011866746385624793,0.005652806698356735,0.39325842696629215,53
1,Ranging / High-Vol,1h,89,-0.002726879062657948,-0.0018391514966733524,0.007245835940277814,0.33707865168539325,53
1,Ranging / High-Vol,2h,89,-0.004363633725430696,-0.0033734525448458896,0.011265578482535099,0.3146067415730337,53
1,Ranging / High-Vol,4h,89,-0.006228626301683476,-0.004589555218069918,0.015674080332897897,0.33707865168539325,53
2,Ranging / Low-Vol,15m,1444,-4.9312274987269214e-05,2.775835783719316e-05,0.002140896348126783,0.5048476454293629,53
2,Ranging / Low-Vol,30m,1444,-0.00010351076850586693,-2.676971004422768e-05,0.00315673737934949,0.4916897506925208,53
2,Ranging / Low-Vol,1h,1444,-0.00023857917637431212,6.857819873751225e-06,0.0046666942544097735,0.5013850415512465,53
2,Ranging / Low-Vol,2h,1444,-0.0005081913106488231,-8.86887944648862e-05,0.007097739308522241,0.49445983379501385,53
2,Ranging / Low-Vol,4h,1443,-0.0008524362490131976,-0.0003809708603359496,0.010359417758626083,0.4733194733194733,53
3,Uptrend / Mid-Vol,15m,649,9.091914882609683e-05,-7.147054434319955e-05,0.0028740900489339595,0.4915254237288136,53
3,Uptrend / Mid-Vol,30m,649,0.00011654890031795133,-8.832114569479188e-05,0.004178759554055388,0.48228043143297383,53
3,Uptrend / Mid-Vol,1h,649,7.491012881408176e-05,-0.0003728522564845349,0.006380853269721095,0.4714946070878274,53
3,Uptrend / Mid-Vol,2h,649,-0.00014822169809294828,-0.0004608847997769061,0.00847750953739305,0.46687211093990755,53
3,Uptrend / Mid-Vol,4h,642,-0.0008256250606027234,-0.0010098655800572232,0.011148729082590614,0.440809968847352,53
0,Uptrend / Mid-Vol,15m,791,0.00021251400279185138,-4.4998312569433097e-05,0.003688537241281698,0.49304677623261695,54
0,Uptrend / Mid-Vol,30m,791,0.00026079203250694216,2.1604977412437165e-05,0.005403598589454499,0.5031605562579013,54
0,Uptrend / Mid-Vol,1h,790,0.0005053483112413573,7.094228900594857e-05,0.007429164569874765,0.5050632911392405,54
0,Uptrend / Mid-Vol,2h,790,0.0002609203066443704,-0.0005522965328799145,0.010442954259333202,0.46835443037974683,54
0,Uptrend / Mid-Vol,4h,790,-0.000366331348857271,-0.0007873550840047372,0.014792420985494523,0.46835443037974683,54
1,Downtrend / Mid-Vol,15m,763,9.642049723073445e-05,0.00016296169713569952,0.0034220168480447286,0.5190039318479686,54
1,Downtrend / Mid-Vol,30m,763,0.0001259254380185079,0.0005828690844111861,0.004905070263534617,0.5674967234600262,54
1,Downtrend / Mid-Vol,1h,763,6.792612908200263e-05,0.0007569499264796775,0.006937526557207521,0.564875491480996,54
1,Downtrend / Mid-Vol,2h,759,0.0005238260599932506,0.0010885295455924648,0.010077600669153652,0.5836627140974967,54
1,Downtrend / Mid-Vol,4h,751,0.00044291974148752715,0.0020786570424125017,0.014194972497465746,0.59254327563249,54
2,Ranging / High-Vol,15m,206,-0.0006182073139954129,-0.0003762076868456532,0.00641626460321597,0.470873786407767,54
2,Ranging / High-Vol,30m,206,-0.0007728303464982168,-0.00023708123802990144,0.008392221109115153,0.47572815533980584,54
2,Ranging / High-Vol,1h,206,-0.0011665693432350776,-0.0009653762318002634,0.010262257491102872,0.45145631067961167,54
2,Ranging / High-Vol,2h,206,-0.0023658345390577856,-0.0006375944078733653,0.013501281355537346,0.47572815533980584,54
2,Ranging / High-Vol,4h,206,-0.0031450220144455124,-0.0007390651784273672,0.01800456583887278,0.49514563106796117,54
3,Ranging / Low-Vol,15m,1119,-0.00013314001172571788,-9.792034475708533e-05,0.002274171166807354,0.48078641644325293,54
3,Ranging / Low-Vol,30m,1118,-0.0001895732521732962,-8.039971523654543e-05,0.0033827053612704564,0.48389982110912344,54
3,Ranging / Low-Vol,1h,1117,-0.00030229554762182176,-0.00017795475281268125,0.004979624095866832,0.4735899731423456,54
3,Ranging / Low-Vol,2h,1117,-0.000352785624220052,-0.0001735289664690498,0.007753433238461051,0.486123545210385,54
3,Ranging / Low-Vol,4h,1117,3.9995169370061215e-05,-0.0005031874120184909,0.011405737652819135,0.4798567591763653,54
0,Ranging / High-Vol,15m,48,0.00059770622879222,0.0005941719551909586,0.0041496429426977535,0.625,55
0,Ranging / High-Vol,30m,48,0.0013789876482389978,0.0004082785719532467,0.004999015721975303,0.5416666666666666,55
0,Ranging / High-Vol,1h,48,0.0034505476579581216,0.002053914273080437,0.005884709656551942,0.6458333333333334,55
0,Ranging / High-Vol,2h,48,0.006051045543874145,0.002243304351940978,0.010956691446119337,0.7291666666666666,55
0,Ranging / High-Vol,4h,48,0.008543983992530571,0.002216175096148909,0.01894693573922548,0.625,55
1,Ranging / Low-Vol,15m,2093,-3.2744829468422526e-05,0.0,0.0015068939521864731,0.49976110845676064,55
1,Ranging / Low-Vol,30m,2092,-7.593973911393833e-05,-2.858812205364103e-05,0.002197732204485744,0.4904397705544933,55
1,Ranging / Low-Vol,1h,2090,-0.000152094305209807,-6.000146716989008e-05,0.0031816358417299613,0.48660287081339715,55
1,Ranging / Low-Vol,2h,2087,-0.0001431409598439512,-0.0001888283465412144,0.004492481823538443,0.4676569238140872,55
1,Ranging / Low-Vol,4h,2079,-0.0002012546920725261,-0.0001283351489806961,0.006269837004915138,0.4858104858104858,55
2,Uptrend / Mid-Vol,15m,394,0.00010314855258506586,-0.00022325193885475159,0.0029086350936899596,0.4593908629441624,55
2,Uptrend / Mid-Vol,30m,394,0.00011936913473568457,-0.00016724559233161074,0.0040110891397467305,0.4746192893401015,55
2,Uptrend / Mid-Vol,1h,394,0.0003229475267696097,-0.0004219424171028052,0.005119536579406549,0.4746192893401015,55
2,Uptrend / Mid-Vol,2h,393,0.00030958676527707715,-0.0009013751669488812,0.0069576004622066276,0.44529262086513993,55
2,Uptrend / Mid-Vol,4h,393,0.0006038064833341941,-0.0012375190761702015,0.010420271335077924,0.43765903307888043,55
3,Downtrend / Mid-Vol,15m,440,0.00011555744724612748,0.00028101088636489635,0.0028336289269780923,0.5659090909090909,55
3,Downtrend / Mid-Vol,30m,440,0.0003393168670054832,0.000587873439843456,0.003628776017772581,0.5886363636363636,55
3,Downtrend / Mid-Vol,1h,440,0.0005446724001761917,0.0008289650525776793,0.0049709518125547756,0.6022727272727273,55
3,Downtrend / Mid-Vol,2h,440,0.0007156844293104077,0.0009309798436696326,0.0062207493769995195,0.5886363636363636,55
3,Downtrend / Mid-Vol,4h,440,0.0013686887733362846,0.0012651186118368685,0.007469007807249884,0.6022727272727273,55
0,Downtrend / Mid-Vol,15m,530,-0.00014892039192434305,0.0002051853811302351,0.0035494680133738503,0.5358490566037736,56
0,Downtrend / Mid-Vol,30m,530,-8.851541628017482e-05,0.0003486245539043864,0.00593207898220863,0.5547169811320755,56
0,Downtrend / Mid-Vol,1h,530,0.00022285691424862901,0.00029942869534593797,0.008503497432022653,0.5283018867924528,56
0,Downtrend / Mid-Vol,2h,530,0.0005883550350545559,0.0006950320766829776,0.012698208447114105,0.5584905660377358,56
0,Downtrend / Mid-Vol,4h,530,0.00017498123941785164,0.0006708106234629696,0.01672644291074914,0.530188679245283,56
1,Ranging / Low-Vol,15m,1619,-2.8174297087048208e-05,-2.1821064844829152e-05,0.001747822020771662,0.49413218035824585,56
1,Ranging / Low-Vol,30m,1619,-6.176953259793679e-05,-1.933946072085746e-05,0.0025780210477035653,0.49536751080914143,56
1,Ranging / Low-Vol,1h,1619,-7.008232335911661e-05,4.2601218215310155e-06,0.0037257524476532965,0.5003088326127239,56
1,Ranging / Low-Vol,2h,1619,-0.00017336608680461018,-0.00015645864526447895,0.005462656697319457,0.47992588017294624,56
1,Ranging / Low-Vol,4h,1619,-0.0002588275216954214,-0.0003899372105653498,0.008333297890496038,0.471278567016677,56
2,Uptrend / Mid-Vol,15m,455,0.0002584342339602312,-0.0001919485967558643,0.00383835859812826,0.48131868131868133,56
2,Uptrend / Mid-Vol,30m,454,0.00034860734760321153,-0.0001898832536006978,0.005628339082308044,0.4647577092511013,56
2,Uptrend / Mid-Vol,1h,452,-9.035032421080088e-05,-0.0004974838015590066,0.0077581024963954545,0.4646017699115044,56
2,Uptrend / Mid-Vol,2h,448,-0.0006111092439837167,-0.0006455102451843331,0.008691430280177527,0.4375,56
2,Uptrend / Mid-Vol,4h,440,-0.0015482691508070196,-0.0013758314609741973,0.01173185677055288,0.3977272727272727,56
3,Ranging / High-Vol,15m,275,-0.0006186857944245296,-0.00040316151003949585,0.008513261922390327,0.4727272727272727,56
3,Ranging / High-Vol,30m,275,-0.001310681155319251,-0.00025724222163070465,0.011263201214736026,0.48,56
3,Ranging / High-Vol,1h,275,-0.002412843274520504,-0.00034435017557754577,0.016338155886060173,0.48,56
3,Ranging / High-Vol,2h,275,-0.004296733600464661,-0.0016773902894477999,0.02307795852587771,0.4581818181818182,56
3,Ranging / High-Vol,4h,275,-0.006874215166374575,-0.0019419091203243255,0.02907275979232439,0.4509090909090909,56
0,Uptrend / Mid-Vol,15m,159,-6.094683422728706e-05,-0.00027740076849980255,0.0029419117451922436,0.44654088050314467,57
0,Uptrend / Mid-Vol,30m,159,-0.00031940228778972607,-0.0005306998846528188,0.0044855110583461874,0.4025157232704403,57
0,Uptrend / Mid-Vol,1h,159,-0.0005492621425672676,-0.000567956628216848,0.0064356272762058735,0.4088050314465409,57
0,Uptrend / Mid-Vol,2h,159,-0.0008477267698910681,-0.0006471692805032347,0.009010790316057223,0.4276729559748428,57
0,Uptrend / Mid-Vol,4h,159,-0.0002305575310950647,-0.0002019692304671139,0.010635828989547437,0.4779874213836478,57
1,Ranging / Low-Vol,15m,2559,-4.858156419092098e-06,-9.335891366646365e-06,0.0010804948646172135,0.4935521688159437,57
1,Ranging / Low-Vol,30m,2558,-8.47808599586313e-06,-2.0840116900622263e-05,0.0016121984611318439,0.48866301798279904,57
1,Ranging / Low-Vol,1h,2556,-1.5504909542901562e-05,2.158728434675794e-05,0.0023880324060429788,0.505868544600939,57
1,Ranging / Low-Vol,2h,2552,-5.998364367417626e-05,1.3225469792210731e-05,0.003294273511537849,0.5035266457680251,57
1,Ranging / Low-Vol,4h,2544,-0.00021358910572684872,-3.22115959168201e-05,0.0045916705121338865,0.4933176100628931,57
2,Ranging / High-Vol,15m,21,-0.0012043202893152855,-0.0007852601118276681,0.003845476662743995,0.42857142857142855,57
2,Ranging / High-Vol,30m,21,-0.0015977773820776485,-0.0008142716209889045,0.003946756707768728,0.47619047619047616,57
2,Ranging / High-Vol,1h,21,-0.0023740061122205633,-0.0020425003252402263,0.004022844745560954,0.23809523809523808,57
2,Ranging / High-Vol,2h,21,-0.001930015422566185,-0.00028049342342661987,0.004562016695223107,0.42857142857142855,57
2,Ranging / High-Vol,4h,21,-0.0010187047600591743,-0.0031967822978646865,0.010949053683101902,0.3333333333333333,57
3,Downtrend / Mid-Vol,15m,236,3.8609062871396595e-05,0.00031933507164261243,0.0018491692813313162,0.576271186440678,57
3,Downtrend / Mid-Vol,30m,236,0.0001222049812362905,0.0004403355483253435,0.002280082611533756,0.6059322033898306,57
3,Downtrend / Mid-Vol,1h,236,9.745577022770042e-05,0.0006132094282431666,0.002759348872262832,0.5847457627118644,57
3,Downtrend / Mid-Vol,2h,236,0.00014837565006616007,0.0005647596177951186,0.003417396708168129,0.5889830508474576,57
3,Downtrend / Mid-Vol,4h,236,0.00015607679012891455,0.000553142420317343,0.005593140286714479,0.5720338983050848,57
0,Ranging / High-Vol,15m,126,0.0004600148840940103,0.00048062274237548053,0.0062321428770943784,0.5555555555555556,58
0,Ranging / High-Vol,30m,126,0.00105976428708393,0.000774352418511981,0.008144807389044297,0.5714285714285714,58
0,Ranging / High-Vol,1h,126,0.0022204696274661937,0.001693152803361464,0.008492202632652128,0.6666666666666666,58
0,Ranging / High-Vol,2h,126,0.004478362489501442,0.002096701284778568,0.01073271520880218,0.6349206349206349,58
0,Ranging / High-Vol,4h,126,0.005116683180520488,0.0016896504594843265,0.013951453029628691,0.5793650793650794,58
1,Uptrend / Mid-Vol,15m,482,0.000297505947506185,6.577326022583208e-05,0.0033486110340510988,0.5145228215767634,58
1,Uptrend / Mid-Vol,30m,481,0.0003692914676576813,5.635754992283637e-05,0.004990395731335511,0.5072765072765073,58
1,Uptrend / Mid-Vol,1h,479,0.0006533319712592117,-7.831520090384458e-05,0.00779866655577882,0.48643006263048016,58
1,Uptrend / Mid-Vol,2h,478,0.0012361800015028802,-5.01386918854152e-05,0.010424713009965223,0.497907949790795,58
1,Uptrend / Mid-Vol,4h,478,0.003332585004105134,0.0002495056714613142,0.014961353418571523,0.5125523012552301,58
2,Ranging / Low-Vol,15m,1981,4.919160038303943e-05,5.516182731746255e-05,0.0014398946432334333,0.5270065623422514,58
2,Ranging / Low-Vol,30m,1981,0.00012856132693222683,8.578930393809969e-05,0.0021147730197176944,0.5270065623422514,58
2,Ranging / Low-Vol,1h,1981,0.00029265962209492095,0.00011529913397723135,0.0032058684152850426,0.5265017667844523,58
2,Ranging / Low-Vol,2h,1981,0.000484469304138549,0.00021674449264352802,0.004914960662254831,0.5381120646138314,58
2,Ranging / Low-Vol,4h,1976,0.0011035064887765537,0.0004556117058580611,0.007193105131732654,0.5597165991902834,58
3,Downtrend / Mid-Vol,15m,386,9.714525330728072e-05,0.00042101335287370034,0.0028473277956810442,0.5777202072538861,58
3,Downtrend / Mid-Vol,30m,386,0.0002725075214418426,0.0005894021830519236,0.0038458558496087397,0.582901554404145,58
3,Downtrend / Mid-Vol,1h,386,0.0004388328503611377,0.000882889205295001,0.004846413696018409,0.6113989637305699,58
3,Downtrend / Mid-Vol,2h,383,0.0014229243862354352,0.0015270692204758518,0.006257702531060064,0.6240208877284595,58
3,Downtrend / Mid-Vol,4h,380,0.002349150484499694,0.0016699114118692293,0.009289310894493802,0.6526315789473685,58
0,Ranging / Low-Vol,15m,1646,-2.2612351718717427e-05,-1.819920516510365e-05,0.0015809314229715053,0.491494532199271,59
0,Ranging / Low-Vol,30m,1645,-3.807945223834125e-05,-7.77402528484572e-05,0.0024075414092130038,0.47112462006079026,59
0,Ranging / Low-Vol,1h,1645,-6.117978499128686e-05,3.849833397850944e-06,0.0035070026489295958,0.5015197568389058,59
0,Ranging / Low-Vol,2h,1645,-5.593412106735493e-05,-0.00011124822228403275,0.005346599293524853,0.4869300911854103,59
0,Ranging / Low-Vol,4h,1645,-3.974820772246814e-05,-0.0002670929273449474,0.008403348165068781,0.47477203647416416,59
1,Uptrend / Mid-Vol,15m,423,0.0001596746182094941,-0.00018834621661412143,0.002904520473298337,0.46099290780141844,59
1,Uptrend / Mid-Vol,30m,423,9.409381022989169e-05,-0.00023507117991528048,0.004002093894546667,0.47044917257683216,59
1,Uptrend / Mid-Vol,1h,423,7.695128093388297e-05,-0.00027163593118295637,0.005650292206770804,0.4562647754137116,59
1,Uptrend / Mid-Vol,2h,423,-0.00011575637459823773,-0.0006753519539159925,0.00828396358517607,0.458628841607565,59
1,Uptrend / Mid-Vol,4h,423,-0.0005808069495621678,-0.0006761535528152507,0.011587046563089913,0.43498817966903075,59
2,Ranging / High-Vol,15m,119,0.00017416020277352415,0.0005461965994175699,0.004969673517255195,0.5882352941176471,59
2,Ranging / High-Vol,30m,119,0.000602741610335406,0.0008479352987702526,0.006660380031943292,0.5462184873949579,59
2,Ranging / High-Vol,1h,119,0.001732107663300202,0.000650100256981645,0.008917711685048058,0.5630252100840336,59
2,Ranging / High-Vol,2h,119,0.0033733358274222643,0.0022701686698081147,0.011534466320728715,0.6050420168067226,59
2,Ranging / High-Vol,4h,119,0.0065065085786801865,0.005648349316178525,0.014660327568568398,0.6638655462184874,59
3,Downtrend / Mid-Vol,15m,499,-9.808738395853452e-05,9.89159179205501e-05,0.0030867631467562033,0.5050100200400801,59
3,Downtrend / Mid-Vol,30m,499,-8.570850656502525e-05,0.00015782263372088323,0.004482546450894285,0.5150300601202404,59
3,Downtrend / Mid-Vol,1h,497,-0.00025520606167082346,0.00033049391089612357,0.006064179420039967,0.5150905432595574,59
3,Downtrend / Mid-Vol,2h,493,-0.00047523263346986523,0.00039837874535386675,0.007785930146937667,0.5273833671399595,59
3,Downtrend / Mid-Vol,4h,485,-0.0008179432259925167,0.0009294398606822796,0.009816061021489792,0.5711340206185567,59
0,Downtrend / Mid-Vol,15m,628,-4.48775132689625e-05,0.00021405172050936727,0.0033703259412593113,0.5382165605095541,60
0,Downtrend / Mid-Vol,30m,628,4.6808955459949755e-05,0.0004895130500317535,0.004771678796662568,0.5557324840764332,60
0,Downtrend / Mid-Vol,1h,627,4.082058558756699e-05,0.0008688403126253519,0.006983597988968713,0.5725677830940988,60
0,Downtrend / Mid-Vol,2h,623,0.0004665705123389128,0.0015010770928913786,0.010988966593527806,0.6035313001605136,60
0,Downtrend / Mid-Vol,4h,617,0.0019290809609225571,0.0020302383248402833,0.01652690670126562,0.6142625607779578,60
1,Uptrend / Mid-Vol,15m,673,0.0003064474831164457,-8.845038363425317e-05,0.0035516339304823615,0.4799405646359584,60
1,Uptrend / Mid-Vol,30m,673,0.0005884306174122745,-0.00011055851677355122,0.005117188394844001,0.48588410104011887,60
1,Uptrend / Mid-Vol,1h,673,0.0010387083411287099,-0.00022650259500522907,0.0075055552541859446,0.4739970282317979,60
1,Uptrend / Mid-Vol,2h,670,0.002127328634938559,-7.16121850956597e-05,0.011960855935829328,0.4925373134328358,60
1,Uptrend / Mid-Vol,4h,670,0.0028561830220943,-5.2158095216192635e-05,0.016758148936407816,0.4955223880597015,60
2,Ranging / High-Vol,15m,274,0.0002069072167664595,0.0004592692438309953,0.00663586166474443,0.5437956204379562,60
2,Ranging / High-Vol,30m,274,7.782621264227709e-05,-0.00027218492304204034,0.009470306508366338,0.4854014598540146,60
2,Ranging / High-Vol,1h,274,0.00044291535009012063,0.0005160018929029064,0.011789969593748544,0.5291970802919708,60
2,Ranging / High-Vol,2h,274,0.000791161015097491,0.0008606895999649922,0.012594060187986287,0.5291970802919708,60
2,Ranging / High-Vol,4h,274,0.0010752331926946598,0.0016213127802471305,0.018187975314879146,0.572992700729927,60
3,Ranging / Low-Vol,15m,1366,-1.4083917069232759e-05,-4.601709062690418e-05,0.0018770202100495917,0.48316251830161056,60
3,Ranging / Low-Vol,30m,1364,-1.1978142639586987e-05,-0.00010164250001931663,0.003003715169808547,0.4780058651026393,60
3,Ranging / Low-Vol,1h,1361,2.541182370363041e-05,-6.899825575068519e-05,0.0046936072632000345,0.4878765613519471,60
3,Ranging / Low-Vol,2h,1360,-9.219985665469555e-05,-0.0002233245367095904,0.006742319716729401,0.4713235294117647,60
3,Ranging / Low-Vol,4h,1350,0.00014709816673632285,-0.00041030996495639016,0.010557128165028812,0.4651851851851852,60
0,Ranging / Low-Vol,15m,1923,-2.1693585510534822e-05,-1.4268627603897244e-05,0.0015700205777557377,0.4960998439937597,61
0,Ranging / Low-Vol,30m,1922,-7.895067961713363e-05,5.685407535871434e-06,0.0023557895327452373,0.5015608740894901,61
0,Ranging / Low-Vol,1h,1920,-9.13805347870352e-05,-7.625569429414725e-05,0.003792627893187673,0.48385416666666664,61
0,Ranging / Low-Vol,2h,1916,-0.00015238416491358727,-7.995465106258592e-05,0.005364395676136383,0.4890396659707724,61
0,Ranging / Low-Vol,4h,1916,-0.00033808010282271957,-0.0004454006646907871,0.007935931788944032,0.4603340292275574,61
1,Downtrend / Mid-Vol,15m,440,-3.8298884182351824e-05,0.0002734647996689432,0.002803317834732744,0.5568181818181818,61
1,Downtrend / Mid-Vol,30m,440,7.815664578517779e-05,0.00041231242128692003,0.004478484230478432,0.5727272727272728,61
1,Downtrend / Mid-Vol,1h,440,-0.00013369209756724357,0.0007021743990973661,0.005740496162224606,0.5590909090909091,61
1,Downtrend / Mid-Vol,2h,440,-0.0006570761851681059,0.0011118660924447354,0.008004888448481878,0.5977272727272728,61
1,Downtrend / Mid-Vol,4h,434,-0.0003247487777048262,0.0011702824312607163,0.00839374847217158,0.5852534562211982,61
2,Ranging / High-Vol,15m,86,-0.0005283703483763396,-7.541316454062752e-05,0.0058149747940967455,0.47674418604651164,61
2,Ranging / High-Vol,30m,86,-0.0007382278771457871,-0.0005656359782539866,0.007918848658069322,0.45348837209302323,61
2,Ranging / High-Vol,1h,86,-6.014932048218114e-05,-0.00028696592138821586,0.01030968895734528,0.47674418604651164,61
2,Ranging / High-Vol,2h,86,0.002401309061128193,0.0005316829409096613,0.010352083870046939,0.5581395348837209,61
2,Ranging / High-Vol,4h,86,0.003574848380805067,0.00020393501143445292,0.01355750190207802,0.5116279069767442,61
3,Uptrend / Mid-Vol,15m,430,0.0003009521591528282,8.242559309756814e-06,0.0032206410114692754,0.5023255813953489,61
3,Uptrend / Mid-Vol,30m,430,0.000552259343840069,-4.747317249353955e-05,0.00433404563249756,0.48604651162790696,61
3,Uptrend / Mid-Vol,1h,430,0.000842422282202313,-0.0002848143686220439,0.006099241640315695,0.4627906976744186,61
3,Uptrend / Mid-Vol,2h,430,0.0014501635598215623,-0.00029264511585935793,0.008482368212650434,0.4720930232558139,61
3,Uptrend / Mid-Vol,4h,428,0.0022168572931899225,-0.0002792721471909232,0.012819627630400905,0.49065420560747663,61
0,Uptrend / Mid-Vol,15m,385,5.643360478337911e-05,-0.0001748725359291825,0.0025269943355854057,0.4779220779220779,62
0,Uptrend / Mid-Vol,30m,384,2.4849140657196938e-05,-0.00022119952805788046,0.004014918476230778,0.4427083333333333,62
0,Uptrend / Mid-Vol,1h,384,-7.65685210750433e-06,-0.0004776982783400996,0.005334916931673323,0.4557291666666667,62
0,Uptrend / Mid-Vol,2h,384,-0.00016039666850540166,-0.0006775667372966865,0.006908696367285841,0.4427083333333333,62
0,Uptrend / Mid-Vol,4h,384,-0.00030204480826418373,-0.0006116656743024862,0.00880227772809572,0.453125,62
1,Downtrend / Mid-Vol,15m,481,-0.00016977337224823003,0.00014430469277293412,0.0028209214779243773,0.5363825363825364,62
1,Downtrend / Mid-Vol,30m,481,-0.00021532956125683192,0.0003836566716781675,0.003732772294151149,0.5592515592515592,62
1,Downtrend / Mid-Vol,1h,481,-0.00022645361254147988,0.00043607249502564116,0.005053401725048662,0.5363825363825364,62
1,Downtrend / Mid-Vol,2h,481,-0.0002761482076858367,0.000597599622347289,0.0068483290071907465,0.5634095634095634,62
1,Downtrend / Mid-Vol,4h,481,-0.00037997584512864616,0.00045659199416547835,0.008582716992626293,0.5322245322245323,62
2,Ranging / Low-Vol,15m,2052,-1.8147130994198898e-05,-2.3843784169308435e-05,0.001430553544825299,0.48830409356725146,62
2,Ranging / Low-Vol,30m,2052,-6.173750097875651e-05,-1.0204251646328544e-05,0.002191566490256435,0.49610136452241715,62
2,Ranging / Low-Vol,1h,2050,-0.0001506519971552933,-2.3246022716527648e-05,0.0031677822340342304,0.4970731707317073,62
2,Ranging / Low-Vol,2h,2046,-0.00028700155777814263,-0.00012652442481453363,0.0045942258195620575,0.478494623655914,62
2,Ranging / Low-Vol,4h,2038,-0.0004507582879181815,-0.0004709160173534954,0.006708036207724811,0.4519136408243376,62
3,Ranging / High-Vol,15m,57,0.00041267013264728884,0.0001893832512838145,0.005201769769861464,0.5614035087719298,62
3,Ranging / High-Vol,30m,57,0.0013145689314257158,0.0006903982320327628,0.005418972221891362,0.5614035087719298,62
3,Ranging / High-Vol,1h,57,0.002179609065277551,0.0015792123592390794,0.005648349180564592,0.7017543859649122,62
3,Ranging / High-Vol,2h,57,0.004073898770670107,0.0021137137614886115,0.00755399626207585,0.6666666666666666,62
3,Ranging / High-Vol,4h,57,0.004233442658431747,0.0039599273890917885,0.0074131680470138185,0.7017543859649122,62
0,Downtrend / Mid-Vol,15m,429,0.0001321700449393309,0.0003222779020450872,0.002454538429269886,0.5547785547785548,63
0,Downtrend / Mid-Vol,30m,429,0.00035284994059569337,0.0005475483620838162,0.0032904002055062823,0.5920745920745921,63
0,Downtrend / Mid-Vol,1h,429,0.0006721839712633186,0.0009450374016068963,0.004573515381493787,0.6410256410256411,63
0,Downtrend / Mid-Vol,2h,429,0.0007695130935124576,0.0012360609386483645,0.0069401568743067,0.6223776223776224,63
0,Downtrend / Mid-Vol,4h,429,0.000979066294324124,0.0012691257401762357,0.0096827118581418,0.5897435897435898,63
1,Uptrend / Mid-Vol,15m,486,0.0002895961224823657,-2.535576965723152e-05,0.003205987004289955,0.49794238683127573,63
1,Uptrend / Mid-Vol,30m,486,0.0005392429519470601,-0.000104064285463501,0.004527382574835904,0.48559670781893005,63
1,Uptrend / Mid-Vol,1h,486,0.0009509066127081451,0.0001419642844533442,0.006387512219042445,0.5164609053497943,63
1,Uptrend / Mid-Vol,2h,486,0.0014895832085401715,0.00014098227579761868,0.009140990156669731,0.522633744855967,63
1,Uptrend / Mid-Vol,4h,485,0.002506996151084718,-9.835838547012088e-05,0.012189295101886035,0.4845360824742268,63
2,Ranging / High-Vol,15m,97,-0.0003496850485574512,-0.000272735339551744,0.005299719787581722,0.4639175257731959,63
2,Ranging / High-Vol,30m,97,-0.0007906846529954815,-0.000521801311851533,0.00769836255351019,0.44329896907216493,63
2,Ranging / High-Vol,1h,97,-0.0012363577174536618,-0.0009494791978781336,0.008216921159345716,0.41237113402061853,63
2,Ranging / High-Vol,2h,97,-0.000812585273001633,-0.0005036156600457531,0.007723980068842918,0.4845360824742268,63
2,Ranging / High-Vol,4h,97,0.0003328812137234269,0.0005078812707051128,0.008502693535628944,0.5154639175257731,63
3,Ranging / Low-Vol,15m,1867,-2.906633001645211e-05,1.178113016386817e-05,0.00150189620543361,0.5034815211569362,63
3,Ranging / Low-Vol,30m,1866,-6.190928563519084e-05,-1.7857711411828348e-05,0.002186372068169883,0.49732047159699894,63
3,Ranging / Low-Vol,1h,1864,-9.27630326239224e-05,-8.638094058888157e-05,0.003370059020180496,0.4855150214592275,63
3,Ranging / Low-Vol,2h,1860,-2.5181136971267948e-05,-5.314606352335716e-06,0.005031566038119071,0.49838709677419357,63
3,Ranging / Low-Vol,4h,1853,0.00013801091005093128,0.00018102503210748466,0.008047566859704017,0.5143011332973556,63
0,Downtrend / Mid-Vol,15m,244,-0.00017045759227390115,-0.00011639577468613993,0.002275808370083425,0.4672131147540984,64
0,Downtrend / Mid-Vol,30m,244,-0.00022066173728903032,0.0001473667218991892,0.0030211412477095584,0.5409836065573771,64
0,Downtrend / Mid-Vol,1h,244,-0.0003708654600113576,0.0004748232141773556,0.004295224394672177,0.5532786885245902,64
0,Downtrend / Mid-Vol,2h,244,-0.0004756312847224415,0.0005624542982616276,0.005733189418039709,0.5573770491803278,64
0,Downtrend / Mid-Vol,4h,244,0.00034598399476713895,0.0015587718885381463,0.006143621372289755,0.6147540983606558,64
1,Ranging / Low-Vol,15m,2516,2.681727585441954e-06,-4.872098151320614e-05,0.001098377279538827,0.4733704292527822,64
1,Ranging / Low-Vol,30m,2515,-1.269480128940723e-06,-2.4040347719633814e-05,0.0015497574887082346,0.4906560636182903,64
1,Ranging / Low-Vol,1h,2513,5.7008175081458295e-06,-2.2443970115304523e-05,0.0022137013336890315,0.49383207321925987,64
1,Ranging / Low-Vol,2h,2509,-4.592625931064965e-05,-6.842538144979926e-07,0.0032468098647874186,0.4998007174172977,64
1,Ranging / Low-Vol,4h,2501,-0.00014233656606545985,4.4465240502944425e-05,0.005089038163440343,0.5093962415033987,64
2,Uptrend / Mid-Vol,15m,191,2.5864558877191987e-05,-1.1787761357240356e-05,0.0027445589713925647,0.4869109947643979,64
2,Uptrend / Mid-Vol,30m,191,-2.1096430713049258e-05,-6.578300360260414e-05,0.0038669155086006155,0.4869109947643979,64
2,Uptrend / Mid-Vol,1h,191,-0.0004190685252121231,-0.0007992935723581951,0.005465714740828279,0.418848167539267,64
2,Uptrend / Mid-Vol,2h,191,-0.0003938281171969317,-0.0009086123820427616,0.007424138204916993,0.4293193717277487,64
2,Uptrend / Mid-Vol,4h,191,-0.001542787239376025,-0.001954964426587935,0.009348620137152002,0.3403141361256545,64
3,Ranging / High-Vol,15m,24,-0.00045142781126350506,-0.00019311515116182676,0.003098311368092626,0.4583333333333333,64
3,Ranging / High-Vol,30m,24,-0.0009371832303914177,-0.00044004629382765614,0.003955682320528415,0.4166666666666667,64
3,Ranging / High-Vol,1h,24,-0.000599787312680844,0.00029821680387787097,0.0052459339331765754,0.5416666666666666,64
3,Ranging / High-Vol,2h,24,-0.0012238868628416573,-0.0012520533850457483,0.006434588625964974,0.4583333333333333,64
3,Ranging / High-Vol,4h,24,-0.004021839473557091,-0.002218833671536302,0.010100741383923867,0.4583333333333333,64
0,Downtrend / Mid-Vol,15m,352,-0.0004519789850122832,-3.4744220743121446e-05,0.005498215576989041,0.48011363636363635,65
0,Downtrend / Mid-Vol,30m,351,-0.0007408982236038815,-0.0002391941697172939,0.006394560752354404,0.4757834757834758,65
0,Downtrend / Mid-Vol,1h,349,-0.0012044722711372709,5.8382783342025846e-05,0.007985499282588803,0.5186246418338109,65
0,Downtrend / Mid-Vol,2h,345,-0.001576512012636209,-0.00028447542716669716,0.00734482796748147,0.4811594202898551,65
0,Downtrend / Mid-Vol,4h,337,-0.0034617562131198493,-0.00047546651253327354,0.01304573300389361,0.47181008902077154,65
1,Ranging / Low-Vol,15m,2380,-4.641363509288944e-05,-2.326397332907959e-05,0.0010951040102318299,0.4861344537815126,65
1,Ranging / Low-Vol,30m,2380,-7.967861895735532e-05,-3.317853270790039e-05,0.0017130019514362976,0.47983193277310926,65
1,Ranging / Low-Vol,1h,2380,-0.00012012076980592744,-4.486752173615827e-05,0.0027692304510254246,0.4823529411764706,65
1,Ranging / Low-Vol,2h,2380,-0.00024749438986003,-0.00012702779673201547,0.004987201758479576,0.46596638655462186,65
1,Ranging / Low-Vol,4h,2380,-0.00022003923459915203,-0.0003478703785315673,0.006885425059706669,0.4474789915966387,65
2,Uptrend / Mid-Vol,15m,198,0.0002882536242863323,-0.0002268773413787173,0.0030240735188334948,0.47474747474747475,65
2,Uptrend / Mid-Vol,30m,198,0.00043575464287664954,-0.00020904134779087258,0.0046408648999028525,0.47474747474747475,65
2,Uptrend / Mid-Vol,1h,198,0.00025625980951877466,-0.000496151991841387,0.005522429591045794,0.4797979797979798,65
2,Uptrend / Mid-Vol,2h,198,9.538185365792033e-05,-0.0002460934257655367,0.00723152333375495,0.48484848484848486,65
2,Uptrend / Mid-Vol,4h,198,-0.00032062395994494365,-0.0019517840037641676,0.009167659679758645,0.40404040404040403,65
3,Ranging / High-Vol,15m,45,0.002074454132775827,-0.00017470303843936108,0.008280658873684975,0.4888888888888889,65
3,Ranging / High-Vol,30m,45,0.0027966923041435146,0.0008579677014441955,0.008303022900743489,0.6222222222222222,65
3,Ranging / High-Vol,1h,45,0.00398583529800689,0.001378824376519816,0.009889754365018879,0.6,65
3,Ranging / High-Vol,2h,45,0.003716441889769742,-0.0003726738452023426,0.013175774893874618,0.4666666666666667,65
3,Ranging / High-Vol,4h,45,-0.0007934920899922007,-0.005962445657644366,0.015494112714883818,0.35555555555555557,65
0,Ranging / Low-Vol,15m,2319,1.4831034886448738e-05,1.0078175632699526e-05,0.0011782794845574022,0.5045278137128072,66
0,Ranging / Low-Vol,30m,2318,3.053525160129418e-05,3.0178147047976722e-06,0.0016990771394286709,0.501725625539258,66
0,Ranging / Low-Vol,1h,2316,4.080807793334863e-05,-2.5939470090996508e-05,0.0024722327195990123,0.49352331606217614,66
0,Ranging / Low-Vol,2h,2312,0.00010710777046006175,4.155009982831359e-05,0.0037864490849802298,0.509083044982699,66
0,Ranging / Low-Vol,4h,2304,0.00032468905122271197,0.00014181064397167376,0.0053930904624249505,0.5182291666666666,66
1,Downtrend / Mid-Vol,15m,268,-4.408685684871758e-05,0.00022829422311687608,0.0022174146991648888,0.5298507462686567,66
1,Downtrend / Mid-Vol,30m,268,-5.684798473787085e-05,0.00022333406221086705,0.003195827707282798,0.5335820895522388,66
1,Downtrend / Mid-Vol,1h,268,9.266221042330687e-06,0.0004979370226960711,0.004003025482859456,0.5597014925373134,66
1,Downtrend / Mid-Vol,2h,268,0.0002745080444928514,0.0010050255299161037,0.004485070657529384,0.6119402985074627,66
1,Downtrend / Mid-Vol,4h,268,-0.00018454250995487832,0.0003460423451997485,0.005500839382628623,0.5522388059701493,66
2,Ranging / High-Vol,15m,26,-0.0009354924430110118,-0.0015020343495848465,0.0029210215701536515,0.46153846153846156,66
2,Ranging / High-Vol,30m,26,-0.0012427944933920325,-0.0011338187870215677,0.004179279871582407,0.4230769230769231,66
2,Ranging / High-Vol,1h,26,-0.0016311661360557395,-0.0016649903512861997,0.0047794783854291055,0.38461538461538464,66
2,Ranging / High-Vol,2h,26,-0.00044626107428693895,-0.0011851295283999974,0.004480874665292608,0.4230769230769231,66
2,Ranging / High-Vol,4h,26,0.000393779628064468,-0.00035427454729397567,0.005294252734759288,0.46153846153846156,66
3,Uptrend / Mid-Vol,15m,266,0.00014456760074523238,8.382169546017337e-05,0.002599572926010742,0.5075187969924813,66
3,Uptrend / Mid-Vol,30m,266,0.00018323749430907346,-0.00019539917374888915,0.003380137241522521,0.4774436090225564,66
3,Uptrend / Mid-Vol,1h,266,0.0003288075530085198,0.0001608867908826639,0.004719694125873802,0.5075187969924813,66
3,Uptrend / Mid-Vol,2h,266,-5.2677812165869365e-05,-0.00029434636853320484,0.00594531321593975,0.4548872180451128,66
3,Uptrend / Mid-Vol,4h,266,-0.00043449977360157134,-0.0004999534290028862,0.0070056846144559105,0.46616541353383456,66
0,Ranging / Low-Vol,15m,1936,5.8317020936673535e-05,3.8383344658221574e-05,0.001362982239506456,0.5180785123966942,67
0,Ranging / Low-Vol,30m,1935,0.00011995510241685652,6.002596214571554e-05,0.002108031484427989,0.5224806201550387,67
0,Ranging / Low-Vol,1h,1933,0.0002888422289056713,0.00012905201341872896,0.0033189347101001475,0.5261251939989653,67
0,Ranging / Low-Vol,2h,1929,0.0005277259239528797,0.0003645357775035052,0.004482453619329083,0.550025920165889,67
0,Ranging / Low-Vol,4h,1925,0.0010526053743192328,0.0006172565365929472,0.0060491866244719045,0.5631168831168831,67
1,Downtrend / Mid-Vol,15m,463,1.9255742378879393e-05,0.0002507808021388058,0.0026338185365626017,0.5658747300215983,67
1,Downtrend / Mid-Vol,30m,463,0.00015545234448981934,0.0003304463452060702,0.003544973343240113,0.5637149028077754,67
1,Downtrend / Mid-Vol,1h,463,0.00035238164812785566,0.0005623713213562809,0.00455210167714458,0.5809935205183585,67
1,Downtrend / Mid-Vol,2h,463,0.0005812501643834415,0.0005710048289220282,0.005932076439193524,0.5658747300215983,67
1,Downtrend / Mid-Vol,4h,463,0.0006703316811206118,0.0005055290293878301,0.00907099624984702,0.5377969762419006,67
2,Ranging / High-Vol,15m,91,0.0005430447403633791,0.00024518259098371686,0.008661735945387765,0.5494505494505495,67
2,Ranging / High-Vol,30m,91,0.0013375537880686327,0.00026592735330233097,0.011170090581818653,0.5274725274725275,67
2,Ranging / High-Vol,1h,91,0.002126541601246419,0.0011236738049689166,0.010805753126428971,0.5934065934065934,67
2,Ranging / High-Vol,2h,91,0.005124462954582898,0.0010150709654066503,0.01558009837720725,0.5384615384615384,67
2,Ranging / High-Vol,4h,91,0.009077882440036282,0.004333323863317418,0.021379339468353423,0.6483516483516484,67
3,Uptrend / Mid-Vol,15m,485,0.0001621590866076967,4.497487832466618e-05,0.0036813506299615086,0.51340206185567,67
3,Uptrend / Mid-Vol,30m,485,0.00015197634883309146,-0.00013477387002325258,0.004660341109107797,0.48041237113402063,67
3,Uptrend / Mid-Vol,1h,485,0.00016515782504783024,-0.0003374029274567647,0.006502333642590204,0.46804123711340206,67
3,Uptrend / Mid-Vol,2h,485,0.00046690678353912194,-0.0002876566550025217,0.008192480173531198,0.46804123711340206,67
3,Uptrend / Mid-Vol,4h,481,0.0016378075259492043,-0.00014543897819585538,0.012396855729169258,0.4968814968814969,67
0,Downtrend / Mid-Vol,15m,530,4.0639228036367114e-05,0.00024573062555788283,0.0024299876502607894,0.5264150943396226,68
0,Downtrend / Mid-Vol,30m,530,0.00017587065951484357,0.00032044776270012676,0.0035776714290623045,0.5433962264150943,68
0,Downtrend / Mid-Vol,1h,530,0.0003059350640072615,0.0005567730832778395,0.004900633314414551,0.569811320754717,68
0,Downtrend / Mid-Vol,2h,530,0.0005189418715468169,0.0012384892469921027,0.0065647994602196095,0.5962264150943396,68
0,Downtrend / Mid-Vol,4h,530,0.0005866425802021363,0.0013659218236723447,0.008378692568807968,0.6018867924528302,68
1,Uptrend / Mid-Vol,15m,551,0.00014738254567992783,-1.0632017628964263e-05,0.002683989059062012,0.49727767695099817,68
1,Uptrend / Mid-Vol,30m,551,6.331889631289419e-05,-0.00021510839929383962,0.0036346993645424153,0.47549909255898365,68
1,Uptrend / Mid-Vol,1h,551,0.00010072577349051215,-0.00024627741831473315,0.004939878253827976,0.4646098003629764,68
1,Uptrend / Mid-Vol,2h,551,0.00034525789497377626,-8.594293476882342e-05,0.006881451938526179,0.49183303085299457,68
1,Uptrend / Mid-Vol,4h,551,0.0008760839469824432,-0.0006486444956461668,0.010048585781325213,0.47368421052631576,68
2,Ranging / High-Vol,15m,56,-0.0003525223665176951,0.00029546938706914716,0.004430512434687296,0.5535714285714286,68
2,Ranging / High-Vol,30m,56,-0.0003281110923945642,0.001024397623481832,0.006044175463284368,0.5535714285714286,68
2,Ranging / High-Vol,1h,56,-0.0007307465325564953,0.0015857614419436672,0.008833551602414056,0.6428571428571429,68
2,Ranging / High-Vol,2h,56,-0.0016833666057480823,0.0022421721707743814,0.013366928356635223,0.625,68
2,Ranging / High-Vol,4h,56,0.00010337652884701802,0.005876129810234332,0.014622616006626378,0.6785714285714286,68
3,Ranging / Low-Vol,15m,1742,2.177133210355559e-06,7.078622692446856e-07,0.0014863698833426373,0.5,68
3,Ranging / Low-Vol,30m,1741,3.726754012547762e-05,2.9605215789985095e-06,0.002139787582029013,0.5002871912693854,68
3,Ranging / Low-Vol,1h,1739,9.991443058201494e-05,0.00010268354442288796,0.003108835964703694,0.5163887291546866,68
3,Ranging / Low-Vol,2h,1735,0.00019534961988592903,-7.502502619161078e-06,0.004448398041453805,0.49855907780979825,68
3,Ranging / Low-Vol,4h,1727,0.00036997395903017516,-4.663489488798689e-05,0.006532238618129835,0.4956572090330052,68
0,Uptrend / Mid-Vol,15m,678,0.00019056707690144462,6.169241438058748e-05,0.002584518053374841,0.5147492625368731,69
0,Uptrend / Mid-Vol,30m,678,0.00031342145595177854,4.3887533596631556e-05,0.0036689795712863287,0.504424778761062,69
0,Uptrend / Mid-Vol,1h,678,0.0005694870823395316,3.330510655086272e-05,0.00513822551926378,0.5058997050147492,69
0,Uptrend / Mid-Vol,2h,678,0.0015308964402380844,0.0005604216743835266,0.007190247785173999,0.5412979351032449,69
0,Uptrend / Mid-Vol,4h,678,0.0021681855657024983,0.00029438568082973404,0.010226191097019718,0.5176991150442478,69
1,Ranging / High-Vol,15m,73,0.0001717939544288685,-0.0001319722285213487,0.004576502627065541,0.4794520547945205,69
1,Ranging / High-Vol,30m,73,-0.0001130180734582879,-0.0010649189231610734,0.0051657900394467575,0.4520547945205479,69
1,Ranging / High-Vol,1h,73,-7.222535660700911e-05,-0.0009294979709295603,0.005485210806373352,0.4657534246575342,69
1,Ranging / High-Vol,2h,73,0.00034174904198947583,7.838592389219912e-05,0.006187217975354253,0.5068493150684932,69
1,Ranging / High-Vol,4h,73,0.0037702301167409006,0.0029151578538453293,0.007745519698448911,0.6438356164383562,69
2,Ranging / Low-Vol,15m,1575,3.3641273849731024e-05,5.039745425960973e-05,0.001635783039318711,0.5155555555555555,69
2,Ranging / Low-Vol,30m,1575,8.277061793680083e-05,0.00012116837821452009,0.002325731876306781,0.5295238095238095,69
2,Ranging / Low-Vol,1h,1575,0.00015275660975698808,0.00010591344716992523,0.003352299731690835,0.5187301587301587,69
2,Ranging / Low-Vol,2h,1572,-3.744629936523341e-05,0.00017676623183149331,0.005198935935120405,0.5159033078880407,69
2,Ranging / Low-Vol,4h,1564,-0.0002559006408460276,0.00022665983981351445,0.008107831449869185,0.5223785166240409,69
3,Downtrend / Mid-Vol,15m,649,-0.00012052651158302925,0.0001504841966859516,0.002805313463813456,0.5161787365177196,69
3,Downtrend / Mid-Vol,30m,648,-0.0001581127040070307,0.00024218842034429144,0.0038236446386445706,0.5339506172839507,69
3,Downtrend / Mid-Vol,1h,646,-0.0002511413440028547,0.00040403705719072036,0.005156012027135573,0.5495356037151703,69
3,Downtrend / Mid-Vol,2h,645,-0.0001329073889588344,0.0006219816705339554,0.006488011364774891,0.5395348837209303,69
3,Downtrend / Mid-Vol,4h,645,0.0007583589041234224,0.0019087732410234537,0.008620789891717866,0.5922480620155038,69
0,Uptrend / Mid-Vol,15m,700,0.00016929381862182576,-6.230309423038705e-06,0.002838281618079502,0.49714285714285716,70
0,Uptrend / Mid-Vol,30m,699,0.0002531592097172629,9.307400585534253e-05,0.003968028490140622,0.5050071530758226,70
0,Uptrend / Mid-Vol,1h,698,0.0004248943499238658,-0.00026902015892193987,0.00578998587367651,0.4828080229226361,70
0,Uptrend / Mid-Vol,2h,698,0.000242883345416516,-4.0698277000927874e-05,0.00876894786524918,0.497134670487106,70
0,Uptrend / Mid-Vol,4h,698,-9.30941646677753e-05,-0.0010264720515413828,0.012895941812172771,0.46131805157593125,70
1,Ranging / Low-Vol,15m,1335,4.339697587950521e-05,-1.6381520939745542e-06,0.0017681836123232262,0.49812734082397003,70
1,Ranging / Low-Vol,30m,1335,6.037855314233215e-05,-5.242496818880227e-06,0.0024056492262838542,0.49887640449438203,70
1,Ranging / Low-Vol,1h,1335,7.04448670729339e-05,7.145764819505018e-05,0.00371427885037723,0.5086142322097378,70
1,Ranging / Low-Vol,2h,1335,8.359135699000497e-05,9.180787829699e-05,0.006243462040967921,0.5123595505617977,70
1,Ranging / Low-Vol,4h,1335,-0.000345513434042657,-0.00015917695956702005,0.008392941996873965,0.4861423220973783,70
2,Ranging / High-Vol,15m,229,-0.00023000822015258965,0.0001757098805228452,0.007093110389021784,0.5065502183406113,70
2,Ranging / High-Vol,30m,229,-0.00034415831055400494,-0.0006101438960861572,0.009171070113763656,0.4672489082969432,70
2,Ranging / High-Vol,1h,229,-0.0007818541570682253,0.0001480465452416979,0.0125225805463143,0.5065502183406113,70
2,Ranging / High-Vol,2h,229,-0.0015440402410334705,-0.0004421404960677222,0.014139892855222927,0.47161572052401746,70
2,Ranging / High-Vol,4h,222,-0.0012196652993493246,0.0007133256500484464,0.0151320094510289,0.5585585585585585,70
3,Downtrend / Mid-Vol,15m,711,-0.00017103484820567998,0.0001609821321810756,0.002955567338298358,0.5175808720112518,70
3,Downtrend / Mid-Vol,30m,711,-0.0002417420797897817,0.00018256112580061767,0.004119522986613796,0.5203938115330521,70
3,Downtrend / Mid-Vol,1h,710,-0.0002780588164584615,7.256497535479411e-05,0.005693104303650533,0.5084507042253521,70
3,Downtrend / Mid-Vol,2h,706,0.00012734408461986945,0.0005536285242442318,0.008265807809438865,0.5339943342776204,70
3,Downtrend / Mid-Vol,4h,705,0.0011972429806962465,0.001579286432122018,0.013132363427599948,0.5801418439716312,70
0,Ranging / Low-Vol,15m,1501,5.7718838094681815e-05,5.794334168029991e-07,0.0014831824072834615,0.5003331112591606,71
0,Ranging / Low-Vol,30m,1501,0.00012093927490328391,6.61618286859067e-05,0.0022038479361467522,0.5143237841439041,71
0,Ranging / Low-Vol,1h,1501,0.00034075616001876744,0.00010004142094643953,0.003475731996091172,0.5183211192538307,71
0,Ranging / Low-Vol,2h,1501,0.0008913643452447365,0.0002625085172898167,0.005762768172880138,0.5309793471019321,71
0,Ranging / Low-Vol,4h,1501,0.0017562696414894464,0.0004629567306473348,0.008491716065498497,0.5376415722851432,71
1,Ranging / High-Vol,15m,144,0.00013076396030576988,0.0004907474370687837,0.00583464410060546,0.5625,71
1,Ranging / High-Vol,30m,144,-9.414698830291347e-05,-0.00011938902512653726,0.007983009994097689,0.4930555555555556,71
1,Ranging / High-Vol,1h,144,-0.0005369247980532164,-0.0007252082576743035,0.00989134648422969,0.4652777777777778,71
1,Ranging / High-Vol,2h,142,0.0002856977168542765,9.441782511654395e-05,0.012028935603431247,0.5140845070422535,71
1,Ranging / High-Vol,4h,138,0.0034458837979215854,0.004548419887955291,0.014589810317727802,0.6666666666666666,71
2,Downtrend / Mid-Vol,15m,467,7.571361701963224e-05,0.0002114861468633933,0.0025576978843215477,0.5396145610278372,71
2,Downtrend / Mid-Vol,30m,467,0.00036424811335317007,0.0004722973906989836,0.003422243303051776,0.5653104925053534,71
2,Downtrend / Mid-Vol,1h,467,0.0008051789529246751,0.0010092327908743925,0.004471340225028371,0.6188436830835118,71
2,Downtrend / Mid-Vol,2h,465,0.0014829836703864861,0.0017164718332178808,0.005951014072926065,0.6494623655913978,71
2,Downtrend / Mid-Vol,4h,465,0.002608802687028054,0.002692241997003464,0.007985203601352634,0.6881720430107527,71
3,Uptrend / Mid-Vol,15m,671,0.000328295860222376,7.125141272901203e-05,0.0029058930151492045,0.5067064083457526,71
3,Uptrend / Mid-Vol,30m,670,0.0005834800464594838,6.626161426126487e-05,0.004232125989512088,0.5104477611940299,71
3,Uptrend / Mid-Vol,1h,668,0.0009827665227213425,-9.565280490075878e-05,0.006274454338568145,0.48952095808383234,71
3,Uptrend / Mid-Vol,2h,668,0.0013284846187605448,0.00026052740697402044,0.007919151338247733,0.5119760479041916,71
3,Uptrend / Mid-Vol,4h,664,0.0025166780188579365,0.00010844901277629049,0.011001106872211765,0.5075301204819277,71
0,Ranging / High-Vol,15m,387,8.704343864236715e-05,0.0005603681128611981,0.006575511647493729,0.5271317829457365,72
0,Ranging / High-Vol,30m,387,0.00016939160204841895,0.0011126694665026804,0.009194400209225718,0.5581395348837209,72
0,Ranging / High-Vol,1h,387,0.0009667196462367249,0.0020760188973341087,0.012018925198894248,0.5943152454780362,72
0,Ranging / High-Vol,2h,387,0.002159803113646444,0.0027475310068965086,0.015620588745409504,0.6098191214470284,72
0,Ranging / High-Vol,4h,387,0.003451546579458757,0.004283534910619835,0.020431454795014507,0.6098191214470284,72
1,Downtrend / Mid-Vol,15m,736,-0.00018639149497400213,0.00012820962331883123,0.0034687230105482506,0.5176630434782609,72
1,Downtrend / Mid-Vol,30m,736,-0.0003351901972723021,0.0002948158019693281,0.004708868395722984,0.5230978260869565,72
1,Downtrend / Mid-Vol,1h,736,-0.000662310331147833,0.00023096025201319037,0.006591405194992465,0.5203804347826086,72
1,Downtrend / Mid-Vol,2h,736,-0.0006597378049877753,0.0005437847592002498,0.009242591762540532,0.5285326086956522,72
1,Downtrend / Mid-Vol,4h,736,0.000320988752555762,0.0015607027858246525,0.013246058399867738,0.5597826086956522,72
2,Ranging / Low-Vol,15m,845,4.924171238730069e-05,-2.9306180593380304e-07,0.001799124324473174,0.49940828402366866,72
2,Ranging / Low-Vol,30m,845,0.000255550217176345,0.00013140512301212937,0.002860733607450507,0.5337278106508876,72
2,Ranging / Low-Vol,1h,843,0.0006185748547631794,0.00025023598356632704,0.004420905597999665,0.5326215895610913,72
2,Ranging / Low-Vol,2h,839,0.0011695724521649927,0.000692087813938258,0.006735028123801063,0.5697258641239571,72
2,Ranging / Low-Vol,4h,832,0.0018865000117270364,0.0010940457585597585,0.009920548106882922,0.5793269230769231,72
3,Uptrend / Mid-Vol,15m,1007,0.00021247044007983813,3.1242716502788426e-07,0.0031092169269351356,0.5004965243296922,72
3,Uptrend / Mid-Vol,30m,1006,0.00025979434052771354,-4.943720999595058e-05,0.0044696969638558645,0.4970178926441352,72
3,Uptrend / Mid-Vol,1h,1006,0.00017508704039812212,-1.5636478926772668e-05,0.006533267576434588,0.4970178926441352,72
3,Uptrend / Mid-Vol,2h,1006,-0.00016537149017798312,0.00017267460401093615,0.009114471519513704,0.5119284294234593,72
3,Uptrend / Mid-Vol,4h,1005,-0.0007690602391098491,0.00039057449134460853,0.013569700422205563,0.5203980099502488,72
0,Downtrend / Mid-Vol,15m,824,-0.00034258120744702647,4.0069422697186496e-05,0.0035703379653025985,0.5072815533980582,73
0,Downtrend / Mid-Vol,30m,824,-0.00041878882433530717,7.269334353576795e-05,0.005545843151340413,0.5060679611650486,73
0,Downtrend / Mid-Vol,1h,824,-0.0006001256487894147,2.990856012008436e-05,0.007879126770825385,0.5048543689320388,73
0,Downtrend / Mid-Vol,2h,824,-0.0013202417476651039,-0.0003142457258196174,0.011346961547210635,0.48058252427184467,73
0,Downtrend / Mid-Vol,4h,824,-0.002086299709776218,-9.234904951860301e-05,0.01502196659300004,0.49150485436893204,73
1,Ranging / Low-Vol,15m,1022,-8.162518530100104e-05,-6.0145803769451334e-05,0.0018368715543128225,0.47847358121330724,73
1,Ranging / Low-Vol,30m,1022,-0.00018571470167336936,-0.00013334379066609614,0.00274661934233526,0.4794520547945205,73
1,Ranging / Low-Vol,1h,1022,-0.00038209096728426773,-0.0002788580989934175,0.0043599258215802714,0.46966731898238745,73
1,Ranging / Low-Vol,2h,1022,-0.0008081430199972362,-0.00033837384064838716,0.006693094225023517,0.46966731898238745,73
1,Ranging / Low-Vol,4h,1022,-0.0013052301490197968,-0.0005366286005656917,0.010430188983762533,0.45596868884540115,73
2,Uptrend / Mid-Vol,15m,792,0.00013418425193868723,-0.00016552609940401197,0.002854636202406331,0.47474747474747475,73
2,Uptrend / Mid-Vol,30m,791,9.259909320981056e-05,-8.83398093272092e-05,0.00423255496182392,0.4879898862199747,73
2,Uptrend / Mid-Vol,1h,789,6.437112482024966e-05,-0.00024143868582626737,0.006122963358930501,0.48542458808618505,73
2,Uptrend / Mid-Vol,2h,785,0.00011091810455249792,-0.0003842442293784387,0.00804365689936839,0.4726114649681529,73
2,Uptrend / Mid-Vol,4h,781,-0.000416888433484628,-0.0010206059454915817,0.0106577252211266,0.43661971830985913,73
3,Ranging / High-Vol,15m,241,0.00041604284781284373,0.0004590249901355037,0.00606126041107536,0.5352697095435685,73
3,Ranging / High-Vol,30m,241,0.0005986400902300873,0.0009660001618509995,0.007715024225594325,0.5684647302904564,73
3,Ranging / High-Vol,1h,241,0.0008151858843186374,0.0004311633526512537,0.010480061160268237,0.5269709543568465,73
3,Ranging / High-Vol,2h,241,0.0023319237347109493,0.0008804487277931372,0.012396542635818053,0.5518672199170125,73
3,Ranging / High-Vol,4h,237,0.0033945561830580518,0.0024847853211795723,0.015478582811043685,0.5485232067510548,73
0,Uptrend / Mid-Vol,15m,708,0.00014017122395185454,-4.022707897632927e-05,0.0026646079113305135,0.4957627118644068,74
0,Uptrend / Mid-Vol,30m,708,0.0002883562409194523,-2.8304233934406398e-06,0.0038226463432945237,0.5,74
0,Uptrend / Mid-Vol,1h,708,0.00037921339438883235,-0.00023653188283567772,0.005513551961225498,0.4774011299435028,74
0,Uptrend / Mid-Vol,2h,708,0.00034301900310903713,-0.00040608104158224023,0.007537951795676392,0.4661016949152542,74
0,Uptrend / Mid-Vol,4h,706,0.000458070264378599,-0.00037546873364213695,0.011107062735385408,0.48441926345609065,74
1,Downtrend / Mid-Vol,15m,724,-1.8452796601847087e-05,0.00014506777544553984,0.0028936265707657214,0.5276243093922652,74
1,Downtrend / Mid-Vol,30m,723,-6.643416549541117e-05,0.0002893937221752907,0.004042945848151443,0.5325034578146611,74
1,Downtrend / Mid-Vol,1h,721,-4.937827783556052e-05,0.00020611622248623007,0.0057999295033358865,0.5187239944521498,74
1,Downtrend / Mid-Vol,2h,721,0.000568805525744526,0.0007291052262115016,0.008399974266723998,0.5561719833564494,74
1,Downtrend / Mid-Vol,4h,721,0.0010088291263742938,0.0010320889235995168,0.010003161786944067,0.565880721220527,74
2,Ranging / High-Vol,15m,118,-0.00014334066805989017,-0.0001335900366887799,0.0043316723209034565,0.4915254237288136,74
2,Ranging / High-Vol,30m,118,-6.483037458500585e-05,0.0002334581512171141,0.006253325196822095,0.5254237288135594,74
2,Ranging / High-Vol,1h,118,-0.0006610135862020768,-0.0008475368882221446,0.007917736334881941,0.4745762711864407,74
2,Ranging / High-Vol,2h,118,-0.000576291912165841,-0.0007326417750652681,0.009250353481290392,0.4830508474576271,74
2,Ranging / High-Vol,4h,118,0.0006166917081252437,-0.0002542378348309171,0.011424832306838389,0.4830508474576271,74
3,Ranging / Low-Vol,15m,1425,2.7667522300185667e-05,2.705855209050867e-05,0.0017416679815544381,0.5157894736842106,74
3,Ranging / Low-Vol,30m,1425,4.9526362585791964e-05,-1.8142789482311628e-05,0.0024831088582848897,0.4975438596491228,74
3,Ranging / Low-Vol,1h,1425,0.00020007481266778513,8.821652186874474e-05,0.003666730289490595,0.5101754385964913,74
3,Ranging / Low-Vol,2h,1421,0.00022720232467294215,0.00039710846517770904,0.005649661468598469,0.5390570021111893,74
3,Ranging / Low-Vol,4h,1415,0.0005316442314618348,0.0007987502299666716,0.008869428600227084,0.5653710247349824,74
0,Ranging / Low-Vol,15m,1835,9.398318527274525e-06,-4.438297676045977e-06,0.0012568949786441502,0.49264305177111717,75
0,Ranging / Low-Vol,30m,1835,4.7017691687121235e-05,7.929592063860014e-06,0.002007774941843386,0.5035422343324251,75
0,Ranging / Low-Vol,1h,1835,0.00012320960223957038,3.867834233162171e-05,0.002914800449690903,0.5133514986376022,75
0,Ranging / Low-Vol,2h,1835,0.00013607604834527183,3.440670060150808e-05,0.004200689841852836,0.5084468664850136,75
0,Ranging / Low-Vol,4h,1830,9.69115557148103e-05,0.000162611097088039,0.005969071187867581,0.5234972677595628,75
1,Ranging / High-Vol,15m,65,0.0001431466587912557,7.550818505386303e-05,0.004220690526255553,0.5230769230769231,75
1,Ranging / High-Vol,30m,65,0.0008415633667473853,0.0015021438712121693,0.00467440832456499,0.6,75
1,Ranging / High-Vol,1h,65,0.0023379359053422467,0.0028794032006480563,0.005129141962368496,0.6923076923076923,75
1,Ranging / High-Vol,2h,62,0.002837972265603905,0.0026972913471547955,0.006448569007598809,0.6612903225806451,75
1,Ranging / High-Vol,4h,62,0.003052508809335099,0.0028303197089583065,0.008178390930742695,0.6774193548387096,75
2,Downtrend / Mid-Vol,15m,540,-0.00017231109321498624,6.398311700284154e-05,0.00266150262920843,0.512962962962963,75
2,Downtrend / Mid-Vol,30m,540,-0.0002995307575876775,0.00022594130751230068,0.003730250139949285,0.5333333333333333,75
2,Downtrend / Mid-Vol,1h,540,-0.0007272931456945446,-9.322622393792557e-05,0.005126095021022053,0.48703703703703705,75
2,Downtrend / Mid-Vol,2h,540,-0.0010761992516350328,-0.0003206770153330041,0.006827487663865842,0.4685185185185185,75
2,Downtrend / Mid-Vol,4h,540,-0.0021902592703224736,-0.0013974343150948698,0.008953380550723433,0.40925925925925927,75
3,Uptrend / Mid-Vol,15m,439,-1.6863485206708997e-05,-7.345649542322974e-05,0.0028117445349840845,0.48291571753986334,75
3,Uptrend / Mid-Vol,30m,438,-0.0002857622926400615,-0.0005163893263153696,0.0036471958162957088,0.4520547945205479,75
3,Uptrend / Mid-Vol,1h,436,-0.0006354759307450631,-0.0007968204973067827,0.004874481814758073,0.38990825688073394,75
3,Uptrend / Mid-Vol,2h,435,-0.0009999317607827308,-0.0010352858146767119,0.006607496850168235,0.38850574712643676,75
3,Uptrend / Mid-Vol,4h,432,-0.0010966664001742633,-0.0009456372792149281,0.009162775873743298,0.4236111111111111,75
0,Ranging / High-Vol,15m,150,3.3769851679998907e-05,-0.000307670635235624,0.0047032478045973235,0.47333333333333333,76
0,Ranging / High-Vol,30m,150,-3.737012870275909e-05,0.0001349130734524806,0.005845806268333286,0.5066666666666667,76
0,Ranging / High-Vol,1h,150,-4.7134197808276215e-05,4.739032927059128e-05,0.0075084534076207835,0.5,76
0,Ranging / High-Vol,2h,150,0.00035055633933333516,8.365694593148731e-05,0.00897959974436373,0.5,76
0,Ranging / High-Vol,4h,144,-0.0007816224331150565,0.0015459196005540576,0.013657230243835295,0.5277777777777778,76
1,Downtrend / Mid-Vol,15m,799,-5.8960501081549834e-05,0.00010946164961644911,0.002880650003558015,0.5168961201501877,76
1,Downtrend / Mid-Vol,30m,798,-7.62222801585774e-05,0.0002966009357106003,0.004202070023258448,0.5363408521303258,76
1,Downtrend / Mid-Vol,1h,796,-0.00018413446193413634,0.00042921848125576645,0.005985070646499669,0.5439698492462312,76
1,Downtrend / Mid-Vol,2h,792,-0.00019457921778917334,0.0007257106342137831,0.008399809145975053,0.5505050505050505,76
1,Downtrend / Mid-Vol,4h,790,-0.0001822293650421182,0.0009978622167983175,0.011507481540019173,0.5594936708860759,76
2,Ranging / Low-Vol,15m,1101,-4.465972405081393e-06,-1.5917006280119494e-05,0.0018072589302867558,0.4940962761126249,76
2,Ranging / Low-Vol,30m,1101,1.33659887071226e-05,6.229365229692974e-05,0.0026650077436591556,0.5095367847411444,76
2,Ranging / Low-Vol,1h,1101,3.2302588591821106e-05,8.934563723705935e-05,0.0040559937561238804,0.5131698455949137,76
2,Ranging / Low-Vol,2h,1101,-0.00039490470439813407,0.00011779064469230605,0.006086135155996277,0.5104450499545867,76
2,Ranging / Low-Vol,4h,1101,-0.0004685923766808031,0.00011843158907254292,0.009050614165844415,0.5068119891008175,76
3,Uptrend / Mid-Vol,15m,925,8.482179506061713e-05,4.421442100088768e-05,0.002806651778880204,0.5037837837837837,76
3,Uptrend / Mid-Vol,30m,925,0.0001245067347295388,4.243272370629825e-05,0.0039619657240696155,0.5005405405405405,76
3,Uptrend / Mid-Vol,1h,925,0.00026008248147684604,2.4213104374837258e-06,0.005383961757447403,0.5005405405405405,76
3,Uptrend / Mid-Vol,2h,925,0.0007978890523776752,0.000463470786462139,0.007612890641945848,0.5308108108108108,76
3,Uptrend / Mid-Vol,4h,925,0.0012380701274451104,0.0010074117567846486,0.011055468669893464,0.5394594594594595,76
0,Ranging / High-Vol,15m,389,-9.090641218376684e-06,-0.00016547730221105894,0.007469436294056426,0.4884318766066838,77
0,Ranging / High-Vol,30m,389,-2.3851862771808336e-06,9.019341701943517e-05,0.01022980997019555,0.5089974293059126,77
0,Ranging / High-Vol,1h,389,-0.0001439864561267907,-0.0004145318111365981,0.013791668487461951,0.46272493573264784,77
0,Ranging / High-Vol,2h,389,0.00036539819897796026,0.0010431195639881707,0.018240832052706987,0.5398457583547558,77
0,Ranging / High-Vol,4h,389,0.001454392699650801,0.0015395753061984152,0.023130753158138614,0.5398457583547558,77
1,Downtrend / Mid-Vol,15m,803,-6.689149004885297e-05,0.0001796588409401778,0.0032737356800602835,0.523038605230386,77
1,Downtrend / Mid-Vol,30m,803,-0.00019525243042621264,0.000262794370673447,0.004654293334481952,0.5217932752179327,77
1,Downtrend / Mid-Vol,1h,803,-0.0003786199863929742,0.00015224752894837934,0.007207738474683072,0.5130759651307597,77
1,Downtrend / Mid-Vol,2h,803,-0.0007027678076396522,-2.504413245851822e-05,0.01055099559219965,0.49813200498132004,77
1,Downtrend / Mid-Vol,4h,803,-0.00048637560240898336,-4.602452081137187e-05,0.014368027480485478,0.49564134495641343,77
2,Ranging / Low-Vol,15m,1051,-2.4930746550407045e-05,2.8143594510865455e-05,0.0016482850830015715,0.5080875356803045,77
2,Ranging / Low-Vol,30m,1050,-4.7286010512014254e-05,-0.00010648639117771808,0.00239621962063068,0.4819047619047619,77
2,Ranging / Low-Vol,1h,1048,-0.00011502951772766074,9.637812264440271e-05,0.0036672230030630705,0.5162213740458015,77
2,Ranging / Low-Vol,2h,1044,-0.0006092652268995549,0.0001703874540774919,0.006505481000202972,0.514367816091954,77
2,Ranging / Low-Vol,4h,1036,-0.0012622825116606002,-2.052947584374465e-06,0.009719241684517408,0.5,77
3,Uptrend / Mid-Vol,15m,732,-1.1740133645105522e-05,-0.00014795998730399162,0.003043897104778634,0.476775956284153,77
3,Uptrend / Mid-Vol,30m,732,3.327253877557131e-05,-0.0001471761464575394,0.004304145416626227,0.47404371584699456,77
3,Uptrend / Mid-Vol,1h,732,0.00015477900580716485,-0.0003296387604398987,0.006396373215754742,0.46584699453551914,77
3,Uptrend / Mid-Vol,2h,732,0.00046628487054353664,1.135697850518369e-05,0.009790250548802603,0.5,77
3,Uptrend / Mid-Vol,4h,732,-0.00033403354101359077,-0.00027264553687622595,0.015536171497040532,0.4890710382513661,77
0,Ranging / Low-Vol,15m,1378,6.6315805257910895e-06,-2.4050293132127365e-05,0.0016249713440548278,0.49564586357039186,78
0,Ranging / Low-Vol,30m,1378,1.0245843277527474e-05,-5.1800026937165455e-05,0.0024750887540481484,0.49056603773584906,78
0,Ranging / Low-Vol,1h,1377,1.6982311401182266e-05,-1.674627126391215e-05,0.003356930619137189,0.49818445896877267,78
0,Ranging / Low-Vol,2h,1373,-0.00018700135366148747,-1.8969767848986407e-05,0.005100931213008475,0.4967225054624909,78
0,Ranging / Low-Vol,4h,1369,-0.0003737140176312494,-0.00014653388546292945,0.007989903087293923,0.4850255661066472,78
1,Downtrend / Mid-Vol,15m,695,-2.4654154274035405e-05,3.7852805705895776e-05,0.0026311079009733425,0.5107913669064749,78
1,Downtrend / Mid-Vol,30m,694,0.0001068351572059562,0.000234961972935821,0.0037775092953306793,0.5187319884726225,78
1,Downtrend / Mid-Vol,1h,693,0.00018671845048502257,0.00030101232562351754,0.004995705765910605,0.5180375180375181,78
1,Downtrend / Mid-Vol,2h,693,0.000693541679382072,0.0008297117019093747,0.006738247367951709,0.5786435786435786,78
1,Downtrend / Mid-Vol,4h,693,0.0019469609506978466,0.0011674598463962127,0.008839182150459491,0.5945165945165946,78
2,Uptrend / Mid-Vol,15m,703,5.608411932537172e-05,-1.9739634225857117e-05,0.0025495302785024524,0.49786628733997157,78
2,Uptrend / Mid-Vol,30m,703,4.250537659560559e-06,-7.21919264812243e-05,0.0035858746096026984,0.49359886201991465,78
2,Uptrend / Mid-Vol,1h,703,0.00010311105360367979,-0.00026563481154795454,0.005160856252408991,0.46799431009957326,78
2,Uptrend / Mid-Vol,2h,703,0.0005576674915983037,0.000215017313294652,0.006939746828666667,0.5135135135135135,78
2,Uptrend / Mid-Vol,4h,699,0.0008045408322388842,-0.00018770459340089474,0.009287399557185556,0.49213161659513593,78
3,Ranging / High-Vol,15m,103,0.0003757955492541036,0.0006642213048149159,0.004452611205329335,0.5436893203883495,78
3,Ranging / High-Vol,30m,103,0.0004349271386598433,0.0008704169384152749,0.006041594874541197,0.5339805825242718,78
3,Ranging / High-Vol,1h,103,0.0005799094653511361,0.0013337124986367854,0.009080466907500523,0.5728155339805825,78
3,Ranging / High-Vol,2h,103,-0.00021519749315475844,-0.00034846812608790856,0.012348450332592242,0.4854368932038835,78
3,Ranging / High-Vol,4h,103,-0.0012538564358336283,0.0009225331070847886,0.016138898499232238,0.5048543689320388,78
0,Ranging / Low-Vol,15m,1569,4.041144974773642e-05,-2.1642028460888696e-05,0.0014542820544318057,0.49394518801784576,79
0,Ranging / Low-Vol,30m,1568,0.00010147754984747542,1.056678076594153e-06,0.002236390535457781,0.5,79
0,Ranging / Low-Vol,1h,1566,0.00025152472010420027,9.669771748921363e-05,0.003396782144581743,0.520434227330779,79
0,Ranging / Low-Vol,2h,1562,0.0003869698579871586,0.00018886125298145373,0.004949272795061825,0.5300896286811779,79
0,Ranging / Low-Vol,4h,1559,0.0004399697740768519,8.48958145471812e-05,0.006666577389635489,0.5073765234124439,79
1,Downtrend / Mid-Vol,15m,625,-0.0001537673904528958,0.0001240031886720061,0.002679913487940303,0.5056,79
1,Downtrend / Mid-Vol,30m,625,-0.0002445317977820281,-0.00010111487205577419,0.003675815518003821,0.4896,79
1,Downtrend / Mid-Vol,1h,625,-0.00034184218867818004,-0.00011021502674424255,0.004843766847110306,0.4896,79
1,Downtrend / Mid-Vol,2h,625,-7.390898780539317e-05,0.0005809415858077926,0.006507072096046786,0.5408,79
1,Downtrend / Mid-Vol,4h,620,0.0004193360382306798,0.0008423181594139351,0.00876170698347382,0.5612903225806452,79
2,Uptrend / Mid-Vol,15m,719,0.00016003756779940022,3.33515826813624e-05,0.0024581795172290933,0.5062586926286509,79
2,Uptrend / Mid-Vol,30m,719,0.00023514152632032588,0.00017213711082142424,0.0033575190926039486,0.5243393602225312,79
2,Uptrend / Mid-Vol,1h,719,0.00024547730529633413,0.00016598887912522287,0.004370033213014707,0.5257301808066759,79
2,Uptrend / Mid-Vol,2h,719,0.0002140039275632523,0.00012068568539547186,0.005669853045429957,0.5104311543810849,79
2,Uptrend / Mid-Vol,4h,719,0.0007636380827645198,0.00102339842042376,0.008045773433669067,0.5674547983310153,79
3,Ranging / High-Vol,15m,62,0.0003848734201902918,0.0013696171457047157,0.00451389610945337,0.5645161290322581,79
3,Ranging / High-Vol,30m,62,0.0006044454048059039,0.0011011314840043696,0.007080633438708896,0.5483870967741935,79
3,Ranging / High-Vol,1h,62,0.001092198914847074,0.0003316508346360436,0.008990917692890305,0.5645161290322581,79
3,Ranging / High-Vol,2h,62,0.001982695470308826,0.0003094051450789337,0.008371374134050518,0.532258064516129,79
3,Ranging / High-Vol,4h,62,0.002324560354172955,0.0030012415419902183,0.009905853633492265,0.5967741935483871,79
0,Downtrend / Mid-Vol,15m,727,-2.3297625240011905e-05,0.00017442014713076048,0.003016951574320075,0.5213204951856947,80
0,Downtrend / Mid-Vol,30m,727,7.587585723788718e-05,0.00014667923426259222,0.0044044995004184455,0.5240715268225584,80
0,Downtrend / Mid-Vol,1h,725,0.00036224040692623793,0.0007353695314460396,0.006233247588514072,0.5420689655172414,80
0,Downtrend / Mid-Vol,2h,724,0.00126312156144799,0.0012664946180462877,0.008096887931487797,0.5759668508287292,80
0,Downtrend / Mid-Vol,4h,724,0.002722656603738714,0.0022106354288800034,0.011494239898004424,0.6104972375690608,80
1,Ranging / Low-Vol,15m,982,-2.2912044298806946e-05,-1.1424908446855397e-05,0.001753420012542357,0.4979633401221996,80
1,Ranging / Low-Vol,30m,981,-2.5973296130598647e-05,1.336323583700505e-05,0.0026431718195086104,0.5066258919469928,80
1,Ranging / Low-Vol,1h,981,1.4325304961818899e-05,5.474397697291522e-05,0.00386085409674282,0.5025484199796126,80
1,Ranging / Low-Vol,2h,978,0.00014323194209978204,-0.00012173669197146353,0.005389801182126703,0.48773006134969327,80
1,Ranging / Low-Vol,4h,970,0.0006517333817334738,-0.00036099534675493317,0.008480935479729288,0.4793814432989691,80
2,Ranging / High-Vol,15m,251,0.0005495583114488735,0.00020429509764596787,0.0050592876122380875,0.5099601593625498,80
2,Ranging / High-Vol,30m,251,0.0012127545801843152,0.0012416210047945242,0.006830294520271287,0.5537848605577689,80
2,Ranging / High-Vol,1h,251,0.001957684032439782,0.0013176083385459947,0.008904815168028624,0.5776892430278885,80
2,Ranging / High-Vol,2h,251,0.0024150016147014485,0.0023742738486571824,0.01243144570631269,0.5776892430278885,80
2,Ranging / High-Vol,4h,251,0.003198634083467363,0.002767114498468004,0.017469501577713358,0.5856573705179283,80
3,Uptrend / Mid-Vol,15m,919,0.0002339646696273105,0.00015147657855862917,0.003028403246341965,0.514689880304679,80
3,Uptrend / Mid-Vol,30m,919,0.00032013378880904657,0.00027994758211491444,0.004367699229018392,0.5310119695321001,80
3,Uptrend / Mid-Vol,1h,919,0.000537344708349338,0.0004988013388604884,0.0061581522071773274,0.545157780195865,80
3,Uptrend / Mid-Vol,2h,919,0.0009736154370908469,0.0007601319380352578,0.008963479671269613,0.5538628944504896,80
3,Uptrend / Mid-Vol,4h,919,0.0019764049360502535,0.0013679892694256068,0.012445411398759801,0.5636561479869423,80
0,Uptrend / Mid-Vol,15m,750,0.00011653029773017447,2.850315863867081e-05,0.0030436846724371906,0.5026666666666667,81
0,Uptrend / Mid-Vol,30m,750,-1.3626160927820763e-05,-0.00014215430402764184,0.004345939816930729,0.4826666666666667,81
0,Uptrend / Mid-Vol,1h,750,-0.00053104944903365,-0.000494175326075208,0.006444220488932556,0.452,81
0,Uptrend / Mid-Vol,2h,750,-0.0012533070345007715,-0.0009170353856706726,0.008843876032507778,0.424,81
0,Uptrend / Mid-Vol,4h,749,-0.001809983662936511,-0.0012225358576056777,0.012272866040995716,0.4432576769025367,81
1,Ranging / Low-Vol,15m,1123,2.388560916095343e-05,1.1326248632315128e-06,0.0016725999901027514,0.5013357079252003,81
1,Ranging / Low-Vol,30m,1123,6.36258613406543e-05,0.000144289108689577,0.002545751892482342,0.5244879786286732,81
1,Ranging / Low-Vol,1h,1122,0.000160247047244654,0.00022558023656316095,0.0037950306552522357,0.5427807486631016,81
1,Ranging / Low-Vol,2h,1119,0.0002634089166237595,0.00045186934481655783,0.005728177336043618,0.5603217158176944,81
1,Ranging / Low-Vol,4h,1118,0.0006053774369055641,0.0005595861651279677,0.008676589176410057,0.552772808586762,81
2,Ranging / High-Vol,15m,249,0.00019463950634508303,0.00024008991823443182,0.004974982519602853,0.5261044176706827,81
2,Ranging / High-Vol,30m,249,0.0006183945306593206,0.0004607030184970995,0.006396732004166778,0.5261044176706827,81
2,Ranging / High-Vol,1h,249,0.0010048202888532367,0.0010410759094874322,0.00834391994352748,0.5783132530120482,81
2,Ranging / High-Vol,2h,249,0.0010063230292468026,0.0010797771813333412,0.011445075889023545,0.5502008032128514,81
2,Ranging / High-Vol,4h,249,0.0007415316460279932,5.415410421250044e-05,0.015291897626139195,0.5060240963855421,81
3,Downtrend / Mid-Vol,15m,853,-0.00022759986969849257,-4.584105591476373e-05,0.0034456741880046693,0.4912075029308324,81
3,Downtrend / Mid-Vol,30m,852,-0.00032793216200536845,8.800433948863429e-05,0.0046704352549978585,0.5082159624413145,81
3,Downtrend / Mid-Vol,1h,851,-0.00017662104635144142,0.0003595726926359788,0.006518928459602859,0.5205640423031728,81
3,Downtrend / Mid-Vol,2h,850,0.0001950199949245773,0.00031431646897406296,0.009002976059302423,0.5329411764705883,81
3,Downtrend / Mid-Vol,4h,844,8.370046870364976e-05,0.0007224737686444271,0.012392823506909345,0.5284360189573459,81
0,Ranging / Low-Vol,15m,1260,9.465659671078645e-06,-5.199467416616699e-05,0.0016404599392521118,0.4801587301587302,82
0,Ranging / Low-Vol,30m,1259,2.4008032698825064e-05,-4.0072214567032916e-05,0.0023850470752350378,0.4924543288324067,82
0,Ranging / Low-Vol,1h,1257,6.978969975492044e-05,-2.1180999709713433e-07,0.0034182439818442757,0.4996022275258552,82
0,Ranging / Low-Vol,2h,1257,9.116371739694208e-05,4.385868731660025e-05,0.005138242706054904,0.5043754972155927,82
0,Ranging / Low-Vol,4h,1257,7.239347505373594e-05,2.5973691300862356e-05,0.007524492084207699,0.5027844073190135,82
1,Downtrend / Mid-Vol,15m,677,-7.409772817974958e-06,0.00010905743059375084,0.0031906100035083798,0.5243722304283605,82
1,Downtrend / Mid-Vol,30m,677,4.8262421830456056e-05,0.000320012243975043,0.00455780575292121,0.5361890694239291,82
1,Downtrend / Mid-Vol,1h,677,4.010753073839034e-05,0.0006737358696309315,0.0059725160467764766,0.5553914327917282,82
1,Downtrend / Mid-Vol,2h,676,-0.0001394600943114277,0.0003150789258548059,0.008766632996087678,0.5281065088757396,82
1,Downtrend / Mid-Vol,4h,669,0.0001144653929855641,0.00040189288220560115,0.012554806971862183,0.515695067264574,82
2,Ranging / High-Vol,15m,250,0.0002681506220806682,0.0003753652155262799,0.006015813674673501,0.524,82
2,Ranging / High-Vol,30m,250,0.0002433828957324593,4.897325211139503e-05,0.007925737509239309,0.508,82
2,Ranging / High-Vol,1h,250,0.0002933671749619009,-0.0002920481636596861,0.010010140293853519,0.484,82
2,Ranging / High-Vol,2h,250,-0.0001367720934740504,0.00013791673145835404,0.010743509109974916,0.52,82
2,Ranging / High-Vol,4h,249,-0.0007998596653755267,-0.0013039265252334786,0.013910526332432036,0.46987951807228917,82
3,Uptrend / Mid-Vol,15m,788,1.9793090370766468e-05,9.197330581578456e-06,0.002881576676472739,0.501269035532995,82
3,Uptrend / Mid-Vol,30m,788,6.708430672459395e-05,1.0573337902997082e-05,0.004452676996987076,0.501269035532995,82
3,Uptrend / Mid-Vol,1h,788,0.00019382850071889354,-5.639903253573664e-05,0.0067099840407191845,0.4949238578680203,82
3,Uptrend / Mid-Vol,2h,785,0.0008885294996376291,0.00028317951089107396,0.00922631992982875,0.5248407643312102,82
3,Uptrend / Mid-Vol,4h,785,0.0017426080981202145,0.0012919619015097084,0.013642979217592555,0.5808917197452229,82
0,Uptrend / Mid-Vol,15m,567,-9.441049120777698e-05,-2.6591501356421077e-05,0.0028677316319000155,0.49206349206349204,83
0,Uptrend / Mid-Vol,30m,567,-0.00012479418967111254,-0.00012546471757524102,0.0039010396779230144,0.49029982363315694,83
0,Uptrend / Mid-Vol,1h,567,-8.70821391324813e-05,3.3424931586978346e-06,0.005158202798782393,0.5008818342151675,83
0,Uptrend / Mid-Vol,2h,567,-0.0007838927436440105,-0.0003969853736958129,0.008287420742991903,0.48500881834215165,83
0,Uptrend / Mid-Vol,4h,562,-0.0017569930147409106,-0.0005776287221834764,0.012992878333283064,0.47153024911032027,83
1,Ranging / Low-Vol,15m,1253,3.9107280992353934e-05,2.088552321310999e-06,0.0013504095961370392,0.5003990422984836,83
1,Ranging / Low-Vol,30m,1252,-4.303934650952266e-06,4.7726054302366094e-05,0.0019839443737492734,0.5143769968051118,83
1,Ranging / Low-Vol,1h,1250,-0.00010438842151518344,6.728022986735027e-06,0.0029030359677491295,0.5008,83
1,Ranging / Low-Vol,2h,1246,-0.000391128951614923,-7.0887307144218425e-06,0.004420520044997721,0.4983948635634029,83
1,Ranging / Low-Vol,4h,1246,-0.0006416727914360345,-0.0002797202948316979,0.006037766985058359,0.4678972712680578,83
2,Ranging / High-Vol,15m,211,-0.00022287861175916132,-7.040815239278686e-06,0.005392722011812721,0.4976303317535545,83
2,Ranging / High-Vol,30m,211,-0.00023190529141028097,-0.00018636268617022722,0.007431772453383188,0.4881516587677725,83
2,Ranging / High-Vol,1h,211,0.00018198507922513918,0.0005688078311205658,0.009779392738585494,0.5165876777251185,83
2,Ranging / High-Vol,2h,211,0.0002657498477220997,0.0009156145973570062,0.013011338478218126,0.5165876777251185,83
2,Ranging / High-Vol,4h,211,0.0009780302631123817,0.002832790544106345,0.018272774408655292,0.5781990521327014,83
3,Downtrend / Mid-Vol,15m,656,-0.0002189694203264631,4.6614702753799975e-05,0.0031519209305846687,0.5076219512195121,83
3,Downtrend / Mid-Vol,30m,656,-0.00039983342358232356,-0.00020824635016669646,0.00464445388014361,0.4771341463414634,83
3,Downtrend / Mid-Vol,1h,656,-0.000977086962782547,-0.00044186677009161457,0.0067832375775955574,0.4649390243902439,83
3,Downtrend / Mid-Vol,2h,656,-0.001067839797553771,0.0003763884523868555,0.009623551647737861,0.5213414634146342,83
3,Downtrend / Mid-Vol,4h,653,-0.002398248333134793,-0.0005538125292563478,0.013198384970793764,0.48238897396630936,83
0,Ranging / Low-Vol,15m,1062,-3.8272556852951597e-05,6.615575289359299e-05,0.001505703723324709,0.5169491525423728,84
0,Ranging / Low-Vol,30m,1061,-9.039619505495425e-05,3.083048675023292e-06,0.0021744046947656647,0.5004712535344015,84
0,Ranging / Low-Vol,1h,1059,-7.766646913839533e-05,-2.6469193034728278e-05,0.002998055669808924,0.4966949952785647,84
0,Ranging / Low-Vol,2h,1058,-1.1859680737196513e-05,-3.5410697495130705e-05,0.004394262112396517,0.4952741020793951,84
0,Ranging / Low-Vol,4h,1056,-0.00034234338780160143,-0.00033005550964748664,0.0077225621361377336,0.4876893939393939,84
1,Downtrend / Mid-Vol,15m,799,-0.00025619242089627836,-0.00012596907705741955,0.0032047188363178176,0.4818523153942428,84
1,Downtrend / Mid-Vol,30m,799,-0.0003796939003893208,-0.00019943844457337434,0.004854991001695655,0.46808510638297873,84
1,Downtrend / Mid-Vol,1h,799,-0.000500944358965161,-0.0002324978691650159,0.006876384267613178,0.4818523153942428,84
1,Downtrend / Mid-Vol,2h,796,-0.00028211426509815445,9.91008525899062e-05,0.009366436457350143,0.5100502512562815,84
1,Downtrend / Mid-Vol,4h,790,0.0005619838592157722,0.0004218590459261762,0.013582885704906613,0.5164556962025316,84
2,Uptrend / Mid-Vol,15m,823,0.00013124522115565376,-5.773560019406432e-05,0.0030243093241053747,0.4908869987849332,84
2,Uptrend / Mid-Vol,30m,823,0.00011085018609874596,0.0002753905274825996,0.004577661634033738,0.534629404617254,84
2,Uptrend / Mid-Vol,1h,823,-0.0001366262268314606,0.0003422368003338505,0.006686827558081232,0.5224787363304981,84
2,Uptrend / Mid-Vol,2h,823,-0.0005997157999570405,0.0006345653250718897,0.00920217788330024,0.5492102065613609,84
2,Uptrend / Mid-Vol,4h,823,-0.0012714900752193027,-0.00012756931664803517,0.012476487169555956,0.4957472660996355,84
3,Ranging / High-Vol,15m,291,0.0003902028997332198,0.0005347125292409771,0.006359295624234005,0.5360824742268041,84
3,Ranging / High-Vol,30m,291,0.0009027130841684658,0.00048740650115064454,0.008597413225626996,0.5223367697594502,84
3,Ranging / High-Vol,1h,291,0.001760141515985733,0.0011501576835719618,0.011800893424315893,0.563573883161512,84
3,Ranging / High-Vol,2h,291,0.0019120113700444759,0.0016438175515531839,0.017614991336458507,0.5670103092783505,84
3,Ranging / High-Vol,4h,291,0.0018834149326777112,0.0012289867983330538,0.023293394882808297,0.5189003436426117,84
0,Ranging / High-Vol,15m,217,0.00014446679428049982,0.00031681613656076024,0.005886665014299196,0.5299539170506913,85
0,Ranging / High-Vol,30m,217,0.0005456746359472256,0.00010060782198451079,0.007732126055984789,0.511520737327189,85
0,Ranging / High-Vol,1h,217,0.0008225856329146553,0.0006520728106433893,0.009070521088518706,0.5299539170506913,85
0,Ranging / High-Vol,2h,217,0.0013763027845087863,0.0025711345584138456,0.011918731860547012,0.5714285714285714,85
0,Ranging / High-Vol,4h,217,0.0024549604384555314,0.0037597266913511618,0.014365896281635279,0.631336405529954,85
1,Uptrend / Mid-Vol,15m,738,0.00025838728574957917,0.00022211913515057802,0.003009681953255101,0.532520325203252,85
1,Uptrend / Mid-Vol,30m,738,0.0002729009614271657,0.0001058787435841424,0.0043275473491271935,0.5149051490514905,85
1,Uptrend / Mid-Vol,1h,738,0.000493429590291632,0.00011868380978796722,0.006577005560628236,0.5121951219512195,85
1,Uptrend / Mid-Vol,2h,738,0.0007107309261692786,-0.00015273332493759284,0.009252138702225002,0.491869918699187,85
1,Uptrend / Mid-Vol,4h,732,0.0010032269727104878,0.0007132871550119546,0.01316843517380051,0.5245901639344263,85
2,Ranging / Low-Vol,15m,1265,-1.4136791964643659e-05,-6.942968836476382e-05,0.0014495381195871403,0.4774703557312253,85
2,Ranging / Low-Vol,30m,1264,-1.3858785273199697e-05,2.2343314869388564e-06,0.002134441390327836,0.5007911392405063,85
2,Ranging / Low-Vol,1h,1262,0.00010067996949709906,-8.587963822570543e-05,0.0030833591357626185,0.4849445324881141,85
2,Ranging / Low-Vol,2h,1258,0.00031226179421616824,0.00023406880936605035,0.004853124727211341,0.5246422893481717,85
2,Ranging / Low-Vol,4h,1256,0.0007676450883170106,0.00036584678503093215,0.007608298561412015,0.5342356687898089,85
3,Downtrend / Mid-Vol,15m,659,-0.00010869700155640678,-7.338857676053578e-05,0.003000129399131022,0.4931714719271624,85
3,Downtrend / Mid-Vol,30m,659,-5.936309001304273e-05,9.052211231441731e-05,0.0042577818397401025,0.5128983308042488,85
3,Downtrend / Mid-Vol,1h,659,-0.0002191075806688672,0.0002018184604644091,0.005821801792509436,0.5295902883156297,85
3,Downtrend / Mid-Vol,2h,659,-0.0002448228118723708,9.128668590108191e-05,0.0082025536010202,0.5098634294385432,85
3,Downtrend / Mid-Vol,4h,659,-0.00020113338873456918,0.0009581113194183644,0.011775428053283353,0.5341426403641881,85
0,Ranging / High-Vol,15m,34,-0.00046252512134855006,-0.0007606974024580992,0.0035348425331909222,0.4411764705882353,86
0,Ranging / High-Vol,30m,34,-0.0006603347747092226,-0.0001683330871484756,0.0037357141229455923,0.5,86
0,Ranging / High-Vol,1h,34,0.0013662792025721515,0.0019251319777913167,0.005915988742497123,0.6470588235294118,86
0,Ranging / High-Vol,2h,34,0.003441202892469885,0.0024915669877607627,0.008256078254863084,0.7058823529411765,86
0,Ranging / High-Vol,4h,34,0.0015497185165337052,0.0038490268325714894,0.01186050670504252,0.5588235294117647,86
1,Downtrend / Mid-Vol,15m,623,3.7940676686251886e-05,8.616695749275038e-05,0.002225078021222551,0.5136436597110754,86
1,Downtrend / Mid-Vol,30m,623,0.0001471066785846186,0.0002568800118751824,0.0031241655301945063,0.5280898876404494,86
1,Downtrend / Mid-Vol,1h,623,0.0003431884995205241,0.0004184121917987227,0.004199647774836021,0.550561797752809,86
1,Downtrend / Mid-Vol,2h,623,0.000695794254502847,0.0009246636298705369,0.005680079316987365,0.5682182985553772,86
1,Downtrend / Mid-Vol,4h,623,0.001328364408316747,0.0012583956207610214,0.0075791221818757165,0.5890850722311396,86
2,Ranging / Low-Vol,15m,1650,-2.1736442927546437e-05,-2.091481898514047e-05,0.0014731818008988354,0.48727272727272725,86
2,Ranging / Low-Vol,30m,1649,-3.602795584931203e-05,-1.646724604320582e-05,0.0020889483454760325,0.4948453608247423,86
2,Ranging / Low-Vol,1h,1647,-3.907380893005369e-05,-0.00010903150476515577,0.003186430684515429,0.48269581056466304,86
2,Ranging / Low-Vol,2h,1643,5.428728754536332e-05,-0.00011092348920094253,0.004797569372774306,0.48752282410225195,86
2,Ranging / Low-Vol,4h,1635,0.00032972725084642917,-0.0001716469170460755,0.006773045064577608,0.48807339449541287,86
3,Uptrend / Mid-Vol,15m,668,0.00019740575014136067,0.0001673764148089063,0.0024193541224448167,0.5164670658682635,86
3,Uptrend / Mid-Vol,30m,668,0.0002969612530679509,0.0002550696958056875,0.003401601842971855,0.5464071856287425,86
3,Uptrend / Mid-Vol,1h,668,0.00033021990098710413,0.0002812308020700982,0.004582400621804497,0.5553892215568862,86
3,Uptrend / Mid-Vol,2h,668,0.0002731816340697936,0.0003054905714954259,0.006032487525196676,0.5344311377245509,86
3,Uptrend / Mid-Vol,4h,668,0.00029700862542150113,-0.00013111094236073484,0.0074306980778961525,0.49550898203592814,86
0,Uptrend / Mid-Vol,15m,510,0.00011578238312864015,1.2945568670374996e-06,0.0021747170502293294,0.5,87
0,Uptrend / Mid-Vol,30m,510,7.253160419023648e-05,-7.329119607746293e-05,0.002955853709389218,0.49411764705882355,87
0,Uptrend / Mid-Vol,1h,510,8.025868028344541e-05,0.00010163368296467468,0.003865695555365409,0.5215686274509804,87
0,Uptrend / Mid-Vol,2h,510,1.137369502384189e-05,4.9089842869776135e-05,0.005270197471126303,0.503921568627451,87
0,Uptrend / Mid-Vol,4h,510,0.00047961715039746217,4.2132461658184184e-05,0.007648879414629681,0.5019607843137255,87
1,Ranging / Low-Vol,15m,1852,3.88239188843272e-06,-3.1210664101166685e-05,0.0012770019832707032,0.48758099352051837,87
1,Ranging / Low-Vol,30m,1851,1.9294720055229053e-05,2.4704233229755346e-05,0.0018829818846941495,0.5056726094003241,87
1,Ranging / Low-Vol,1h,1849,6.368821702000421e-05,2.0684236403667455e-05,0.0027078579377076014,0.50730124391563,87
1,Ranging / Low-Vol,2h,1845,0.00015267317361015444,0.00012135285395586948,0.004155175276627361,0.5197831978319783,87
1,Ranging / Low-Vol,4h,1838,0.00012032482852793526,0.00010305852102998614,0.006140372679434863,0.5070729053318824,87
2,Ranging / High-Vol,15m,45,-0.00022127986400081548,-0.00016545975772430666,0.003923874743513546,0.4888888888888889,87
2,Ranging / High-Vol,30m,45,0.00014701497566306108,0.0009094926924326785,0.00476286350143046,0.5777777777777777,87
2,Ranging / High-Vol,1h,45,-0.00044399278672722334,-0.00030889642367171177,0.0060360634210851445,0.4444444444444444,87
2,Ranging / High-Vol,2h,45,-0.00012626976983669792,-5.2160256565514374e-05,0.007046668442858413,0.4888888888888889,87
2,Ranging / High-Vol,4h,45,0.0012522322515905336,-0.00020058059229732805,0.00913637915505343,0.4666666666666667,87
3,Downtrend / Mid-Vol,15m,472,-6.570617569791444e-05,-5.54585665737406e-05,0.0025277137489496558,0.4851694915254237,87
3,Downtrend / Mid-Vol,30m,472,-5.9245583442633805e-05,2.9783784201597996e-05,0.0036552847759961787,0.5084745762711864,87
3,Downtrend / Mid-Vol,1h,472,-7.570940730342271e-05,6.972564827734118e-07,0.004981562669519483,0.5,87
3,Downtrend / Mid-Vol,2h,472,-0.00014552431815767204,0.0003247990163854908,0.006915144362096277,0.5402542372881356,87
3,Downtrend / Mid-Vol,4h,471,-0.0001319964941159119,0.0011523664562549385,0.009166794424216062,0.5944798301486199,87
0,Ranging / Low-Vol,15m,1903,-1.2025443307924521e-05,-9.260876865369028e-08,0.0013394384940487228,0.4981607987388334,88
0,Ranging / Low-Vol,30m,1903,-2.9505796816066387e-06,1.075103014258616e-05,0.0019287093809334547,0.5049921177088808,88
0,Ranging / Low-Vol,1h,1903,-4.518411189484331e-05,2.2694504195897025e-06,0.0026588024486990857,0.5002627430373096,88
0,Ranging / Low-Vol,2h,1903,-9.68219080601001e-05,-0.00016250803015260828,0.0037823144053867,0.4771413557540725,88
0,Ranging / Low-Vol,4h,1903,-6.134915117011111e-05,-1.3420663906416053e-05,0.005671911493468939,0.49710982658959535,88
1,Downtrend / Mid-Vol,15m,533,5.294655487635909e-05,5.5523964753945165e-05,0.002137275319934531,0.5084427767354597,88
1,Downtrend / Mid-Vol,30m,532,0.00013902372081264183,0.00021562059256119426,0.0029471707509831206,0.518796992481203,88
1,Downtrend / Mid-Vol,1h,530,0.0003476584169362025,0.00038634366250711594,0.00402970334734865,0.5471698113207547,88
1,Downtrend / Mid-Vol,2h,526,0.0008273158187299627,0.001207489764919245,0.005158211495954905,0.6026615969581749,88
1,Downtrend / Mid-Vol,4h,518,0.0009537820205053393,0.0014037657984706797,0.0064451567019793475,0.5791505791505791,88
2,Uptrend / Mid-Vol,15m,519,0.00012955202928904039,-1.632306683063689e-05,0.0021364724676916935,0.49710982658959535,88
2,Uptrend / Mid-Vol,30m,519,0.00017482897621191404,0.00019776793411274696,0.0028886234625250936,0.5279383429672447,88
2,Uptrend / Mid-Vol,1h,519,0.0004216764779778974,0.00029958480391023556,0.004122202442051661,0.5472061657032755,88
2,Uptrend / Mid-Vol,2h,519,0.0006960891099863801,0.0004810473603704679,0.0058854063360125955,0.5472061657032755,88
2,Uptrend / Mid-Vol,4h,519,0.0015996194011852604,0.0007550474189077505,0.0072850587954529375,0.5510597302504817,88
3,Ranging / High-Vol,15m,20,0.0001512599333177711,0.0003572569750485144,0.0021852142190516162,0.7,88
3,Ranging / High-Vol,30m,20,-0.00032597201777893046,1.6510845460615542e-05,0.0028963358727088517,0.5,88
3,Ranging / High-Vol,1h,20,-0.00028660032289842265,-0.0008033667345754836,0.003989560851554674,0.45,88
3,Ranging / High-Vol,2h,20,0.0007840418703223051,-0.0007465000889412821,0.005888684179070584,0.4,88
3,Ranging / High-Vol,4h,20,0.004741981071599799,0.002558327320788756,0.007902985637911154,0.6,88
0,Ranging / Low-Vol,15m,1953,-3.8239018867377385e-05,-3.690886167007079e-05,0.0014838939368489452,0.48591909882232465,89
0,Ranging / Low-Vol,30m,1953,-6.47270312799442e-05,-6.608416776465731e-05,0.0021139435679113344,0.4807987711213518,89
0,Ranging / Low-Vol,1h,1953,-5.670738195138758e-05,-7.717606969848134e-05,0.0031251006188205187,0.48591909882232465,89
0,Ranging / Low-Vol,2h,1949,-0.00017101420361416582,-0.00012763105573299072,0.004524557427778166,0.4797331965110313,89
0,Ranging / Low-Vol,4h,1941,-0.0004648834095119331,-0.00032434588092833394,0.00635757720707335,0.4734672849046883,89
1,Downtrend / Mid-Vol,15m,562,-4.3382590587549675e-05,-7.340455215754105e-05,0.0020987075749235038,0.48576512455516013,89
1,Downtrend / Mid-Vol,30m,561,-4.759026847761755e-05,0.00010618975864851166,0.0028746442513840516,0.5080213903743316,89
1,Downtrend / Mid-Vol,1h,559,-0.00020808165074994567,0.0001162399761707178,0.003912009073480277,0.5116279069767442,89
1,Downtrend / Mid-Vol,2h,559,-0.00035257116492877326,0.0001606618383060976,0.005657400422843354,0.5205724508050089,89
1,Downtrend / Mid-Vol,4h,559,-7.473842209607123e-05,-0.00014752252995364756,0.00790954720710615,0.4919499105545617,89
2,Ranging / High-Vol,15m,35,8.471540779427958e-05,0.0006662317353001157,0.0038105092371415734,0.6,89
2,Ranging / High-Vol,30m,35,0.0003022335417540997,-0.0005038718724481583,0.004498306324640356,0.45714285714285713,89
2,Ranging / High-Vol,1h,35,0.00016220971009940196,0.0004670378308446743,0.006252288768135584,0.5142857142857142,89
2,Ranging / High-Vol,2h,35,0.0009390461418310078,0.0008568325460380777,0.00492756169733919,0.5142857142857142,89
2,Ranging / High-Vol,4h,35,0.00046153926296942213,0.00012498683435602231,0.007253540232951578,0.5142857142857142,89
3,Uptrend / Mid-Vol,15m,425,7.730863897745955e-05,-2.1201246731550327e-06,0.001973486000091151,0.4988235294117647,89
3,Uptrend / Mid-Vol,30m,425,2.8103212903177417e-05,-3.397980797004152e-05,0.00290963468627356,0.48705882352941177,89
3,Uptrend / Mid-Vol,1h,425,-7.787432063951167e-05,-0.00016924761121472898,0.003706590590193591,0.48,89
3,Uptrend / Mid-Vol,2h,425,5.799555496765533e-05,5.5875453368159356e-05,0.004809924451100885,0.5105882352941177,89
3,Uptrend / Mid-Vol,4h,425,-5.8804090491193506e-05,0.00031541747694063815,0.007637848714296633,0.5341176470588235,89
0,Downtrend / Mid-Vol,15m,362,-3.4694431742177244e-05,0.00014088535961942483,0.0020940824050273525,0.5331491712707183,90
0,Downtrend / Mid-Vol,30m,362,-1.0280150641959638e-06,-1.875498074976889e-05,0.0029919446663669398,0.494475138121547,90
0,Downtrend / Mid-Vol,1h,362,0.00011816960625039587,0.00012975629309863734,0.004085167086204056,0.5193370165745856,90
0,Downtrend / Mid-Vol,2h,362,0.0009443206363081827,0.0011731757314095148,0.005077203630823983,0.580110497237569,90
0,Downtrend / Mid-Vol,4h,362,0.0016903630165896687,0.0018533109572338446,0.006424262393497119,0.6574585635359116,90
1,Ranging / Low-Vol,15m,2117,2.2511090611087235e-05,2.3559100132075628e-05,0.0011669156474282132,0.514407179971658,90
1,Ranging / Low-Vol,30m,2116,5.106355204283993e-05,5.380765085938322e-06,0.0016482965385390927,0.5023629489603024,90
1,Ranging / Low-Vol,1h,2114,0.00010826740668329774,2.0388115847147503e-05,0.002382183059196217,0.5066225165562914,90
1,Ranging / Low-Vol,2h,2110,0.00015508038332489191,0.00011175258137363642,0.0036675600569911065,0.5137440758293839,90
1,Ranging / Low-Vol,4h,2107,0.0002895592698623879,4.528828202587931e-05,0.005153932975117191,0.5092548647365923,90
2,Ranging / High-Vol,15m,15,0.0004303607369717355,0.0004136962482004236,0.0028109951480284564,0.5333333333333333,90
2,Ranging / High-Vol,30m,15,0.0013822998168167308,0.0024313470877750376,0.0029340537458701524,0.6,90
2,Ranging / High-Vol,1h,15,0.0018724445778731298,0.0013270562447740275,0.003943808084604993,0.6666666666666666,90
2,Ranging / High-Vol,2h,15,-0.0005795246920229147,-0.0002948135429416965,0.004166171262157916,0.4666666666666667,90
2,Ranging / High-Vol,4h,15,-8.81315972056503e-05,0.0005405040149017992,0.004944694593315099,0.5333333333333333,90
3,Uptrend / Mid-Vol,15m,385,3.4327370647434476e-05,-7.587160749622512e-05,0.0018240527877504162,0.4883116883116883,90
3,Uptrend / Mid-Vol,30m,385,-4.725724121773825e-05,7.432465001322441e-05,0.002545791223280765,0.5116883116883116,90
3,Uptrend / Mid-Vol,1h,385,-0.00022517626386133691,-0.00010533341525587048,0.00366712298327447,0.4831168831168831,90
3,Uptrend / Mid-Vol,2h,385,-0.000620418803789514,-0.000398797465603451,0.005090803570964388,0.44675324675324674,90
3,Uptrend / Mid-Vol,4h,380,-0.00083157399641698,-0.001006827054404802,0.006140846857276264,0.4105263157894737,90
0,Ranging / Low-Vol,15m,1374,3.073676831266288e-05,2.8439441370764484e-06,0.0014440055643140986,0.5014556040756915,91
0,Ranging / Low-Vol,30m,1373,4.766135957165214e-05,6.784125503322969e-05,0.0020935074067171214,0.5098324836125273,91
0,Ranging / Low-Vol,1h,1371,7.17342566379531e-05,-2.89168689704411e-06,0.0030586050108853346,0.49963530269876005,91
0,Ranging / Low-Vol,2h,1367,0.0002133832261297461,0.00017365900091448339,0.0047168375211383866,0.5186539868324799,91
0,Ranging / Low-Vol,4h,1360,0.00034345998888859146,0.00020934962248819744,0.007631905659972745,0.5176470588235295,91
1,Downtrend / Mid-Vol,15m,720,-0.0002585725122644458,-0.00017012717058140225,0.002894473319639509,0.475,91
1,Downtrend / Mid-Vol,30m,720,-0.00038384840656037077,-6.494872009454866e-05,0.004253835015261598,0.4888888888888889,91
1,Downtrend / Mid-Vol,1h,720,-0.0006725972054298208,0.00015397056421662114,0.0065756563216579885,0.5111111111111111,91
1,Downtrend / Mid-Vol,2h,720,-0.0007978571389564988,0.0002399729242048565,0.00806776283675627,0.5152777777777777,91
1,Downtrend / Mid-Vol,4h,720,-0.0015222136392897391,0.0003829864240048053,0.011776973750106935,0.5194444444444445,91
2,Uptrend / Mid-Vol,15m,741,0.00013105474114157215,2.547966840893423e-05,0.002322147394816428,0.5020242914979757,91
2,Uptrend / Mid-Vol,30m,741,0.00018769258501636057,0.00013400020406351132,0.0032261033281221554,0.5209176788124157,91
2,Uptrend / Mid-Vol,1h,741,0.0002670096041031183,0.00018555854672186456,0.004534062735293172,0.5222672064777328,91
2,Uptrend / Mid-Vol,2h,741,0.0001861737193330779,0.00040829346316684223,0.006818860406441193,0.5398110661268556,91
2,Uptrend / Mid-Vol,4h,740,0.0005337589323857291,5.544188201334066e-05,0.0098065730803947,0.504054054054054,91
3,Ranging / High-Vol,15m,140,4.408050690845045e-05,6.850561048299397e-05,0.006174765582746475,0.5071428571428571,91
3,Ranging / High-Vol,30m,140,-5.635608706840196e-05,-0.00048572219938591843,0.008677359606767264,0.44285714285714284,91
3,Ranging / High-Vol,1h,140,0.0001956446362950892,-0.000690970788158829,0.00928273185801163,0.45,91
3,Ranging / High-Vol,2h,140,-0.001331721340879596,-0.0022478428779217907,0.013723034199661857,0.45,91
3,Ranging / High-Vol,4h,140,-0.0031449069902998086,-0.0023070204270316808,0.012043008708007757,0.36428571428571427,91
0,Ranging / Low-Vol,15m,962,-3.47323420348591e-05,5.919246390195809e-05,0.0016251718443799242,0.5166320166320166,92
0,Ranging / Low-Vol,30m,962,-0.0001059444120088658,3.2061646376035924e-05,0.002364531979223943,0.5062370062370062,92
0,Ranging / Low-Vol,1h,962,-0.0002573378018655158,-4.18965191206766e-05,0.003491405948576936,0.49480249480249483,92
0,Ranging / Low-Vol,2h,958,-0.0005778008306498036,-9.94110515106783e-05,0.005098177806000343,0.4801670146137787,92
0,Ranging / Low-Vol,4h,950,-0.0012711016487396184,-0.0004085088143019888,0.008013820856693691,0.4568421052631579,92
1,Ranging / High-Vol,15m,215,-6.232303810843583e-05,-3.243655503482046e-05,0.004934963400295313,0.4883720930232558,92
1,Ranging / High-Vol,30m,215,-0.00015364879971704946,-0.0001978111548570638,0.006766525002823493,0.4790697674418605,92
1,Ranging / High-Vol,1h,215,-0.0005589033741673367,-0.0007881015606496788,0.009159064513240259,0.4558139534883721,92
1,Ranging / High-Vol,2h,215,-0.001535285721058228,-0.0012730916686383154,0.01167916959363288,0.4325581395348837,92
1,Ranging / High-Vol,4h,215,-0.001655609665845553,0.00045778089626047347,0.014721774049325955,0.5116279069767442,92
2,Uptrend / Mid-Vol,15m,807,6.045027741375574e-05,-7.994324720961288e-05,0.002604223049827642,0.48946716232961585,92
2,Uptrend / Mid-Vol,30m,807,6.50543355146146e-06,-0.00011105763702623506,0.0036886667619589154,0.48698884758364314,92
2,Uptrend / Mid-Vol,1h,807,-4.9651053689426856e-05,-6.484839243370288e-05,0.00529504668462776,0.48946716232961585,92
2,Uptrend / Mid-Vol,2h,807,-1.2240131074017398e-05,0.00020060384598075132,0.0076077804804913565,0.5142503097893433,92
2,Uptrend / Mid-Vol,4h,807,-0.00022842016727385255,-0.0003380591190911275,0.011593274465874858,0.483271375464684,92
3,Downtrend / Mid-Vol,15m,895,-0.00021657364174418559,-0.0001031883398674438,0.0030456343865315804,0.4860335195530726,92
3,Downtrend / Mid-Vol,30m,894,-0.000281174958308217,7.287468089778315e-05,0.004134511406259605,0.5089485458612976,92
3,Downtrend / Mid-Vol,1h,892,-0.00039305731342727474,0.00016395039717043147,0.005677287134347971,0.5201793721973094,92
3,Downtrend / Mid-Vol,2h,892,-0.0006811505295017945,0.00014826546740387414,0.008107764873030918,0.5100896860986547,92
3,Downtrend / Mid-Vol,4h,892,-0.0013900656268126751,-0.00022097444826307822,0.011485483223859063,0.484304932735426,92
0,Downtrend / Mid-Vol,15m,581,-8.038571987720775e-05,0.0002322807329697696,0.002887941798529248,0.5490533562822719,93
0,Downtrend / Mid-Vol,30m,581,-0.00015236033972799328,0.00037987498947522624,0.004039579825139941,0.5542168674698795,93
0,Downtrend / Mid-Vol,1h,581,0.00011304072783203856,0.0007048053912139807,0.0052742257856320815,0.5851979345955249,93
0,Downtrend / Mid-Vol,2h,581,0.0008119147927450838,0.001074986516933052,0.00785685977353037,0.5783132530120482,93
0,Downtrend / Mid-Vol,4h,581,0.0007131084757595915,0.0013484480904519813,0.010759159187944085,0.5800344234079173,93
1,Ranging / Low-Vol,15m,1611,5.9761313695324585e-06,-4.9007392792788096e-05,0.0014154824609570644,0.4866542520173805,93
1,Ranging / Low-Vol,30m,1610,8.430403628302543e-07,1.9464989046369396e-05,0.002013368071836523,0.506832298136646,93
1,Ranging / Low-Vol,1h,1608,-5.779665454842481e-05,3.237466245309406e-06,0.0031430057704404245,0.5012437810945274,93
1,Ranging / Low-Vol,2h,1604,-0.0002270972600127351,6.746866725659828e-05,0.0049744253679454625,0.5155860349127181,93
1,Ranging / Low-Vol,4h,1596,-0.0004498079601929468,0.00021471826441743502,0.007700288184195644,0.5288220551378446,93
2,Ranging / High-Vol,15m,200,-0.00048792336846251064,-0.00025940360369425264,0.004711005811698237,0.47,93
2,Ranging / High-Vol,30m,200,-0.000699792092045648,-0.0009512669077764713,0.006313349068518032,0.435,93
2,Ranging / High-Vol,1h,200,-0.001139459641244729,-0.0004468910424053618,0.008419331269205117,0.485,93
2,Ranging / High-Vol,2h,200,-0.0020519137364652896,-0.0012217539836374414,0.010440230024155709,0.47,93
2,Ranging / High-Vol,4h,200,-0.002927518916091918,-0.001277449827434829,0.014908440681754438,0.475,93
3,Uptrend / Mid-Vol,15m,583,0.00020627005716385236,7.5834228731253e-05,0.002820731502421135,0.5214408233276158,93
3,Uptrend / Mid-Vol,30m,583,0.0003514161517935472,9.777483513140339e-05,0.004102945127527961,0.5128644939965694,93
3,Uptrend / Mid-Vol,1h,583,0.0004118685273543676,-0.000233792341512995,0.006178202973620601,0.47684391080617494,93
3,Uptrend / Mid-Vol,2h,583,0.0005303366364234666,-8.342363443425427e-05,0.007851980504429458,0.49056603773584906,93
3,Uptrend / Mid-Vol,4h,583,0.0016867531537153341,0.00032873052257187396,0.010422468438689247,0.5231560891938251,93
0,Uptrend / Mid-Vol,15m,507,2.8535577964477212e-05,-0.00025173336575079475,0.0026782902369568108,0.4516765285996055,94
0,Uptrend / Mid-Vol,30m,506,2.206900464047317e-05,-0.00020315519578861796,0.0037399994825588288,0.48616600790513836,94
0,Uptrend / Mid-Vol,1h,504,1.7873760531205734e-05,-0.0002110866952227397,0.005255590966263289,0.4880952380952381,94
0,Uptrend / Mid-Vol,2h,500,-0.00029903986519297376,-0.0001313666446769446,0.0067341116768702474,0.496,94
0,Uptrend / Mid-Vol,4h,498,-0.0001522728196064255,-8.014332261030432e-05,0.007547898988504937,0.4939759036144578,94
1,Ranging / High-Vol,15m,107,-0.0003701797525930928,0.00017569578197829117,0.004438776293651989,0.514018691588785,94
1,Ranging / High-Vol,30m,107,-0.0003473905193583272,-9.665397622704575e-05,0.00499643598092814,0.4953271028037383,94
1,Ranging / High-Vol,1h,107,-0.0002976155783280187,1.5195718528815405e-05,0.005816226541424721,0.5046728971962616,94
1,Ranging / High-Vol,2h,107,0.00030201414175535927,-0.0001854589565013498,0.009769860677716652,0.48598130841121495,94
1,Ranging / High-Vol,4h,103,-0.00040323678335937944,0.0004925471586130215,0.014118312645091531,0.5242718446601942,94
2,Ranging / Low-Vol,15m,1802,-1.0062717026227185e-05,-7.063566319409631e-06,0.0012640364750219854,0.4961154273029967,94
2,Ranging / Low-Vol,30m,1802,-4.941286275578925e-05,3.2844347792604367e-06,0.0018207732113600034,0.5011098779134295,94
2,Ranging / Low-Vol,1h,1802,-0.0001721241085461101,-5.9962129064672354e-05,0.0028836558910975535,0.4872364039955605,94
2,Ranging / Low-Vol,2h,1802,-0.0004235236893776575,-5.540229135103658e-05,0.004863701403872872,0.49223085460599336,94
2,Ranging / Low-Vol,4h,1802,-0.0006798368744868682,-0.00024124258819036015,0.007538687895917285,0.4750277469478357,94
3,Downtrend / Mid-Vol,15m,559,-0.00011622147092513702,4.999387190629534e-05,0.002977061859477569,0.5134168157423972,94
3,Downtrend / Mid-Vol,30m,559,-0.00017991854526189807,0.0003285192023927408,0.004341351088488313,0.5348837209302325,94
3,Downtrend / Mid-Vol,1h,559,-0.00018515636424615777,0.00035263019048237254,0.005891102329111713,0.5456171735241503,94
3,Downtrend / Mid-Vol,2h,559,-4.554176873029803e-05,0.0003780169986828952,0.007695718484150034,0.5384615384615384,94
3,Downtrend / Mid-Vol,4h,557,-0.0009758908275882064,0.00012766513807882518,0.009903545090174999,0.5080789946140036,94
0,Downtrend / Mid-Vol,15m,805,-0.00017320460106794934,0.00020844958481802678,0.003261040915784576,0.5204968944099378,95
0,Downtrend / Mid-Vol,30m,805,-0.00028989127010028645,0.0002451131647731586,0.004725197432545415,0.5267080745341615,95
0,Downtrend / Mid-Vol,1h,805,-0.00033972722528171744,0.00013210529133189652,0.006670653911691932,0.5118012422360249,95
0,Downtrend / Mid-Vol,2h,805,-0.000618573971139449,0.0002908672721524397,0.008839777337929632,0.5118012422360249,95
0,Downtrend / Mid-Vol,4h,805,-0.0007768767478357107,0.0005960918361438416,0.01182560009004787,0.5217391304347826,95
1,Ranging / Low-Vol,15m,631,-6.020605900121583e-05,-3.89598828665072e-05,0.0020208686398436528,0.4896988906497623,95
1,Ranging / Low-Vol,30m,631,-0.00017078649864231442,-2.906516640699408e-05,0.002999940071534706,0.4928684627575277,95
1,Ranging / Low-Vol,1h,631,-0.000496921588564632,-0.0001980631739115779,0.005155123552496391,0.4643423137876387,95
1,Ranging / Low-Vol,2h,631,-0.0007560307470430986,-0.00030607013836103647,0.00799543988076413,0.48177496038034867,95
1,Ranging / Low-Vol,4h,631,-0.002752810786030524,-0.0009569948448486798,0.012851969031406651,0.44532488114104596,95
2,Ranging / High-Vol,15m,424,-0.00013162552611071054,-0.0003203852184743283,0.006264879896717841,0.4811320754716981,95
2,Ranging / High-Vol,30m,424,-0.00020871760008970097,0.0001686075390479047,0.008577630078872606,0.5141509433962265,95
2,Ranging / High-Vol,1h,424,-0.0002615862356041863,0.00015332274382284794,0.011533509612444533,0.5165094339622641,95
2,Ranging / High-Vol,2h,424,-0.0006968034109178066,0.00031243160670690884,0.014821201136788958,0.5141509433962265,95
2,Ranging / High-Vol,4h,420,-0.0003293724894180661,0.0022910341254656075,0.018776760297363044,0.5357142857142857,95
3,Uptrend / Mid-Vol,15m,827,7.715455522134453e-05,9.37099757649662e-05,0.0032085583274507135,0.5078597339782346,95
3,Uptrend / Mid-Vol,30m,826,0.00011212663422074115,6.317247955944794e-05,0.00444271084997475,0.5048426150121066,95
3,Uptrend / Mid-Vol,1h,824,4.082791341349481e-05,7.944696930373141e-05,0.006051723530844774,0.5036407766990292,95
3,Uptrend / Mid-Vol,2h,820,-3.278122445415e-05,0.00013149041124371763,0.008391907134783973,0.5036585365853659,95
3,Uptrend / Mid-Vol,4h,816,-0.00015684668893741824,-0.0006017798172868183,0.013961270616101064,0.47794117647058826,95
0,Uptrend / Mid-Vol,15m,858,5.447298288128224e-05,-0.00014544597713594953,0.0030392431221864576,0.4766899766899767,96
0,Uptrend / Mid-Vol,30m,858,-1.9166004635442264e-05,-0.0003246773785914314,0.004299298074399196,0.4603729603729604,96
0,Uptrend / Mid-Vol,1h,858,1.891120416316952e-06,-0.0003818915852420446,0.005571360332303451,0.46386946386946387,96
0,Uptrend / Mid-Vol,2h,857,-5.6363470696746156e-05,-0.0009359406064497477,0.0077941004952982685,0.441073512252042,96
0,Uptrend / Mid-Vol,4h,849,0.0005766742514540751,-0.00039309023586753256,0.011355408499502215,0.4793875147232038,96
1,Downtrend / Mid-Vol,15m,1031,2.1532203456362804e-05,0.00017479869142178472,0.0028883856926809567,0.5266731328806984,96
1,Downtrend / Mid-Vol,30m,1031,7.137523719096914e-05,0.00030657674465039975,0.004058583044571693,0.533462657613967,96
1,Downtrend / Mid-Vol,1h,1031,0.00018098000734537354,0.0001736275428534384,0.006008674064638293,0.5150339476236664,96
1,Downtrend / Mid-Vol,2h,1031,0.0005019998323242316,0.00037503507581604367,0.008497466303875696,0.5169738118331717,96
1,Downtrend / Mid-Vol,4h,1031,0.00068368708526023,0.0002156517751572551,0.011976105945160425,0.510184287099903,96
2,Ranging / High-Vol,15m,218,2.362308085424342e-05,-0.0001221856890101236,0.0046981360772208386,0.481651376146789,96
2,Ranging / High-Vol,30m,218,0.0005112880003314461,0.00016884681495010767,0.006138349511597272,0.5091743119266054,96
2,Ranging / High-Vol,1h,218,0.0007284957476677252,0.0004472453451525027,0.00816807451941232,0.536697247706422,96
2,Ranging / High-Vol,2h,218,0.0008499661670192029,0.0004247996199566728,0.010237919838518376,0.5091743119266054,96
2,Ranging / High-Vol,4h,218,-0.0003826233793222605,-0.00025998837485285975,0.010749376785700832,0.4908256880733945,96
3,Ranging / Low-Vol,15m,868,-6.198249186226812e-05,-1.7813725708748507e-05,0.0017882938966305958,0.4930875576036866,96
3,Ranging / Low-Vol,30m,867,-0.00014491313415599506,-7.205727917991567e-05,0.0025877519388511007,0.4844290657439446,96
3,Ranging / Low-Vol,1h,865,-0.00029892289744858595,-0.00013227103502622128,0.0037166379168432767,0.4751445086705202,96
3,Ranging / Low-Vol,2h,862,-0.0005522156367173683,-0.00038414542837106325,0.005715636868292266,0.4617169373549884,96
3,Ranging / Low-Vol,4h,862,-0.0010276603190665632,-0.0007908300145134106,0.008011658926409038,0.4419953596287703,96
0,Ranging / High-Vol,15m,86,0.0005561797546247158,0.00031033493118926003,0.003971375759815767,0.5581395348837209,97
0,Ranging / High-Vol,30m,86,0.0010700142151308372,6.145237541499426e-05,0.0050890923341257496,0.5116279069767442,97
0,Ranging / High-Vol,1h,86,0.0012568984852641646,-0.00022990027391323054,0.007796579898811841,0.4883720930232558,97
0,Ranging / High-Vol,2h,86,0.0016110957112677466,-0.0006223438966417305,0.009699300088584877,0.45348837209302323,97
0,Ranging / High-Vol,4h,86,0.0015187981964830813,0.0006294841255813921,0.00924981650782374,0.5348837209302325,97
1,Downtrend / Mid-Vol,15m,653,-2.980820534576972e-05,0.0001789084258447815,0.002141310978294561,0.5359877488514548,97
1,Downtrend / Mid-Vol,30m,653,1.8559694503741574e-05,0.0002630905312326348,0.002835124266520963,0.5390505359877489,97
1,Downtrend / Mid-Vol,1h,653,0.00016904404317777394,0.00035872832516936626,0.0037233016416568705,0.552833078101072,97
1,Downtrend / Mid-Vol,2h,653,0.0006481806198979753,0.0008273755450982634,0.005435449334239493,0.5604900459418071,97
1,Downtrend / Mid-Vol,4h,653,0.00115690609621161,0.0009004510980226144,0.0073425956272524864,0.5742725880551302,97
2,Uptrend / Mid-Vol,15m,608,9.082869280643981e-05,-4.7363182361870315e-05,0.002585367947651104,0.48519736842105265,97
2,Uptrend / Mid-Vol,30m,608,7.732721924854167e-05,3.924571424640533e-05,0.003564689381906139,0.5049342105263158,97
2,Uptrend / Mid-Vol,1h,608,0.0001037655573366664,8.050118030844544e-06,0.005066324821508878,0.5016447368421053,97
2,Uptrend / Mid-Vol,2h,608,0.0002514727195052606,-0.0003669816365636791,0.006935552691854533,0.48026315789473684,97
2,Uptrend / Mid-Vol,4h,608,0.0008424399352662435,-0.0002918720005782305,0.009845098858435222,0.4917763157894737,97
3,Ranging / Low-Vol,15m,1532,2.0566979681503242e-05,1.3647820676254696e-05,0.001515755275671828,0.5058746736292428,97
3,Ranging / Low-Vol,30m,1531,5.196544545645998e-05,4.501996546402154e-05,0.0022658288393375275,0.5081645983017635,97
3,Ranging / Low-Vol,1h,1529,0.00011386342914090427,3.0297274529189622e-05,0.0032459615986793642,0.5075212557226946,97
3,Ranging / Low-Vol,2h,1525,0.00013324025336942214,1.4196378504749418e-05,0.00468343754814339,0.5009836065573771,97
3,Ranging / Low-Vol,4h,1517,0.00030888700774682584,-8.310140390399567e-05,0.007078420075192241,0.4924192485168095,97
0,Uptrend / Mid-Vol,15m,388,0.00021505553947527838,-4.6228265442316285e-05,0.0021411750514698465,0.4896907216494845,98
0,Uptrend / Mid-Vol,30m,388,0.0003116487711019549,-5.826981428924682e-06,0.00294698733114685,0.49742268041237114,98
0,Uptrend / Mid-Vol,1h,388,6.659680486052312e-05,-5.1261529826263086e-05,0.003925897404244066,0.48195876288659795,98
0,Uptrend / Mid-Vol,2h,388,-0.00014361695932055702,5.18735847263585e-05,0.005385695643128468,0.5025773195876289,98
0,Uptrend / Mid-Vol,4h,387,-0.0006076700228693706,-0.000335114028381156,0.006656118362020435,0.4728682170542636,98
1,Ranging / Low-Vol,15m,2008,-4.056327501070798e-05,-2.8128539995009305e-05,0.0012707442168879294,0.48904382470119523,98
1,Ranging / Low-Vol,30m,2008,-7.738218469774084e-05,-6.806891938104798e-06,0.0018746365594333602,0.4965139442231076,98
1,Ranging / Low-Vol,1h,2006,-0.00011904451274733935,-3.59728940821924e-05,0.002701016678189606,0.48953140578265203,98
1,Ranging / Low-Vol,2h,2002,-0.000294048175451929,-7.411047197791731e-05,0.003836307701134794,0.485014985014985,98
1,Ranging / Low-Vol,4h,1995,-0.00047788688767453117,-0.00013007384710483905,0.005512400985523685,0.48621553884711777,98
2,Ranging / High-Vol,15m,32,-0.000708507439612871,-0.0007641101075215317,0.003933304411502161,0.46875,98
2,Ranging / High-Vol,30m,32,-0.0007315631254863342,5.8341303513564924e-05,0.0038865992064522755,0.5,98
2,Ranging / High-Vol,1h,32,-0.0005991986292296358,-0.00055780555291296,0.0047429527917913165,0.4375,98
2,Ranging / High-Vol,2h,32,6.287063194032605e-05,-9.600288572997329e-06,0.005844289947858381,0.5,98
2,Ranging / High-Vol,4h,32,-0.00021914692230423638,0.0022039846984727163,0.008014163188446255,0.53125,98
3,Downtrend / Mid-Vol,15m,547,-3.0272446915430713e-05,3.130283707264425e-05,0.002066042181532961,0.5082266910420475,98
3,Downtrend / Mid-Vol,30m,546,-3.413408943171526e-05,0.00014045179971322597,0.0028489694005431653,0.5201465201465202,98
3,Downtrend / Mid-Vol,1h,546,0.00015788623688383453,0.00021321871102220058,0.003986859730849486,0.5311355311355311,98
3,Downtrend / Mid-Vol,2h,546,0.0006475043582799281,0.0009042041202453888,0.005625248934047245,0.5677655677655677,98
3,Downtrend / Mid-Vol,4h,546,0.0010549545784314103,0.0007015655981357227,0.007279239806569777,0.5531135531135531,98
0,Uptrend / Mid-Vol,15m,679,-1.1835270322210582e-05,-0.0001312270683566652,0.002916622502781024,0.46097201767304863,99
0,Uptrend / Mid-Vol,30m,679,-8.713623734842165e-05,-0.0003045402106174322,0.003905609169798066,0.4565537555228277,99
0,Uptrend / Mid-Vol,1h,679,-0.0003974291154269449,-0.0005158799401101533,0.005159525143565241,0.44035346097201766,99
0,Uptrend / Mid-Vol,2h,679,-0.0010031839210379674,-0.000941252712589602,0.006974282208666348,0.4329896907216495,99
0,Uptrend / Mid-Vol,4h,678,-0.0025372056619046685,-0.002066980262029894,0.009306050286665014,0.3775811209439528,99
1,Downtrend / Mid-Vol,15m,908,-0.00021349238820500988,-0.00016231707832403686,0.0028456169048672658,0.4724669603524229,99
1,Downtrend / Mid-Vol,30m,908,-0.00042580772508061523,-0.00023237038375523156,0.004295984236529394,0.46145374449339205,99
1,Downtrend / Mid-Vol,1h,908,-0.0007207096917764689,-0.00030188492519034327,0.005996921633180502,0.4669603524229075,99
1,Downtrend / Mid-Vol,2h,908,-0.0013115365186102913,-0.0007111112179982726,0.008370531511619053,0.44823788546255505,99
1,Downtrend / Mid-Vol,4h,908,-0.0017954400539942688,-0.0007485117771883765,0.01124657014985588,0.46255506607929514,99
2,Ranging / High-Vol,15m,266,0.0001433041044980154,0.0003069697350310818,0.005236154582080544,0.5075187969924813,99
2,Ranging / High-Vol,30m,266,0.00031236897370351695,-0.00026379032969714444,0.006728318391232454,0.49624060150375937,99
2,Ranging / High-Vol,1h,266,0.0005322255412334176,2.1003519536932913e-06,0.009143022286405388,0.5037593984962406,99
2,Ranging / High-Vol,2h,266,0.0009701255312057682,0.0004914830249855839,0.012616063558386683,0.518796992481203,99
2,Ranging / High-Vol,4h,266,0.0015837926658618692,0.0013971668338852439,0.014101247299094188,0.5338345864661654,99
3,Ranging / Low-Vol,15m,1026,-6.483180912881114e-05,-6.368968021064347e-05,0.0015629288359675195,0.4766081871345029,99
3,Ranging / Low-Vol,30m,1025,-9.771898695036341e-05,-9.917981928175834e-05,0.00229300806991467,0.4819512195121951,99
3,Ranging / Low-Vol,1h,1023,-0.0001408756826447346,-0.0001664082174155368,0.0035026479452326545,0.4750733137829912,99
3,Ranging / Low-Vol,2h,1019,-0.00021117594002361193,-0.00017055636898177795,0.004970817980104094,0.48282630029440626,99
3,Ranging / Low-Vol,4h,1012,-0.0007214665555544641,-0.0001753011876708399,0.008097466447726223,0.48616600790513836,99
0,Ranging / High-Vol,15m,35,0.0003624396505677347,-0.0005835132433062995,0.003508358752617268,0.4,100
0,Ranging / High-Vol,30m,35,0.00031738399056346266,-0.00014479654502785877,0.00393273160158652,0.42857142857142855,100
0,Ranging / High-Vol,1h,35,0.0014690037594091011,0.0006336437636704773,0.004688228496455983,0.6,100
0,Ranging / High-Vol,2h,35,0.003882188174956777,0.002653110037742934,0.0056542143926240716,0.6857142857142857,100
0,Ranging / High-Vol,4h,35,0.010221316274824182,0.006037644555247468,0.012023020570207606,0.8285714285714286,100
1,Downtrend / Mid-Vol,15m,369,-7.072483977380924e-06,6.303581429101257e-05,0.0021215378881245636,0.5176151761517616,100
1,Downtrend / Mid-Vol,30m,369,5.5374879927235495e-05,-3.493946192634212e-05,0.0026967161067754787,0.4932249322493225,100
1,Downtrend / Mid-Vol,1h,369,0.0004972132022567276,0.0003995618144028157,0.0038322153546590473,0.5772357723577236,100
1,Downtrend / Mid-Vol,2h,369,0.0010783480203066034,0.0006716653533551664,0.00606296492871026,0.5501355013550135,100
1,Downtrend / Mid-Vol,4h,369,0.0008689892744712045,0.00022797630921544965,0.008877636671312281,0.5149051490514905,100
2,Ranging / Low-Vol,15m,931,3.2083886869152265e-05,6.488254097547497e-06,0.0015015770076688435,0.5026852846401718,100
2,Ranging / Low-Vol,30m,930,7.21971010728335e-05,7.28477740770117e-05,0.002248059042250915,0.5172043010752688,100
2,Ranging / Low-Vol,1h,928,0.00010878836280286581,0.0001482250869884183,0.003377169156225791,0.5323275862068966,100
2,Ranging / Low-Vol,2h,924,0.0002915073122951163,0.00027385313990535565,0.0045997164670088546,0.5422077922077922,100
2,Ranging / Low-Vol,4h,916,0.0010767531604814538,0.0004812857802489745,0.006390503196980818,0.5687772925764192,100
3,Uptrend / Mid-Vol,15m,391,0.0001541251081458885,-6.30331703987963e-05,0.0021894752372823858,0.49104859335038364,100
3,Uptrend / Mid-Vol,30m,391,0.00027124669109406153,8.806343889311563e-05,0.0033265099458321327,0.5089514066496164,100
3,Uptrend / Mid-Vol,1h,391,0.0001828249129993198,-0.00010980335085264414,0.004676066984301295,0.4884910485933504,100
3,Uptrend / Mid-Vol,2h,391,1.9603588934273648e-05,-0.00023045530218901433,0.006488411648530663,0.4833759590792839,100
3,Uptrend / Mid-Vol,4h,391,-0.0003120666426770832,-0.0010954957715156866,0.007375870918898857,0.4475703324808184,100
