state,regime,horizon,n,mean_ret,median_ret,std_ret,p_positive,fold_id
0,Downtrend / High-Vol,30m,12,0.00193195881009256,-0.0029507665273476036,0.011470830215697378,0.4166666666666667,0
0,Downtrend / High-Vol,1h,12,0.0011039863000439354,-0.002015891306412776,0.013280573805356822,0.3333333333333333,0
0,Downtrend / High-Vol,2h,12,0.0008584101403418624,0.0037606977295672195,0.016621656557944023,0.5833333333333334,0
0,Downtrend / High-Vol,4h,12,0.013554704949755525,0.019434689287421314,0.016405192585214168,0.6666666666666666,0
0,Downtrend / High-Vol,8h,12,0.004186167413362381,0.0015653754670221787,0.021248212741551312,0.5833333333333334,0
1,Ranging / Mid-Vol,30m,591,-0.0003465343235771239,0.00015055328359991904,0.008732662869997099,0.505922165820643,0
1,Ranging / Mid-Vol,1h,591,-0.0007588758904780729,-0.0001156537328537155,0.012741435623779806,0.49746192893401014,0
1,Ranging / Mid-Vol,2h,591,-0.0009429648914787174,0.00018316695719278187,0.017441458253628687,0.5076142131979695,0
1,Ranging / Mid-Vol,4h,589,-0.002542828981810592,0.0003337616826506462,0.024369826253178024,0.5059422750424448,0
1,Ranging / Mid-Vol,8h,585,-0.005899006960223453,-0.0031624989446559226,0.03234150693400745,0.4478632478632479,0
2,Uptrend / High-Vol,30m,83,0.0005972663675424181,-0.00010219500275354676,0.01039275728762621,0.4939759036144578,0
2,Uptrend / High-Vol,1h,83,0.00033896306999651733,-0.0003448898946718515,0.013351020587068677,0.4939759036144578,0
2,Uptrend / High-Vol,2h,83,0.0008670019592721548,0.0007663366053289877,0.017792320759490794,0.5421686746987951,0
2,Uptrend / High-Vol,4h,83,-0.0014674288370040466,-0.0011731179617804344,0.022456292877656457,0.46987951807228917,0
2,Uptrend / High-Vol,8h,83,-0.0008158077571376509,0.0007037786612471564,0.029907411512940484,0.5060240963855421,0
3,Ranging / Low-Vol,30m,466,-0.00025796703466839105,-1.4721836463671423e-05,0.007792615372992813,0.4978540772532189,0
3,Ranging / Low-Vol,1h,465,-0.0006789817432553537,-0.00044429560900560716,0.011309826547653758,0.4731182795698925,0
3,Ranging / Low-Vol,2h,463,-0.0015877136595073265,-0.0006064922904887027,0.016400460388953344,0.4794816414686825,0
3,Ranging / Low-Vol,4h,462,-0.003041147812387865,-0.0004426138871016505,0.023047713416949684,0.48917748917748916,0
3,Ranging / Low-Vol,8h,458,-0.0067816431600909695,-0.0032325215765389714,0.029986313976439215,0.4366812227074236,0
4,Downtrend / High-Vol,30m,254,-0.0007431993035160751,-0.0006753364217235713,0.010403069737135071,0.46062992125984253,0
4,Downtrend / High-Vol,1h,254,-0.0004948194036150664,0.0003762302754353186,0.013861227446101883,0.515748031496063,0
4,Downtrend / High-Vol,2h,254,-0.0011742168918382249,-0.0003568491022969411,0.017695563837500622,0.4881889763779528,0
4,Downtrend / High-Vol,4h,253,-0.0005132604995870439,-0.0009967246546640496,0.02372798591460685,0.48616600790513836,0
4,Downtrend / High-Vol,8h,253,0.00215008481224465,0.0012262797919948554,0.0354422215611595,0.5177865612648221,0
5,Ranging / Low-Vol,30m,81,0.0004889435771423767,0.00017646020867978507,0.005129136711075149,0.5308641975308642,0
5,Ranging / Low-Vol,1h,81,0.00045580978241605897,0.0005343780569706524,0.009003285766235049,0.5679012345679012,0
5,Ranging / Low-Vol,2h,81,-0.0013687470660012093,-0.0009018467636785488,0.014194569559103929,0.4567901234567901,0
5,Ranging / Low-Vol,4h,81,-0.002938281935427849,-0.0020261309026956553,0.018051867636332333,0.41975308641975306,0
5,Ranging / Low-Vol,8h,81,-0.0038736944007770756,-0.0038036657522724227,0.023398835249098512,0.43209876543209874,0
0,Downtrend / Mid-Vol,30m,105,0.000628333006222854,0.0010595513111510968,0.008891129232953265,0.5619047619047619,1
0,Downtrend / Mid-Vol,1h,105,0.0013722460077178632,-0.0001226918595502724,0.011057986022143074,0.4857142857142857,1
0,Downtrend / Mid-Vol,2h,105,0.002921011646249992,0.0018117438868276992,0.01381343697318572,0.6,1
0,Downtrend / Mid-Vol,4h,105,0.005073849116144979,0.0024568283038366445,0.024181040034491293,0.5904761904761905,1
0,Downtrend / Mid-Vol,8h,105,0.0029000292388625987,-0.0007059957516730719,0.028977852556645017,0.47619047619047616,1
1,Ranging / High-Vol,30m,13,0.001330693715673147,0.001882826141569538,0.004931566048090755,0.6923076923076923,1
1,Ranging / High-Vol,1h,13,0.0018876844930434144,0.0013279651594828579,0.007020525303796262,0.6923076923076923,1
1,Ranging / High-Vol,2h,13,0.0022041147620767056,0.004938691711419807,0.008045486945866553,0.6153846153846154,1
1,Ranging / High-Vol,4h,13,0.000804399553828033,0.006170524160889812,0.014991793006993132,0.6923076923076923,1
1,Ranging / High-Vol,8h,13,-0.005528300045154648,-0.016360298213188074,0.03232724646952562,0.46153846153846156,1
2,Uptrend / Mid-Vol,30m,73,0.00027095474527150413,9.999711284258694e-05,0.004766511632832309,0.5205479452054794,1
2,Uptrend / Mid-Vol,1h,73,0.0003817475327747992,0.0002957458714423211,0.006226461469903023,0.547945205479452,1
2,Uptrend / Mid-Vol,2h,73,0.0012845990952237822,0.0007040847543109408,0.008234576010548859,0.5342465753424658,1
2,Uptrend / Mid-Vol,4h,73,0.0014480760852126906,0.0007166907542632828,0.010981262838405743,0.5342465753424658,1
2,Uptrend / Mid-Vol,8h,73,0.001691901780974496,0.0021606970425587235,0.013908722702880521,0.589041095890411,1
3,Downtrend / High-Vol,30m,10,0.0014090036112794023,0.000517699037844821,0.007597920317459203,0.6,1
3,Downtrend / High-Vol,1h,10,0.0010252216881562858,0.0003182853529519747,0.008036418864562238,0.5,1
3,Downtrend / High-Vol,2h,10,-0.0012126788218555617,-0.002081579222673824,0.009598337867301637,0.4,1
3,Downtrend / High-Vol,4h,10,0.002712680470056128,0.0005066437525682588,0.010773192098326397,0.6,1
3,Downtrend / High-Vol,8h,10,0.016630702624390103,0.01770569368130026,0.011148776255855164,1.0,1
4,Ranging / Low-Vol,30m,583,0.00042326856085358826,0.0002243069909386719,0.006447978125216374,0.5231560891938251,1
4,Ranging / Low-Vol,1h,583,0.00046641409164581465,0.00044656893174988,0.00926103419565969,0.5368782161234992,1
4,Ranging / Low-Vol,2h,582,0.0006198095785552625,0.0005393577418564277,0.012975965101425423,0.5309278350515464,1
4,Ranging / Low-Vol,4h,580,0.0016927140677149997,0.002192362809120496,0.016439217373084423,0.5844827586206897,1
4,Ranging / Low-Vol,8h,577,0.003646819357095331,0.004719988516971085,0.02262937327874071,0.6325823223570191,1
5,Ranging / Low-Vol,30m,655,-0.000137692123238251,-1.3657522449861403e-05,0.005597713445797751,0.49923664122137407,1
5,Ranging / Low-Vol,1h,654,0.00011390336241891391,0.0002766840249668334,0.00843778508422901,0.5336391437308868,1
5,Ranging / Low-Vol,2h,653,0.0004952386157347987,0.0005635694074843656,0.012239861578760941,0.5267993874425727,1
5,Ranging / Low-Vol,4h,651,0.0009153257460658043,0.0015436150032925866,0.016850734886346606,0.5668202764976958,1
5,Ranging / Low-Vol,8h,646,0.0032379276633832553,0.003992573986161929,0.022660956291278882,0.6269349845201239,1
0,Uptrend / Mid-Vol,30m,37,-0.000204813356947628,-0.0005926182085627119,0.00414752127007495,0.4594594594594595,2
0,Uptrend / Mid-Vol,1h,37,-7.680831695831723e-07,-0.0012046841473036807,0.005578454629327646,0.4594594594594595,2
0,Uptrend / Mid-Vol,2h,37,-0.0011024874354074686,-0.0013240549819997227,0.00830114627328056,0.43243243243243246,2
0,Uptrend / Mid-Vol,4h,37,-0.0029027236959380132,-0.002131087215239802,0.012980965724569223,0.3783783783783784,2
0,Uptrend / Mid-Vol,8h,37,-0.003930354559517315,-0.004377459973831321,0.01224230858649793,0.35135135135135137,2
2,Downtrend / Mid-Vol,30m,156,-4.343602633393145e-05,0.00033229013970892396,0.007506802829193061,0.5192307692307693,2
2,Downtrend / Mid-Vol,1h,156,-0.00038242329352877746,0.0013436380657845248,0.009618612091952836,0.5512820512820513,2
2,Downtrend / Mid-Vol,2h,155,0.0005630052804854419,0.0018043951957942284,0.011746857959910007,0.5741935483870968,2
2,Downtrend / Mid-Vol,4h,155,-0.00024061979027119112,0.0010548758962869442,0.013246531986847446,0.5161290322580645,2
2,Downtrend / Mid-Vol,8h,155,-0.0007366169273439829,0.0006955130386678832,0.01689549795528786,0.5161290322580645,2
3,Ranging / Low-Vol,30m,763,-0.00025171203476272695,0.00010263453638081899,0.004528913920112862,0.5058977719528178,2
3,Ranging / Low-Vol,1h,762,-0.00031640317829960803,-0.00010725841550662807,0.006513403948640428,0.494750656167979,2
3,Ranging / Low-Vol,2h,761,-0.0004751058087418873,0.0003410040708367035,0.008942750253074892,0.5151116951379764,2
3,Ranging / Low-Vol,4h,759,-0.0010236655804514258,0.0005752826583389492,0.01316913727963739,0.5230566534914362,2
3,Ranging / Low-Vol,8h,754,-0.0019053649696563644,-3.810086348465802e-05,0.017848925672458032,0.4986737400530504,2
4,Downtrend / High-Vol,30m,45,-0.0002294986420208447,-0.0004646262306415849,0.004589819132722178,0.4444444444444444,2
4,Downtrend / High-Vol,1h,45,-0.00021807602416485693,-0.0004001864044536063,0.006200497789798204,0.4666666666666667,2
4,Downtrend / High-Vol,2h,45,-7.427993997800462e-05,6.0021798843123975e-05,0.007390120001907245,0.5333333333333333,2
4,Downtrend / High-Vol,4h,45,0.002371772050119958,0.0018419986764310892,0.010043621757759915,0.6222222222222222,2
4,Downtrend / High-Vol,8h,45,0.001525284940029634,0.002411032143440295,0.014878172074145619,0.5111111111111111,2
5,Ranging / Low-Vol,30m,486,4.17026303173485e-05,1.9717416827269574e-05,0.004280850231030193,0.5102880658436214,2
5,Ranging / Low-Vol,1h,486,-0.0001355081674989089,5.58126462824049e-06,0.006103882419092253,0.5020576131687243,2
5,Ranging / Low-Vol,2h,486,-0.0008781599827783731,-0.0005978406969022743,0.009505233497051213,0.46502057613168724,2
5,Ranging / Low-Vol,4h,484,-0.0012807341148384276,-0.0004338888821227016,0.013219424972976866,0.4731404958677686,2
5,Ranging / Low-Vol,8h,481,-0.002434423405763773,-0.0007205967282661874,0.01806851564114978,0.47193347193347196,2
0,Ranging / Low-Vol,30m,585,-0.00015879887701916222,2.4634006729584712e-05,0.00393159856942859,0.5042735042735043,3
0,Ranging / Low-Vol,1h,584,-0.0002966738257105296,7.452681058950361e-07,0.00615451039636614,0.5,3
0,Ranging / Low-Vol,2h,582,-0.0005977217464816146,-7.24894648129748e-06,0.009958640790265157,0.49828178694158076,3
0,Ranging / Low-Vol,4h,576,-0.0007769715011111122,-0.0005628721378840851,0.014716878990240828,0.4704861111111111,3
0,Ranging / Low-Vol,8h,562,-0.0016963025472851374,-0.001306745017445543,0.021453890737355093,0.44661921708185054,3
1,Ranging / Low-Vol,30m,626,-0.0001591073770507089,-0.00017672883042862964,0.003973130850351245,0.46645367412140576,3
1,Ranging / Low-Vol,1h,624,-0.00037803551359581137,-0.00023546097704674196,0.00633109100517013,0.46314102564102566,3
1,Ranging / Low-Vol,2h,620,-0.0004834683431939641,-0.00045937545914931377,0.009109309566140865,0.47096774193548385,3
1,Ranging / Low-Vol,4h,614,-0.0013018379343996635,-0.0008175552738451941,0.013204889222421917,0.4381107491856677,3
1,Ranging / Low-Vol,8h,604,-0.0017473390611574395,-0.001493344574103439,0.020005370057871428,0.4304635761589404,3
2,Downtrend / Mid-Vol,30m,90,-0.0013126557336616705,-0.0004270166113249374,0.009283833070193159,0.4777777777777778,3
2,Downtrend / Mid-Vol,1h,90,-0.0011092684558652581,0.0006960313002748464,0.012845849865393414,0.5333333333333333,3
2,Downtrend / Mid-Vol,2h,90,-0.0017833260389693154,-0.00045783474321492434,0.013668657286265446,0.45555555555555555,3
2,Downtrend / Mid-Vol,4h,90,-0.0012103233595172588,0.0014432974925000508,0.017328278788732,0.5444444444444444,3
2,Downtrend / Mid-Vol,8h,90,-0.0058591057342004165,-0.002342142128911817,0.020748499101602046,0.4777777777777778,3
3,Downtrend / High-Vol,30m,6,0.00524217752385218,0.0018022757674787115,0.008036552281733817,0.6666666666666666,3
3,Downtrend / High-Vol,1h,6,0.0069131836605584125,0.004795375276289704,0.006449170054562766,1.0,3
3,Downtrend / High-Vol,2h,6,0.004764762495581998,0.005275747730582481,0.012766374257631698,0.6666666666666666,3
3,Downtrend / High-Vol,4h,6,-0.0029426620569828663,-0.0034605765795383547,0.008551799311794468,0.16666666666666666,3
3,Downtrend / High-Vol,8h,6,0.006974635059523671,0.0029706469701471505,0.008832099746168847,0.8333333333333334,3
4,Uptrend / Mid-Vol,30m,52,0.0016864509705557613,8.541015774365945e-05,0.0066723146824642565,0.5,3
4,Uptrend / Mid-Vol,1h,52,0.0025111685886567256,0.0009358376521682032,0.0076613609374656345,0.5769230769230769,3
4,Uptrend / Mid-Vol,2h,52,0.002506802424232393,-2.623900272968882e-05,0.008803921014479072,0.5,3
4,Uptrend / Mid-Vol,4h,52,0.002557262234630546,-0.0006764919711850226,0.01058461709705921,0.46153846153846156,3
4,Uptrend / Mid-Vol,8h,52,0.0018466639392815847,-0.00035502696668210376,0.010986509971556275,0.4807692307692308,3
5,Uptrend / High-Vol,30m,9,0.005355268432522998,0.0016099394926829547,0.014930017219103937,0.5555555555555556,3
5,Uptrend / High-Vol,1h,9,0.004981433763736633,0.00032933240725618873,0.01611990380695367,0.5555555555555556,3
5,Uptrend / High-Vol,2h,9,0.007421214323701501,-0.0007033920931682758,0.01647929608021194,0.3333333333333333,3
5,Uptrend / High-Vol,4h,9,0.011654052811631467,-0.00016141560035443092,0.01747709673304646,0.4444444444444444,3
5,Uptrend / High-Vol,8h,9,0.010203423525810607,-0.003830643564123548,0.019005862782395584,0.4444444444444444,3
0,Ranging / Low-Vol,30m,688,-1.6528212821676452e-05,8.861154801653726e-05,0.003530922614024643,0.5145348837209303,4
0,Ranging / Low-Vol,1h,688,0.0001823537151896834,0.0001517284562586596,0.005702974606503752,0.5247093023255814,4
0,Ranging / Low-Vol,2h,687,0.0005571344509825426,-2.6725000532579202e-05,0.008790542660470451,0.4963609898107715,4
0,Ranging / Low-Vol,4h,683,0.0009255508092900091,-5.2911452696591255e-05,0.01247202316043598,0.49633967789165445,4
0,Ranging / Low-Vol,8h,674,0.001961071626478248,0.0008295496005814584,0.017931440896134253,0.5415430267062314,4
1,Ranging / Low-Vol,30m,647,0.00021860997869446898,0.00016344093726594622,0.0046765067534283045,0.5239567233384853,4
1,Ranging / Low-Vol,1h,646,0.00023047624851474776,2.5728529314150705e-05,0.006367012153084752,0.5015479876160991,4
1,Ranging / Low-Vol,2h,645,0.00038497697378206283,0.0004083560861491975,0.008294495753067862,0.5410852713178295,4
1,Ranging / Low-Vol,4h,641,0.0009889785914092854,0.00031605712679549924,0.011885310355990952,0.5273010920436817,4
1,Ranging / Low-Vol,8h,634,0.0020499215585208647,0.0010541595601489817,0.017322344219230755,0.5615141955835962,4
2,Downtrend / High-Vol,30m,25,-0.001683477946599581,-0.0008640770233192541,0.0052447319359328485,0.44,4
2,Downtrend / High-Vol,1h,25,-0.002131165491174798,0.0001230559987313029,0.007009702524792244,0.52,4
2,Downtrend / High-Vol,2h,24,-0.0039446733388635025,-0.0016577512357427437,0.01085868414534765,0.375,4
2,Downtrend / High-Vol,4h,24,-0.004078318005650654,-0.00353533563475672,0.012279162571164584,0.375,4
2,Downtrend / High-Vol,8h,24,-0.004436532494558036,-0.005708778312498275,0.014242331733162417,0.3333333333333333,4
3,Uptrend / Mid-Vol,30m,53,0.0004918424209244715,6.81864335927429e-05,0.0037044265862621498,0.5094339622641509,4
3,Uptrend / Mid-Vol,1h,53,0.0007102470058808067,0.0003768390509950592,0.005096677757906407,0.5283018867924528,4
3,Uptrend / Mid-Vol,2h,53,0.0010909758365903947,0.00012399087322201297,0.005955977556911481,0.5283018867924528,4
3,Uptrend / Mid-Vol,4h,53,0.0027213032218826663,0.0023465517002030367,0.007037607227192273,0.6415094339622641,4
3,Uptrend / Mid-Vol,8h,53,0.005805018216657266,0.003224533191906076,0.010889288843268367,0.6792452830188679,4
4,Ranging / High-Vol,30m,6,0.0031281202694168897,0.00033715997774041995,0.010585048683129575,0.5,4
4,Ranging / High-Vol,1h,6,0.0030267025461669186,0.0009652487555555922,0.00985327855406963,0.5,4
4,Ranging / High-Vol,2h,6,0.0035398481746481045,0.003369857150752331,0.0074074892594517645,0.6666666666666666,4
4,Ranging / High-Vol,4h,6,0.003607258509228828,0.0006175651982855968,0.009831178149313913,0.5,4
4,Ranging / High-Vol,8h,6,0.013804884189130581,0.016161242491206984,0.008570002910416423,0.8333333333333334,4
5,Downtrend / Mid-Vol,30m,29,0.0008731928691910636,0.0007517649744546162,0.00459265060615699,0.6206896551724138,4
5,Downtrend / Mid-Vol,1h,28,0.0013279551840412423,0.0015156242235416784,0.007663534373005028,0.6071428571428571,4
5,Downtrend / Mid-Vol,2h,27,0.0008725678935935911,0.0008854714848869349,0.010181930145107647,0.5555555555555556,4
5,Downtrend / Mid-Vol,4h,27,0.002387340295179746,0.0008447914741527285,0.012568328640575475,0.5555555555555556,4
5,Downtrend / Mid-Vol,8h,27,0.0015778290083480566,9.066315245220835e-05,0.015325806830186821,0.5185185185185185,4
0,Ranging / High-Vol,30m,3,-0.002467319431889455,0.003283244279504771,0.008833861858488034,0.6666666666666666,5
0,Ranging / High-Vol,1h,3,-0.006604628563355419,-0.010685202575173136,0.006475440177092177,0.3333333333333333,5
0,Ranging / High-Vol,2h,3,-0.005330199199800489,-0.008149637440894253,0.007092923892395427,0.3333333333333333,5
0,Ranging / High-Vol,4h,3,-0.01256967916815673,-0.015910565188031356,0.007347972444480759,0.0,5
0,Ranging / High-Vol,8h,3,-0.01377386969715507,-0.014975887688551737,0.006500857948136201,0.0,5
1,Ranging / Mid-Vol,30m,536,-0.00015318441323604844,-6.630350815406416e-05,0.004470008686754364,0.4906716417910448,5
1,Ranging / Mid-Vol,1h,536,-7.553089767568612e-05,0.00016045929324448593,0.006197803238547993,0.5055970149253731,5
1,Ranging / Mid-Vol,2h,536,-0.00015066587574580432,2.1212020222094452e-05,0.00949009494016792,0.503731343283582,5
1,Ranging / Mid-Vol,4h,535,-0.0005330800800719817,0.00047543297972829635,0.012901939956715174,0.5308411214953271,5
1,Ranging / Mid-Vol,8h,530,-0.0008868379357503957,0.0007185263732001346,0.01808473402280392,0.5320754716981132,5
2,Ranging / Low-Vol,30m,328,0.00013223297743570597,1.1525687289015707e-05,0.004278475770164687,0.5030487804878049,5
2,Ranging / Low-Vol,1h,327,3.469645795421707e-05,8.223346084257344e-05,0.0066390181776604254,0.5076452599388379,5
2,Ranging / Low-Vol,2h,325,-0.0001751328239966964,0.00018584521037467994,0.01040762950491149,0.52,5
2,Ranging / Low-Vol,4h,324,0.0009371482866759958,0.0016972042021379252,0.01487670745935767,0.6080246913580247,5
2,Ranging / Low-Vol,8h,324,0.0009685178948127582,0.0035267415435820126,0.0211515900881797,0.6512345679012346,5
3,Downtrend / High-Vol,30m,97,-0.000974363594966209,0.0002658718995274256,0.006669974613582201,0.5463917525773195,5
3,Downtrend / High-Vol,1h,97,-0.0014756494308978934,0.0001756137744752806,0.008406232813469422,0.5154639175257731,5
3,Downtrend / High-Vol,2h,97,-0.002775288493253192,-0.0007561497472767797,0.011066230256167306,0.44329896907216493,5
3,Downtrend / High-Vol,4h,97,-0.004414694358240676,-0.0009989539007797532,0.013473788750430897,0.4639175257731959,5
3,Downtrend / High-Vol,8h,97,-0.004091275439607966,-0.0012383835395386456,0.0189403004071475,0.4639175257731959,5
4,Ranging / Low-Vol,30m,489,0.00013899484707656057,0.00012040309704097751,0.0052447036049348816,0.5153374233128835,5
4,Ranging / Low-Vol,1h,489,0.0001721012692753351,0.00034595872378240244,0.007676096590836638,0.5296523517382413,5
4,Ranging / Low-Vol,2h,489,0.0004913441272382233,0.000883139454410653,0.00968917811963084,0.5541922290388548,5
4,Ranging / Low-Vol,4h,487,0.0003245520022039828,0.0010260992698452043,0.01328829920954929,0.5379876796714579,5
4,Ranging / Low-Vol,8h,484,-0.00012174039183161732,0.0016628142266945645,0.018311773379328586,0.5599173553719008,5
5,Uptrend / High-Vol,30m,34,-0.0007876037983221137,-0.0012338108747131926,0.00444150428969175,0.35294117647058826,5
5,Uptrend / High-Vol,1h,34,-0.0022710957231706092,-0.001650892042233565,0.005346183462277101,0.29411764705882354,5
5,Uptrend / High-Vol,2h,34,-0.004708217037133455,-0.0037239404876281412,0.006297425435418818,0.20588235294117646,5
5,Uptrend / High-Vol,4h,34,-0.009803144165716848,-0.007044557734007029,0.01082326980890436,0.17647058823529413,5
5,Uptrend / High-Vol,8h,34,-0.01568268217907566,-0.014057779167858442,0.022606514947766006,0.2647058823529412,5
0,Downtrend / Mid-Vol,30m,49,0.0021114088878947143,0.0018948572831813948,0.008318292282501452,0.6530612244897959,6
0,Downtrend / Mid-Vol,1h,49,0.0021099989330305596,0.0018731707953154597,0.007424203576273598,0.6530612244897959,6
0,Downtrend / Mid-Vol,2h,49,0.0036130496633521494,0.00406969064627738,0.00797817269371602,0.7959183673469388,6
0,Downtrend / Mid-Vol,4h,48,0.0031193023297503286,0.0036272885954433676,0.007424714560474978,0.6666666666666666,6
0,Downtrend / Mid-Vol,8h,48,-0.003184248701629292,0.003289818997843419,0.022132008618641424,0.5833333333333334,6
1,Ranging / Low-Vol,30m,647,-6.1906786578528e-05,0.00012891381240365263,0.0038001445600945763,0.5193199381761978,6
1,Ranging / Low-Vol,1h,647,-0.00010825589282636908,-4.756560026031309e-05,0.005253173204977113,0.49613601236476046,6
1,Ranging / Low-Vol,2h,645,-0.0002889537730428633,0.00019299540276840332,0.008032654810400766,0.5209302325581395,6
1,Ranging / Low-Vol,4h,645,-0.00011855217864562355,0.0006064504890552769,0.010338181245798718,0.524031007751938,6
1,Ranging / Low-Vol,8h,641,-0.0003907090112611928,0.001022876952598395,0.014454490489933466,0.5397815912636506,6
2,Uptrend / High-Vol,30m,28,0.0001437713657648538,-3.852059349718218e-06,0.0037789163905897344,0.4642857142857143,6
2,Uptrend / High-Vol,1h,28,3.940799290694638e-05,0.00042151286221248085,0.003540305028283539,0.5357142857142857,6
2,Uptrend / High-Vol,2h,28,0.0007248591701319386,0.00030316981530820186,0.0037048336276212742,0.5357142857142857,6
2,Uptrend / High-Vol,4h,28,0.0019405726498273243,0.0023998378308851542,0.004168514352836975,0.6428571428571429,6
2,Uptrend / High-Vol,8h,28,0.0005235130673694981,0.0010106831187854937,0.006190016168422817,0.6785714285714286,6
3,Ranging / Low-Vol,30m,682,-9.044787752046247e-05,-2.676979528715151e-05,0.0030843459054008225,0.49560117302052786,6
3,Ranging / Low-Vol,1h,681,-0.00012334365435020855,9.808627736340725e-05,0.005359722973233059,0.5124816446402349,6
3,Ranging / Low-Vol,2h,681,-0.00023704289916108562,0.00022557419526947342,0.007202896472962688,0.5080763582966226,6
3,Ranging / Low-Vol,4h,678,-0.0007357088065683381,0.0004241111024230193,0.011096832101126393,0.5221238938053098,6
3,Ranging / Low-Vol,8h,674,-0.0006393913951589017,0.0009346364254074757,0.015046213900866962,0.5415430267062314,6
4,Ranging / High-Vol,30m,8,0.0011436753553899504,0.0010705824659344998,0.007866773459386916,0.625,6
4,Ranging / High-Vol,1h,8,0.0010394363625685354,0.001321337461759775,0.006297585395436931,0.625,6
4,Ranging / High-Vol,2h,8,0.00012886727568095502,-0.0006440561040257364,0.007649900979648787,0.5,6
4,Ranging / High-Vol,4h,8,-0.001597996317267869,-0.0029824656986514597,0.007358374568537675,0.25,6
4,Ranging / High-Vol,8h,8,-0.0032146159256865037,-0.003333153481434259,0.006738824505067119,0.125,6
5,Downtrend / High-Vol,30m,25,-0.003050705927855617,-0.00039823417666795535,0.011845988738314453,0.48,6
5,Downtrend / High-Vol,1h,25,-0.003250564792487438,-0.0013838164260437935,0.008801637364198263,0.28,6
5,Downtrend / High-Vol,2h,25,-0.0038794684099124764,-0.002511851582001512,0.009186170836938259,0.32,6
5,Downtrend / High-Vol,4h,25,-0.00583938147479806,-0.004883649358420783,0.008713867912668542,0.16,6
5,Downtrend / High-Vol,8h,25,-0.007270094076379365,-0.005590827144564159,0.012891270378078187,0.2,6
0,Uptrend / Mid-Vol,30m,13,0.0003018397916420941,-0.0018093276888411225,0.00875889301046115,0.23076923076923078,7
0,Uptrend / Mid-Vol,1h,13,0.0022475977882241258,-0.0021154959200657686,0.018487957296739434,0.3076923076923077,7
0,Uptrend / Mid-Vol,2h,13,0.0001666147045014281,-0.005513388132207808,0.021452483487836026,0.15384615384615385,7
0,Uptrend / Mid-Vol,4h,13,-0.002982346873857558,-0.005295707880243583,0.013401401955753612,0.07692307692307693,7
0,Uptrend / Mid-Vol,8h,12,-0.014812402779643167,-0.015458393001670068,0.02860888686696029,0.08333333333333333,7
1,Downtrend / High-Vol,30m,15,-0.00036765257728035297,-0.0006306164484559673,0.004193196992921566,0.4666666666666667,7
1,Downtrend / High-Vol,1h,15,-0.001184802225275424,-0.0009640741382419549,0.005524174244347979,0.4,7
1,Downtrend / High-Vol,2h,15,-0.00015262332306633652,-0.002449464374878474,0.007183824384355566,0.4666666666666667,7
1,Downtrend / High-Vol,4h,15,-0.0012562539973593801,-0.0022074086785455194,0.0060420467643426306,0.4,7
1,Downtrend / High-Vol,8h,15,-0.0011417284375506635,-0.004548214797317485,0.010286015643817923,0.26666666666666666,7
2,Ranging / Low-Vol,30m,729,-3.5267524774179765e-05,-4.5326395380129725e-05,0.0018399664052184165,0.48148148148148145,7
2,Ranging / Low-Vol,1h,729,-9.144948314355233e-05,-9.158012344911981e-06,0.00243460016527269,0.49519890260631,7
2,Ranging / Low-Vol,2h,726,-3.10995162449048e-05,-2.522087570699938e-05,0.004843401920372053,0.4889807162534435,7
2,Ranging / Low-Vol,4h,722,-0.00012064387836830576,-2.3529381033782215e-05,0.007550797611477663,0.49722991689750695,7
2,Ranging / Low-Vol,8h,714,-4.829476804716687e-05,-0.00029393004098832165,0.011442772889954341,0.4579831932773109,7
3,Ranging / High-Vol,30m,13,0.0030734793022692596,-0.0008442762874185661,0.027183193947840443,0.46153846153846156,7
3,Ranging / High-Vol,1h,13,0.002962195593358393,0.0047541425230104295,0.03666753298374206,0.5384615384615384,7
3,Ranging / High-Vol,2h,13,-0.0024960629501128515,8.599899867434146e-05,0.028210210722547445,0.5384615384615384,7
3,Ranging / High-Vol,4h,13,-0.00029015129816150747,0.008940158270249299,0.023790569133511585,0.6153846153846154,7
3,Ranging / High-Vol,8h,13,-0.007871059139836972,-0.0016439351851502693,0.027756160284009047,0.46153846153846156,7
4,Downtrend / High-Vol,30m,11,-0.00041998585717693197,-0.0004772160811921111,0.003842245915664776,0.45454545454545453,7
4,Downtrend / High-Vol,1h,11,-0.0003485604915386308,-0.001064630047435955,0.0059060240535836,0.45454545454545453,7
4,Downtrend / High-Vol,2h,11,-0.00011887672974870094,0.0014495445354878456,0.005819117792402567,0.6363636363636364,7
4,Downtrend / High-Vol,4h,11,-0.0019431432448319636,-0.0023408061187719653,0.0038639975659575986,0.2727272727272727,7
4,Downtrend / High-Vol,8h,11,-0.0022505161441127475,-0.002216593687803581,0.010687241387752617,0.36363636363636365,7
5,Ranging / Low-Vol,30m,675,-6.260031583564724e-05,-2.4153167311524726e-05,0.002463549671492512,0.4874074074074074,7
5,Ranging / Low-Vol,1h,673,-6.608629883190535e-05,-9.083917227314942e-06,0.003794421008721778,0.4962852897473997,7
5,Ranging / Low-Vol,2h,672,-9.39406249413487e-05,5.5442220089574334e-05,0.007546723482550646,0.5074404761904762,7
5,Ranging / Low-Vol,4h,668,-9.80186298533253e-05,-0.00019144971374895903,0.009632646954463968,0.4805389221556886,7
5,Ranging / Low-Vol,8h,661,-0.00016072908577855957,-0.00027891761954812466,0.012551518886942944,0.47655068078668683,7
0,Ranging / High-Vol,30m,46,-0.0009308405655871161,-0.001274627840992082,0.013677391242136254,0.45652173913043476,8
0,Ranging / High-Vol,1h,46,-0.0022950792017008533,-0.0011144265580202983,0.01909838825365943,0.45652173913043476,8
0,Ranging / High-Vol,2h,46,-0.006189073286235322,-0.002796460895489794,0.020418528520388727,0.41304347826086957,8
0,Ranging / High-Vol,4h,46,-0.015378855090674904,-0.016093051208391884,0.02823366462296398,0.30434782608695654,8
0,Ranging / High-Vol,8h,46,-0.00802615184684259,-0.008509432942685358,0.039662960916283616,0.4782608695652174,8
1,Ranging / Low-Vol,30m,301,-0.0004404330471562615,-0.00017449682965064994,0.0061296908188189165,0.4883720930232558,8
1,Ranging / Low-Vol,1h,300,-0.0009342515587009418,-9.393896353415698e-05,0.009270678267016835,0.49,8
1,Ranging / Low-Vol,2h,299,-0.0021992147758904857,-0.00036750684084552177,0.013391142881603637,0.47157190635451507,8
1,Ranging / Low-Vol,4h,298,-0.00358223699708727,-0.0008407644155958849,0.02285003911006547,0.45302013422818793,8
1,Ranging / Low-Vol,8h,289,-0.007906235834373642,-0.0013497838974299015,0.030536471499584432,0.4290657439446367,8
2,Ranging / Low-Vol,30m,214,6.292525812326136e-05,0.00025172804249518066,0.006057917583501273,0.5280373831775701,8
2,Ranging / Low-Vol,1h,214,5.82456579475556e-05,-0.000446087458374933,0.00837789465252494,0.4766355140186916,8
2,Ranging / Low-Vol,2h,213,-0.0005020150661358718,-0.0007850843565435639,0.011806911184910344,0.4647887323943662,8
2,Ranging / Low-Vol,4h,210,-0.0022693234775419974,-0.0004856173415035414,0.016860912533568136,0.47619047619047616,8
2,Ranging / Low-Vol,8h,205,-0.006879265848923978,-0.002315947296564147,0.028194987111750808,0.4195121951219512,8
3,Downtrend / High-Vol,30m,188,-0.0008930590789861425,-0.0006143663626367868,0.011341078834734755,0.46808510638297873,8
3,Downtrend / High-Vol,1h,188,-0.00110725402491168,0.000567306800459022,0.015638489936765625,0.526595744680851,8
3,Downtrend / High-Vol,2h,188,-0.0006055405216068867,0.00021023252448593155,0.020949933781593467,0.5106382978723404,8
3,Downtrend / High-Vol,4h,188,-0.0009007110804558603,0.0003914738563794984,0.02609300621350708,0.5212765957446809,8
3,Downtrend / High-Vol,8h,188,-0.007414367586765299,-0.00571719700838802,0.03447128518836754,0.43617021276595747,8
4,Ranging / Low-Vol,30m,551,6.357693016791351e-06,1.4133132539839721e-05,0.0014449866731289802,0.5063520871143375,8
4,Ranging / Low-Vol,1h,550,3.2006900466676956e-05,3.0349976172239224e-05,0.0020798410862971827,0.509090909090909,8
4,Ranging / Low-Vol,2h,548,2.880248865921702e-05,-7.767960673810137e-06,0.0029511281290015385,0.4981751824817518,8
4,Ranging / Low-Vol,4h,544,7.204425424564075e-05,5.215755644272235e-06,0.004171475457444969,0.5,8
4,Ranging / Low-Vol,8h,542,0.00017101712390375445,0.0002340233433848482,0.0058229637871721925,0.5350553505535055,8
5,Uptrend / High-Vol,30m,101,-0.00012865390471590232,-0.0007021962915576552,0.011188741528833927,0.48514851485148514,8
5,Uptrend / High-Vol,1h,101,-0.0012962293710773252,-0.003237316729306272,0.014093515164376664,0.4158415841584158,8
5,Uptrend / High-Vol,2h,101,-0.0026687521753359813,-0.0031842016797813955,0.018896075602863372,0.43564356435643564,8
5,Uptrend / High-Vol,4h,101,-0.0047589640657483,-0.006054267378717171,0.01878845076430789,0.3564356435643564,8
5,Uptrend / High-Vol,8h,101,-0.0022187438228898123,-0.006175285143971365,0.027538743333685816,0.43564356435643564,8
0,Uptrend / Mid-Vol,30m,202,0.0003038373001425504,0.0001404072138360135,0.007418758196667054,0.5099009900990099,9
0,Uptrend / Mid-Vol,1h,202,0.00022432143805285675,-0.0003109121063822329,0.009063226745089293,0.48514851485148514,9
0,Uptrend / Mid-Vol,2h,202,-0.0003654162728959568,-0.0004902939477586798,0.011945882268357534,0.4900990099009901,9
0,Uptrend / Mid-Vol,4h,202,-0.0019346470180773543,-0.002795464952453308,0.015508643922286158,0.42574257425742573,9
0,Uptrend / Mid-Vol,8h,202,-0.0030920366217534034,-0.001388289622771488,0.019465255252838407,0.4405940594059406,9
1,Ranging / Low-Vol,30m,531,-0.0001892865606636152,4.321934745732392e-05,0.006034225429738182,0.5065913370998116,9
1,Ranging / Low-Vol,1h,531,-0.0001222076714901641,0.0004057073132663902,0.00940692665569699,0.5178907721280602,9
1,Ranging / Low-Vol,2h,530,-0.0001535180326569045,0.00012523420713339561,0.013308186713942054,0.5056603773584906,9
1,Ranging / Low-Vol,4h,530,0.0006403966094618442,-0.0002134961626296672,0.018201101481055363,0.48867924528301887,9
1,Ranging / Low-Vol,8h,527,0.0014167726141795696,-0.001230442348395755,0.02508099858092803,0.47248576850094876,9
2,Downtrend / High-Vol,30m,100,0.00016193931422991525,-0.0001610570940107081,0.010284733607221984,0.5,9
2,Downtrend / High-Vol,1h,100,0.0018384946667532453,0.0008899263377593059,0.015046923472221979,0.59,9
2,Downtrend / High-Vol,2h,100,0.003608026047014654,0.0020247393714090123,0.016658661332293212,0.6,9
2,Downtrend / High-Vol,4h,100,0.005378726769294691,0.0042790676772916925,0.017702023674141483,0.66,9
2,Downtrend / High-Vol,8h,99,0.00024970965812873703,0.0006141013204263857,0.024449846329295,0.5454545454545454,9
3,Downtrend / Mid-Vol,30m,219,6.564897855595731e-05,0.00038473206106459656,0.006926308131956349,0.5251141552511416,9
3,Downtrend / Mid-Vol,1h,219,-0.0001587482593827733,0.00015368156028827684,0.008473949429709705,0.5114155251141552,9
3,Downtrend / Mid-Vol,2h,219,-0.0008367936359346916,0.0011823947953875091,0.012859180493588807,0.54337899543379,9
3,Downtrend / Mid-Vol,4h,216,-0.003402317049723228,-0.0005150079566496046,0.01676384195611633,0.46296296296296297,9
3,Downtrend / Mid-Vol,8h,216,-0.008224265299904613,-0.0031651385902504714,0.024494950527614807,0.3888888888888889,9
4,Ranging / High-Vol,30m,35,-2.844223532519103e-05,-0.0007435474685095755,0.008606105429419962,0.4857142857142857,9
4,Ranging / High-Vol,1h,35,-6.189888953558002e-05,-0.00034780998915628913,0.011942482751286801,0.4857142857142857,9
4,Ranging / High-Vol,2h,35,0.0007608583502697996,0.0007548927003693251,0.01134945588732343,0.5714285714285714,9
4,Ranging / High-Vol,4h,35,0.003247942890920947,0.0034449258961313234,0.013388225600509333,0.6,9
4,Ranging / High-Vol,8h,35,0.003505856023696349,0.003938750201943009,0.014899368193239866,0.6857142857142857,9
5,Ranging / Low-Vol,30m,400,-0.0001778410420998311,-0.0004098476973908305,0.0065608635243709175,0.455,9
5,Ranging / Low-Vol,1h,399,-0.0007452346570042433,-0.0008867828801228939,0.009254178939716582,0.43358395989974935,9
5,Ranging / Low-Vol,2h,398,-0.0010341488779960356,-0.0011271112821615858,0.013108892916043701,0.4296482412060301,9
5,Ranging / Low-Vol,4h,397,-0.0015107909255901797,-0.002113342647406924,0.02030510700540987,0.42317380352644834,9
5,Ranging / Low-Vol,8h,393,0.0005719785867959238,-0.0024067335802477885,0.027380588395178793,0.46564885496183206,9
0,Ranging / Low-Vol,30m,363,-3.833332584397039e-07,-7.988209402398638e-06,0.003953947757518104,0.49586776859504134,10
0,Ranging / Low-Vol,1h,363,-9.691594775510854e-05,0.00018871089547012332,0.005271979747035662,0.5261707988980716,10
0,Ranging / Low-Vol,2h,363,-0.0002988265077146762,0.0001866792680598195,0.007012503114343748,0.512396694214876,10
0,Ranging / Low-Vol,4h,362,-0.0001955617868863762,0.0002568931544564279,0.00941188571251149,0.5138121546961326,10
0,Ranging / Low-Vol,8h,361,0.0001849595924181417,0.00010326762608769968,0.012234613971659623,0.5124653739612188,10
1,Ranging / Low-Vol,30m,590,-8.1944408966715e-06,4.0612607219436825e-05,0.0023939419197759972,0.5101694915254237,10
1,Ranging / Low-Vol,1h,589,-9.035352480652309e-05,1.664798393008482e-05,0.004377200628707634,0.5042444821731749,10
1,Ranging / Low-Vol,2h,587,-0.0003645063496284693,1.6808653093391968e-05,0.006979758478051735,0.5025553662691652,10
1,Ranging / Low-Vol,4h,585,-0.0009602489906845663,-0.00030132079174016724,0.010101454868721542,0.4735042735042735,10
1,Ranging / Low-Vol,8h,579,-0.002036153071714097,-0.0003600247803969836,0.01578604803143202,0.4853195164075993,10
2,Ranging / Mid-Vol,30m,465,-4.3040547392845435e-05,-4.4654693633461306e-05,0.004289582531019521,0.4989247311827957,10
2,Ranging / Mid-Vol,1h,465,3.87595869758535e-05,0.00012595427876327392,0.005408595756700061,0.5290322580645161,10
2,Ranging / Mid-Vol,2h,465,0.00028059751666411996,7.798660862512463e-05,0.0067636288777711195,0.5075268817204301,10
2,Ranging / Mid-Vol,4h,464,0.0006385541225559903,0.0004612765324685242,0.009214009821540442,0.5431034482758621,10
2,Ranging / Mid-Vol,8h,463,0.0009768443216085763,0.00035734999003622647,0.010939554295216813,0.5269978401727862,10
3,Ranging / High-Vol,30m,9,0.0002823945130864382,-0.0012231153542980877,0.0033100582943499705,0.3333333333333333,10
3,Ranging / High-Vol,1h,9,-0.0007495816573229854,-0.001135171515580069,0.003449630683512593,0.3333333333333333,10
3,Ranging / High-Vol,2h,9,-0.0022675241879901937,-0.0011611111513900596,0.0043911331389846295,0.2222222222222222,10
3,Ranging / High-Vol,4h,9,-0.004938728236547026,-0.008429933759170893,0.006409101759890336,0.2222222222222222,10
3,Ranging / High-Vol,8h,9,-0.0036926695602311887,-0.005713664859033685,0.00848557384019368,0.3333333333333333,10
4,Uptrend / High-Vol,30m,21,-0.0006663766174663165,6.32221585625814e-05,0.0026356614917826707,0.5238095238095238,10
4,Uptrend / High-Vol,1h,21,-0.0012009601119312866,-0.000706536848488426,0.0036625411388661704,0.38095238095238093,10
4,Uptrend / High-Vol,2h,21,-0.0018374037545981822,-0.0017112260577807348,0.004377750739678288,0.3333333333333333,10
4,Uptrend / High-Vol,4h,21,-0.0011253747244376808,-0.0014205194317380432,0.003558239065533757,0.23809523809523808,10
4,Uptrend / High-Vol,8h,21,-0.0014876122021142465,-0.001515447346911003,0.004098748462633555,0.2857142857142857,10
5,Downtrend / High-Vol,30m,39,-0.0009376681170292792,0.00031823329978308834,0.00488950724943146,0.5384615384615384,10
5,Downtrend / High-Vol,1h,39,-0.0011532478449535798,0.0008503691114167822,0.006926392642817362,0.5384615384615384,10
5,Downtrend / High-Vol,2h,39,-0.0009108743674924897,-0.0004959607640842023,0.006756669173305986,0.4358974358974359,10
5,Downtrend / High-Vol,4h,39,-0.004127154398342707,-0.0011385102272569725,0.013029439406070827,0.46153846153846156,10
5,Downtrend / High-Vol,8h,39,-0.011599278535012894,0.001538571387028398,0.022360515361305146,0.5128205128205128,10
0,Downtrend / Mid-Vol,30m,20,0.001791982643752199,0.0012068504065450014,0.002917926105586978,0.7,11
0,Downtrend / Mid-Vol,1h,20,0.0027029834284944877,0.002333108016937757,0.004187480706647383,0.75,11
0,Downtrend / Mid-Vol,2h,20,0.0039318766343228615,0.0033861123852707564,0.006790869924046238,0.7,11
0,Downtrend / Mid-Vol,4h,20,0.003582360196845169,0.0023448770277214592,0.008876692903237305,0.65,11
0,Downtrend / Mid-Vol,8h,20,0.005609749549451237,0.0047481353611429356,0.008355096310414754,0.65,11
1,Uptrend / Mid-Vol,30m,47,0.001538546872670951,0.0005688699590589152,0.009370934540786009,0.5531914893617021,11
1,Uptrend / Mid-Vol,1h,47,0.002486283630859397,-0.0004982926253198627,0.010982189592906371,0.46808510638297873,11
1,Uptrend / Mid-Vol,2h,47,0.003812246508437003,0.0010831726426925314,0.011801703749596668,0.5957446808510638,11
1,Uptrend / Mid-Vol,4h,47,0.005394509026787995,0.000923835007196061,0.012610310983071912,0.5319148936170213,11
1,Uptrend / Mid-Vol,8h,47,0.007304120723977789,0.005568992917785565,0.012909233384863123,0.6808510638297872,11
2,Downtrend / High-Vol,30m,9,-0.0007144251316554397,-4.239039434317249e-05,0.005534129085252885,0.4444444444444444,11
2,Downtrend / High-Vol,1h,9,-0.0008746117503743989,-0.0012762229773617406,0.006702041293888128,0.4444444444444444,11
2,Downtrend / High-Vol,2h,9,-0.0013953521839437223,0.0014120075855004188,0.008247338848998167,0.5555555555555556,11
2,Downtrend / High-Vol,4h,9,0.0015310990859628898,0.0013315739191313014,0.00714939205090511,0.6666666666666666,11
2,Downtrend / High-Vol,8h,9,-0.0026797576499863534,0.0018422450948758495,0.006631322329289381,0.5555555555555556,11
3,Ranging / Low-Vol,30m,690,9.782553705777861e-05,0.00013233947201474194,0.002000692301686573,0.5391304347826087,11
3,Ranging / Low-Vol,1h,690,8.639840606588697e-05,0.00023891308116130716,0.004067804856168867,0.5405797101449276,11
3,Ranging / Low-Vol,2h,689,8.648710090086285e-05,0.00022386296363663405,0.006269477002906113,0.5224963715529753,11
3,Ranging / Low-Vol,4h,685,0.00023805518141518096,0.0003349580756211168,0.009537430507573857,0.5357664233576642,11
3,Ranging / Low-Vol,8h,679,0.0006453619346030652,0.0003464383287834494,0.014979895310193399,0.5213549337260678,11
4,Uptrend / High-Vol,30m,12,-0.0011612112600209261,-0.0006434624432536395,0.005518461821640383,0.4166666666666667,11
4,Uptrend / High-Vol,1h,12,-0.001356136322415639,-0.0008592534286364639,0.005109279699770546,0.5,11
4,Uptrend / High-Vol,2h,12,-0.0043499642882207645,-0.006585789305217915,0.006030004578457459,0.3333333333333333,11
4,Uptrend / High-Vol,4h,12,-0.004340117316050811,-0.004693472378623831,0.003043678413609118,0.08333333333333333,11
4,Uptrend / High-Vol,8h,12,-0.001975038373682736,-0.00335321560664692,0.0043773438314624906,0.3333333333333333,11
5,Ranging / Low-Vol,30m,565,-8.639334251203255e-05,8.293822489413571e-05,0.0038861701143927175,0.5221238938053098,11
5,Ranging / Low-Vol,1h,564,1.0666208646842509e-05,0.00016606648121175738,0.004830474063994803,0.5177304964539007,11
5,Ranging / Low-Vol,2h,563,0.00031907776996916316,0.0003335510711508505,0.007184987802541393,0.5364120781527532,11
5,Ranging / Low-Vol,4h,563,0.0007664105919629361,0.0003809903524327751,0.010983153323582368,0.5435168738898757,11
5,Ranging / Low-Vol,8h,561,0.0016735615059497212,0.0003902203145447203,0.014919285743596246,0.5276292335115864,11
0,Ranging / Low-Vol,30m,659,3.0276298937223195e-07,5.5201346926381234e-05,0.0024245734003335915,0.5174506828528073,12
0,Ranging / Low-Vol,1h,659,7.713323290364369e-05,0.00018286779335774384,0.003118209802143367,0.5477996965098634,12
0,Ranging / Low-Vol,2h,655,8.860319486407135e-05,0.0003162908185583291,0.004051539190976197,0.5450381679389313,12
0,Ranging / Low-Vol,4h,651,0.00021111199453366242,0.0005385578805370272,0.005245949972496558,0.5714285714285714,12
0,Ranging / Low-Vol,8h,645,0.00044355199853658294,0.000891879062587364,0.006806279278251873,0.5658914728682171,12
1,Downtrend / High-Vol,30m,2,0.007445566119552716,0.007445566119552716,0.009041807989468076,0.5,12
1,Downtrend / High-Vol,1h,2,0.005543840934101318,0.005543840934101318,0.009347291305004113,0.5,12
1,Downtrend / High-Vol,2h,2,0.005563128052004984,0.005563128052004984,0.008937367860767154,0.5,12
1,Downtrend / High-Vol,4h,2,0.007964336205911415,0.007964336205911415,0.007878805272590661,1.0,12
1,Downtrend / High-Vol,8h,2,0.010542810014047888,0.010542810014047888,0.007756757558048832,1.0,12
3,Downtrend / Mid-Vol,30m,20,0.0004889488115090046,0.0012185831358380028,0.0024694804085907698,0.7,12
3,Downtrend / Mid-Vol,1h,20,0.0008064774575050393,0.0011292989846438672,0.003306982975403737,0.65,12
3,Downtrend / Mid-Vol,2h,20,0.001726554140707659,0.0013136014585741762,0.003908204909475832,0.65,12
3,Downtrend / Mid-Vol,4h,20,0.0026839694435239815,0.00403822648450447,0.005847096256621619,0.7,12
3,Downtrend / Mid-Vol,8h,20,0.0038757774543221935,0.005375647704074282,0.008467527385449302,0.75,12
4,Uptrend / Mid-Vol,30m,12,-0.00011361317058729743,-0.0007585393639537585,0.0033687213733557273,0.3333333333333333,12
4,Uptrend / Mid-Vol,1h,12,-0.00034526290684248434,-0.00022515318705185194,0.0034754931235833255,0.4166666666666667,12
4,Uptrend / Mid-Vol,2h,12,0.000393574185659773,-0.00021441724463855394,0.00341044245751356,0.5,12
4,Uptrend / Mid-Vol,4h,12,0.00045013335864248677,0.00045453209287682483,0.003884183301636518,0.5,12
4,Uptrend / Mid-Vol,8h,12,-0.0028066816081467514,-0.002231302497142984,0.0058340851489019465,0.3333333333333333,12
5,Ranging / Low-Vol,30m,758,4.727832370955306e-05,8.609990321861716e-05,0.0016740236905940606,0.5290237467018469,12
5,Ranging / Low-Vol,1h,756,6.145543399140816e-05,5.1873152959736046e-05,0.002401405646355167,0.5119047619047619,12
5,Ranging / Low-Vol,2h,756,0.0001819500879910023,0.00014646439503884778,0.0035823352675281965,0.5198412698412699,12
5,Ranging / Low-Vol,4h,752,0.00040224888921666825,0.000370703224995772,0.005006540662784368,0.5452127659574468,12
5,Ranging / Low-Vol,8h,742,0.0009314194897349397,0.0010269531781936792,0.007202577002874642,0.5970350404312669,12
0,Ranging / Low-Vol,30m,460,0.0002947443239236159,0.00028186851793421397,0.0034864387332154555,0.5347826086956522,13
0,Ranging / Low-Vol,1h,459,0.0005171833384337801,0.0004030105928372052,0.006187675896331588,0.5468409586056645,13
0,Ranging / Low-Vol,2h,458,0.0007696298463844339,0.0005545594686866551,0.008328310576370745,0.5502183406113537,13
0,Ranging / Low-Vol,4h,456,0.0014259835598009708,0.0012747471017933165,0.012107559820651335,0.5877192982456141,13
0,Ranging / Low-Vol,8h,453,0.003033002831707381,0.0017363296146868379,0.015081314628305625,0.5982339955849889,13
1,Uptrend / High-Vol,30m,51,-0.00030281140126411975,0.0005920849751888113,0.008293374280275921,0.5490196078431373,13
1,Uptrend / High-Vol,1h,51,-0.0022500055959298352,-0.0005902932354580059,0.01342128658499966,0.43137254901960786,13
1,Uptrend / High-Vol,2h,51,-0.004397559520026478,-0.0014981625539256527,0.0183359531237739,0.47058823529411764,13
1,Uptrend / High-Vol,4h,51,-0.0059932933341702325,-0.008019541958155685,0.02115413074714819,0.35294117647058826,13
1,Uptrend / High-Vol,8h,51,-0.012024429841976264,-0.013388550709681368,0.01716406563373503,0.23529411764705882,13
2,Ranging / Mid-Vol,30m,597,0.0002058413609766744,0.00022612631829943552,0.004536476239416647,0.5343383584589615,13
2,Ranging / Mid-Vol,1h,597,0.0004932219102782997,0.00035394795051146843,0.007424887240605614,0.542713567839196,13
2,Ranging / Mid-Vol,2h,596,0.001100758146284299,0.0008029043250203927,0.010657749933304522,0.5805369127516778,13
2,Ranging / Mid-Vol,4h,594,0.0013053299679334244,0.0012469907651810885,0.012843473264040308,0.5993265993265994,13
2,Ranging / Mid-Vol,8h,589,0.0021555345931200147,0.002053168693771923,0.01615703245228957,0.5925297113752123,13
3,Ranging / High-Vol,30m,22,0.002656629775082984,0.003577964362291297,0.017873599787493713,0.6818181818181818,13
3,Ranging / High-Vol,1h,22,0.003394228976243338,0.004145766960966135,0.012704161566596017,0.6818181818181818,13
3,Ranging / High-Vol,2h,22,0.00577984960514569,0.0060517036983682715,0.013998822528106187,0.7727272727272727,13
3,Ranging / High-Vol,4h,22,0.009782567645983871,0.009485929928629844,0.01413386543937214,0.7272727272727273,13
3,Ranging / High-Vol,8h,22,0.009919068409665499,0.010085838707524886,0.014932772316804307,0.6818181818181818,13
4,Ranging / Low-Vol,30m,241,-3.3269089412390485e-05,4.83088286884481e-06,0.001749241578115865,0.5020746887966805,13
4,Ranging / Low-Vol,1h,241,-7.768799762287952e-05,8.717454054085749e-05,0.0025063270893084296,0.5103734439834025,13
4,Ranging / Low-Vol,2h,241,-0.00011860314296544167,5.829604425500179e-05,0.0033711525167068,0.5062240663900415,13
4,Ranging / Low-Vol,4h,241,0.00172684326846144,0.0009999061071788162,0.01364795985354633,0.5767634854771784,13
4,Ranging / Low-Vol,8h,241,0.0064702323143660725,0.0013620044993327696,0.025945179266682546,0.6016597510373444,13
5,Downtrend / High-Vol,30m,68,-0.00044124214523640315,0.0008172246633577629,0.007849865561642428,0.5441176470588235,13
5,Downtrend / High-Vol,1h,68,0.0006594510864873046,0.0015790300038860394,0.008757531775603348,0.5735294117647058,13
5,Downtrend / High-Vol,2h,68,0.0021967240718446866,0.0018281189499731454,0.0106316734384087,0.6029411764705882,13
5,Downtrend / High-Vol,4h,68,0.0042784843450533365,0.003886296234667519,0.009925106506968285,0.6470588235294118,13
5,Downtrend / High-Vol,8h,68,0.0032683318996942997,0.005757762223572271,0.01451198836089465,0.6764705882352942,13
0,Ranging / Low-Vol,30m,61,0.0005910414334310331,0.0004715693879209226,0.0035087009564451228,0.6557377049180327,14
0,Ranging / Low-Vol,1h,61,0.000806787438192546,0.0006241501729551402,0.004060555663004598,0.6065573770491803,14
0,Ranging / Low-Vol,2h,61,0.00018164475901806055,0.0008241150340424497,0.004402710374988824,0.6557377049180327,14
0,Ranging / Low-Vol,4h,61,0.0019093064812523736,0.0014318562365591703,0.0064784785127359554,0.6557377049180327,14
0,Ranging / Low-Vol,8h,61,0.003799993428159715,0.004285287002579352,0.015016569420983656,0.8360655737704918,14
1,Ranging / Low-Vol,30m,556,0.00010052513307191758,0.00018927173946803322,0.00440313041855067,0.5305755395683454,14
1,Ranging / Low-Vol,1h,556,0.0007004780374228401,0.00033233127274634455,0.0063661417596643935,0.5359712230215827,14
1,Ranging / Low-Vol,2h,554,0.0014003179793940276,0.0008678010250617874,0.010460423701737914,0.555956678700361,14
1,Ranging / Low-Vol,4h,553,0.0029931917036860596,0.0015731078804357423,0.014942890562261793,0.5804701627486437,14
1,Ranging / Low-Vol,8h,547,0.007014548265270288,0.0032693683042754884,0.023841362528775323,0.6014625228519196,14
2,Ranging / Low-Vol,30m,438,0.0003043179254519413,0.00023445531776644657,0.004692504983395678,0.5388127853881278,14
2,Ranging / Low-Vol,1h,436,0.000435855592484441,0.0004008914312958467,0.006818449054867679,0.5298165137614679,14
2,Ranging / Low-Vol,2h,436,0.001617972285297342,0.0009411910382208788,0.009690797084456922,0.5527522935779816,14
2,Ranging / Low-Vol,4h,433,0.0033538406327771365,0.0015946358205951583,0.014740188145216843,0.581986143187067,14
2,Ranging / Low-Vol,8h,431,0.006429901112027164,0.002738326504369226,0.02183568383026404,0.6032482598607889,14
3,Ranging / High-Vol,30m,42,-0.00015834128798763474,0.004577110470732393,0.011641801264151309,0.5952380952380952,14
3,Ranging / High-Vol,1h,42,0.0003773695214247583,0.0006263452385253387,0.012879725256406864,0.5238095238095238,14
3,Ranging / High-Vol,2h,42,0.0013268099073741099,0.0031174858334184208,0.016936426235766664,0.5952380952380952,14
3,Ranging / High-Vol,4h,42,0.005908026738589177,0.008965712335536224,0.01910225020934071,0.6666666666666666,14
3,Ranging / High-Vol,8h,42,-0.0001494428501042036,0.0013148672105591785,0.03217499047840046,0.5238095238095238,14
4,Downtrend / High-Vol,30m,159,0.0003038899826657491,0.0009776562377510345,0.008746144479322471,0.5723270440251572,14
4,Downtrend / High-Vol,1h,159,0.00028753062928060476,0.0010285161908747398,0.011946326521426218,0.5723270440251572,14
4,Downtrend / High-Vol,2h,159,-0.00020176749728692667,0.0023731010219467663,0.016674711672498305,0.610062893081761,14
4,Downtrend / High-Vol,4h,159,-0.0022130900703008945,0.0031496732504461278,0.022531869468730748,0.5849056603773585,14
4,Downtrend / High-Vol,8h,153,-0.0008209353262840747,0.0009089299555231634,0.024743351239934878,0.5098039215686274,14
5,Uptrend / High-Vol,30m,187,0.0008704926650962246,0.0003763026911727252,0.009431749389408639,0.5133689839572193,14
5,Uptrend / High-Vol,1h,187,0.0009211454597204916,0.0007002451143929278,0.012665734740076857,0.5240641711229946,14
5,Uptrend / High-Vol,2h,185,0.0011559239999422858,-0.000695007557224514,0.01653355945359719,0.4648648648648649,14
5,Uptrend / High-Vol,4h,181,0.0018449690129303626,-0.00074084277692954,0.0222779332055143,0.49171270718232046,14
5,Uptrend / High-Vol,8h,179,0.0005157522747031079,0.0004379680648582962,0.031394796943583554,0.5195530726256983,14
0,Ranging / High-Vol,30m,81,-0.0010182636673124982,0.0004668594816816807,0.017820481788359606,0.5061728395061729,15
0,Ranging / High-Vol,1h,81,-0.0019874543842601294,0.0030808751517188426,0.02505259358337321,0.5679012345679012,15
0,Ranging / High-Vol,2h,81,-0.003900742202182041,0.00010005183365890957,0.034664129347777455,0.5061728395061729,15
0,Ranging / High-Vol,4h,81,-0.01203250764137128,-0.0062921819756400765,0.03880141719419209,0.345679012345679,15
0,Ranging / High-Vol,8h,81,-0.01867231586146683,-0.006035857927203736,0.04985102759178856,0.49382716049382713,15
1,Ranging / Low-Vol,30m,509,-7.23244185524691e-05,5.7182810863309896e-05,0.005490957468097979,0.5088408644400786,15
1,Ranging / Low-Vol,1h,508,0.0002749877325491853,8.472486777399979e-05,0.007958663211048614,0.5118110236220472,15
1,Ranging / Low-Vol,2h,508,0.0007634385358354835,0.0012017348767550118,0.010465578355029441,0.562992125984252,15
1,Ranging / Low-Vol,4h,505,0.0014446431674743272,0.0015283004627200114,0.015930464633111725,0.592079207920792,15
1,Ranging / Low-Vol,8h,500,0.003217654153981634,0.0036672459847801875,0.021600000714647044,0.616,15
2,Downtrend / High-Vol,30m,164,0.00024068481072054404,-0.00010546451204884733,0.008386284520211413,0.5,15
2,Downtrend / High-Vol,1h,163,0.0003759778979504421,0.0006700130715238117,0.011031268212225118,0.5276073619631901,15
2,Downtrend / High-Vol,2h,161,0.0003185494475547796,0.0008038321437915386,0.016698469558849318,0.5217391304347826,15
2,Downtrend / High-Vol,4h,160,0.0025054696145392573,0.005134880496298955,0.021963507857710198,0.60625,15
2,Downtrend / High-Vol,8h,154,0.0045946554915811625,0.007947174496737652,0.027065138729861108,0.6363636363636364,15
3,Ranging / Low-Vol,30m,38,-1.3353481268577197e-05,5.0252414513174415e-05,0.003857450456317952,0.5,15
3,Ranging / Low-Vol,1h,38,8.868508757282973e-05,-0.0005373372626138462,0.0056970854267054585,0.42105263157894735,15
3,Ranging / Low-Vol,2h,38,0.00011796276497818967,-0.000947524687235024,0.008039224385310307,0.4473684210526316,15
3,Ranging / Low-Vol,4h,38,0.004628300631217669,0.004373560068795079,0.011408346635455558,0.6842105263157895,15
3,Ranging / Low-Vol,8h,38,0.01171511641045038,0.014282231204668427,0.010452653650293787,0.8157894736842105,15
4,Uptrend / High-Vol,30m,185,0.0008589102228087616,0.0007326317180886832,0.008090762304531091,0.5405405405405406,15
4,Uptrend / High-Vol,1h,185,0.001441808180671143,0.0003582458881865591,0.012059885281651531,0.5081081081081081,15
4,Uptrend / High-Vol,2h,185,0.002215778234142276,0.0002608545392064343,0.017639419559522824,0.518918918918919,15
4,Uptrend / High-Vol,4h,181,0.004954124900945027,0.0011231209774997808,0.02438037232914793,0.5303867403314917,15
4,Uptrend / High-Vol,8h,179,0.007717618786942387,0.0010095709176898282,0.032306545103298154,0.5642458100558659,15
5,Ranging / Low-Vol,30m,435,0.000368190883545902,0.00033258600072372246,0.004403519739537814,0.5586206896551724,15
5,Ranging / Low-Vol,1h,435,0.00039733077774120384,0.0005692032937183455,0.006565603766221722,0.542528735632184,15
5,Ranging / Low-Vol,2h,433,0.0011255848907961085,0.0008875064122815246,0.009979826698194461,0.5450346420323325,15
5,Ranging / Low-Vol,4h,433,0.002353341654264388,0.0017531230784637586,0.014432680112361733,0.5750577367205543,15
5,Ranging / Low-Vol,8h,430,0.004458370913018551,0.004169676303469316,0.02132898879654536,0.627906976744186,15
0,Downtrend / High-Vol,30m,295,0.0004297381340523986,8.23110464107657e-05,0.010452340336263325,0.5084745762711864,16
0,Downtrend / High-Vol,1h,295,0.0006590642621435016,0.0012630433590334889,0.015253685957428568,0.5661016949152542,16
0,Downtrend / High-Vol,2h,295,0.0014329293093975912,0.0012425775644580028,0.02137373650012809,0.5322033898305085,16
0,Downtrend / High-Vol,4h,295,0.0018799108531797986,0.0018402018891450211,0.02838312803427618,0.5661016949152542,16
0,Downtrend / High-Vol,8h,295,0.0023504038464019507,0.003203799456484191,0.034164463410994494,0.5627118644067797,16
1,Ranging / High-Vol,30m,59,0.000827228034706746,0.00043644363637973527,0.009215307230698633,0.5254237288135594,16
1,Ranging / High-Vol,1h,59,0.0007910753804805179,-0.0001707647037303417,0.011356099794917607,0.4915254237288136,16
1,Ranging / High-Vol,2h,59,0.001980852815690137,0.001525702914012328,0.012344066670186537,0.576271186440678,16
1,Ranging / High-Vol,4h,59,0.00441080993617989,0.0038572508408112327,0.01780697891075797,0.6271186440677966,16
1,Ranging / High-Vol,8h,59,0.0006725940652763333,0.006110068574102456,0.028444810487838316,0.576271186440678,16
2,Ranging / Low-Vol,30m,17,-0.0028943359779151144,-0.00038991367594398696,0.010990550232053154,0.4117647058823529,16
2,Ranging / Low-Vol,1h,17,-0.005769021235746408,0.0,0.01612391948402093,0.4117647058823529,16
2,Ranging / Low-Vol,2h,17,-0.007370922947443942,-0.0001210018746249375,0.01745957362472075,0.4117647058823529,16
2,Ranging / Low-Vol,4h,17,-0.006140244271905652,4.8343397876848826e-05,0.0202920765769234,0.5294117647058824,16
2,Ranging / Low-Vol,8h,17,-0.0011608188192409835,0.004506609279033569,0.02370926293717926,0.7647058823529411,16
3,Ranging / Low-Vol,30m,481,0.0001925587660230191,0.0001651553289629959,0.0054629461191686695,0.5135135135135135,16
3,Ranging / Low-Vol,1h,480,0.00023762650836670618,0.00031149163854848894,0.008455241189887844,0.5083333333333333,16
3,Ranging / Low-Vol,2h,480,-0.0005004909250085417,4.385247808347259e-05,0.012575575445982517,0.5083333333333333,16
3,Ranging / Low-Vol,4h,477,-0.0008086400086855513,0.0006866434526600074,0.018091858775576047,0.5178197064989518,16
3,Ranging / Low-Vol,8h,472,-0.0015829429652239409,0.0008854720515625303,0.026734329722058726,0.5169491525423728,16
4,Ranging / Low-Vol,30m,392,-0.0007996464984770462,-0.00012244689114826457,0.007335025242237161,0.4846938775510204,16
4,Ranging / Low-Vol,1h,392,-0.0011612625387575903,-0.00031870061438610264,0.009802261787478474,0.48214285714285715,16
4,Ranging / Low-Vol,2h,390,-0.0014128570296368828,-0.00030289576880004887,0.013956895468701064,0.47692307692307695,16
4,Ranging / Low-Vol,4h,389,-0.0020917441645374717,-0.00147448058729438,0.019301695985404693,0.4318766066838046,16
4,Ranging / Low-Vol,8h,386,-0.002520305969416405,0.00010785992593032034,0.029130746014357268,0.5025906735751295,16
5,Uptrend / High-Vol,30m,243,2.947366475043282e-05,-0.0008095892720678677,0.007712335281020835,0.4567901234567901,16
5,Uptrend / High-Vol,1h,243,4.879748721763164e-05,-0.0007618752830094166,0.009997182810168185,0.46502057613168724,16
5,Uptrend / High-Vol,2h,243,3.7463200736214157e-07,5.6507351269274864e-05,0.013990920118264869,0.5020576131687243,16
5,Uptrend / High-Vol,4h,243,-0.0012049833658446978,-0.002038000302011511,0.01881714120317637,0.4403292181069959,16
5,Uptrend / High-Vol,8h,243,-0.002419998772756181,-0.0032501506063375984,0.030349804396703206,0.411522633744856,16
0,Uptrend / High-Vol,30m,16,0.0006570480573204751,-0.0009612003632817334,0.00580967933514208,0.4375,17
0,Uptrend / High-Vol,1h,16,0.0008538018592433305,4.14710227678583e-05,0.006162685767300897,0.5,17
0,Uptrend / High-Vol,2h,16,-0.0052369394604498964,-0.002995913385678506,0.012859172834677303,0.375,17
0,Uptrend / High-Vol,4h,16,-0.007086036558484832,-0.010096199313696985,0.020712205139788168,0.4375,17
0,Uptrend / High-Vol,8h,16,-0.003297922299947742,-0.006161994775888857,0.023357590481998272,0.4375,17
1,Ranging / Low-Vol,30m,588,-9.071716399754588e-05,-0.00023936223163367742,0.003931251696585797,0.46938775510204084,17
1,Ranging / Low-Vol,1h,587,-0.00020951292342720446,-0.0003317000245335322,0.005795466400165665,0.46507666098807493,17
1,Ranging / Low-Vol,2h,586,-0.00045469609302982916,-0.0003887018345540838,0.009421584620317178,0.4658703071672355,17
1,Ranging / Low-Vol,4h,583,-0.0006235583329988463,-0.0005315878252343254,0.014162739450536171,0.48198970840480276,17
1,Ranging / Low-Vol,8h,578,-0.0008473481440569648,-0.00016194607156005958,0.019270650743412953,0.48961937716262977,17
2,Downtrend / High-Vol,30m,33,0.0005176001535103494,2.067053136833863e-05,0.004400896162037949,0.5151515151515151,17
2,Downtrend / High-Vol,1h,33,0.0008458420879364971,0.0017610817962570025,0.005413358081107016,0.6363636363636364,17
2,Downtrend / High-Vol,2h,33,0.001247396371721201,0.0018924739749728303,0.005312996292452113,0.5454545454545454,17
2,Downtrend / High-Vol,4h,33,0.0021659562699642976,0.001924660087377461,0.007835124250732949,0.6363636363636364,17
2,Downtrend / High-Vol,8h,33,-0.001705194114066067,-0.0058202100285047464,0.013715164505106495,0.30303030303030304,17
3,Downtrend / High-Vol,30m,182,-9.844242999660443e-05,0.00016365578952814985,0.006096147694643292,0.532967032967033,17
3,Downtrend / High-Vol,1h,181,-0.00019389498582372851,0.00021034770553107762,0.007834803085220561,0.5193370165745856,17
3,Downtrend / High-Vol,2h,179,0.00031320378995978657,0.0004853422888544401,0.00873647235401903,0.5363128491620112,17
3,Downtrend / High-Vol,4h,177,-0.00011900912322919689,-0.0018219340247345173,0.012417079189698066,0.4350282485875706,17
3,Downtrend / High-Vol,8h,171,1.7039947184411522e-05,0.002299737308476324,0.017899551482358802,0.543859649122807,17
4,Uptrend / Mid-Vol,30m,149,0.00016115894051583763,0.00032390319048225535,0.006855497682726047,0.5234899328859061,17
4,Uptrend / Mid-Vol,1h,149,5.689899772794225e-05,-0.0006762566736000508,0.00901389340222709,0.4563758389261745,17
4,Uptrend / Mid-Vol,2h,148,0.0003622971840641777,-6.746925707901141e-06,0.01221540997654308,0.5,17
4,Uptrend / Mid-Vol,4h,147,0.00010502709675519549,0.00020239149716339,0.012823691280897685,0.5102040816326531,17
4,Uptrend / Mid-Vol,8h,147,-0.0012121221040350778,-0.0013345841205509856,0.016562935456193827,0.4421768707482993,17
5,Ranging / Low-Vol,30m,479,-0.00010826692816948361,-0.00024921520800447183,0.004614370202824601,0.4718162839248434,17
5,Ranging / Low-Vol,1h,479,-9.411050863908858e-05,4.027138889561854e-05,0.0068620961410287415,0.5073068893528184,17
5,Ranging / Low-Vol,2h,479,-0.00016781449237861126,-0.00016232334758647937,0.009581842362906403,0.4822546972860125,17
5,Ranging / Low-Vol,4h,477,-0.0002598221956643357,-0.00013584500315033665,0.013401183601581048,0.49056603773584906,17
5,Ranging / Low-Vol,8h,472,-0.0002148129102662844,-0.0003884688690076743,0.018483971170388677,0.4872881355932203,17
0,Ranging / Mid-Vol,30m,207,-0.0007275993411542792,-0.00045478841630952616,0.007962190842507896,0.45410628019323673,18
0,Ranging / Mid-Vol,1h,207,-0.0010374604165324644,-0.0006348293959526075,0.0115340315976638,0.4492753623188406,18
0,Ranging / Mid-Vol,2h,207,-0.001983487534336564,-0.0006099588017729474,0.017987243241193565,0.4492753623188406,18
0,Ranging / Mid-Vol,4h,205,-0.0018059275660930161,-0.0004678626020453436,0.019997646328673405,0.47804878048780486,18
0,Ranging / Mid-Vol,8h,201,-0.0017399120014287518,-0.000771652839191006,0.021829978463279453,0.472636815920398,18
1,Ranging / High-Vol,30m,21,3.729535606220157e-05,0.0006874221501238509,0.010884373848574543,0.5238095238095238,18
1,Ranging / High-Vol,1h,21,0.0011743472600989385,0.0023118482927770856,0.01354462834719062,0.6666666666666666,18
1,Ranging / High-Vol,2h,21,0.002696853716077387,-0.0007472969218191849,0.014400868243221347,0.47619047619047616,18
1,Ranging / High-Vol,4h,21,0.0031041325410745982,0.004468796108175965,0.016468040914728376,0.6190476190476191,18
1,Ranging / High-Vol,8h,21,-0.012044905426520475,-0.013303138342200427,0.020747182411856576,0.2857142857142857,18
2,Uptrend / High-Vol,30m,57,0.00039105628918590404,-0.0005525618399442322,0.004842081565772972,0.45614035087719296,18
2,Uptrend / High-Vol,1h,57,0.0001463988058577595,-0.0012496552613789902,0.00711322426230264,0.42105263157894735,18
2,Uptrend / High-Vol,2h,57,6.600122971259761e-05,-0.002059525740955692,0.008840956935877968,0.38596491228070173,18
2,Uptrend / High-Vol,4h,57,0.001173793649833873,-0.0018416211466494303,0.012768624894967657,0.3333333333333333,18
2,Uptrend / High-Vol,8h,56,-0.0002102737618314064,-0.0005842511916718252,0.018008575326920868,0.5,18
3,Ranging / Low-Vol,30m,512,-0.00012552229275131568,-7.831316341277983e-05,0.0022374502151339204,0.47265625,18
3,Ranging / Low-Vol,1h,512,-0.00020298376588311073,-0.00018931534552724116,0.0035443601838367157,0.47265625,18
3,Ranging / Low-Vol,2h,510,-0.0005085470753605163,-0.000567549784310728,0.005714533507645444,0.4372549019607843,18
3,Ranging / Low-Vol,4h,510,-0.0008373711527542283,-0.0005435692068704867,0.008430531805353149,0.4372549019607843,18
3,Ranging / Low-Vol,8h,510,-0.0013340418366545193,-0.001072696198520795,0.015587300801150334,0.4392156862745098,18
4,Downtrend / High-Vol,30m,56,-8.84459018827753e-05,0.0005089676414282707,0.007072499359661809,0.5357142857142857,18
4,Downtrend / High-Vol,1h,56,-0.0004746637336181525,6.636959358630179e-05,0.010114071996469345,0.5,18
4,Downtrend / High-Vol,2h,56,9.791297666377525e-05,-0.00023284579131033212,0.012197132573409493,0.48214285714285715,18
4,Downtrend / High-Vol,4h,56,-0.002638724427886866,0.00021099662892520854,0.02377177871418874,0.5178571428571429,18
4,Downtrend / High-Vol,8h,56,-0.002515174286316059,-0.0002061517034146476,0.026873190352768386,0.48214285714285715,18
5,Ranging / Low-Vol,30m,586,8.136396765438629e-05,0.00013136557608195432,0.00343143119114645,0.5136518771331058,18
5,Ranging / Low-Vol,1h,585,1.4606282606227318e-05,-3.4775008051823875e-05,0.004777434293640984,0.49572649572649574,18
5,Ranging / Low-Vol,2h,585,-2.0557724074949535e-05,8.273134513814284e-05,0.006997156430318175,0.5025641025641026,18
5,Ranging / Low-Vol,4h,583,-0.0007427907122777217,-0.0005986698514668376,0.011800266751157895,0.4631217838765009,18
5,Ranging / Low-Vol,8h,580,-0.001772141919978287,-0.0005085378484368519,0.01824799186317574,0.46206896551724136,18
0,Ranging / Low-Vol,30m,535,-0.00023119625273159563,-0.00012635569143881753,0.004041334585787658,0.491588785046729,19
0,Ranging / Low-Vol,1h,534,-0.00037698782661793503,-0.00021876148468269463,0.005924833568223355,0.4737827715355805,19
0,Ranging / Low-Vol,2h,534,-0.000425587582975142,-0.0002171487999271804,0.007919285767540465,0.47752808988764045,19
0,Ranging / Low-Vol,4h,532,-0.000676461229981121,-0.00040957335157187913,0.010870770102127386,0.4699248120300752,19
0,Ranging / Low-Vol,8h,529,-0.0001829856082697142,-0.00045534831337334936,0.01781485863742086,0.48015122873345933,19
1,Ranging / Low-Vol,30m,650,1.3551224237831916e-05,-1.5106167035483509e-05,0.0030838755501562164,0.49846153846153846,19
1,Ranging / Low-Vol,1h,650,-6.822431352391826e-05,-0.00014207223806206315,0.004197130995273587,0.4815384615384615,19
1,Ranging / Low-Vol,2h,648,-0.0004228308348566217,-6.750159749557838e-05,0.006754882580257977,0.4876543209876543,19
1,Ranging / Low-Vol,4h,648,-0.000631435380273388,-5.7034090549912264e-05,0.00980255053286476,0.49691358024691357,19
1,Ranging / Low-Vol,8h,643,-0.0006060011258847911,-0.000995752220470436,0.01666401958386995,0.4416796267496112,19
2,Downtrend / High-Vol,30m,127,0.0007138540393085754,0.0004706167021666374,0.004447218083926733,0.5590551181102362,19
2,Downtrend / High-Vol,1h,127,0.0012420835617472368,0.0009157285578389462,0.0062542311349780165,0.5669291338582677,19
2,Downtrend / High-Vol,2h,127,0.0007593205645573587,0.0004429545516995148,0.008068065631703935,0.5354330708661418,19
2,Downtrend / High-Vol,4h,125,0.0005213665968427819,-0.0005229000304272091,0.009977809142097935,0.472,19
2,Downtrend / High-Vol,8h,125,-0.000215368514906217,0.00018134256461799225,0.010590004979307436,0.512,19
3,Downtrend / High-Vol,30m,18,-0.0015651995713866402,-0.0017314263853549505,0.009116660228159486,0.3888888888888889,19
3,Downtrend / High-Vol,1h,18,-0.000521518285408757,-0.0008007511223233621,0.00975568274932431,0.4444444444444444,19
3,Downtrend / High-Vol,2h,18,0.0014940562488903926,0.002445165083148737,0.006682782719377848,0.6666666666666666,19
3,Downtrend / High-Vol,4h,18,-0.0011585127766443727,0.0010981732488613005,0.007376000914455759,0.5555555555555556,19
3,Downtrend / High-Vol,8h,18,-0.0035969582459821504,-0.003957594118250363,0.010774810529045527,0.3333333333333333,19
4,Uptrend / High-Vol,30m,45,0.00021610000761707542,-0.001129302962176837,0.013716869822410178,0.4666666666666667,19
4,Uptrend / High-Vol,1h,45,0.00021900173272915898,-0.0005626418474715678,0.020256018516451046,0.4666666666666667,19
4,Uptrend / High-Vol,2h,45,0.002578633213477212,-0.0011495026654468887,0.026298464092541777,0.4888888888888889,19
4,Uptrend / High-Vol,4h,45,0.012309947191459218,0.0006955482563135718,0.046889872515534226,0.5111111111111111,19
4,Uptrend / High-Vol,8h,45,0.023975639657231873,0.001255352066646509,0.06671398347563359,0.5111111111111111,19
5,Uptrend / Mid-Vol,30m,112,0.0013286344121659713,0.000683091831684024,0.010276245931329005,0.5446428571428571,19
5,Uptrend / Mid-Vol,1h,112,0.0026943335513349392,-0.0002564847026356176,0.016203270768849653,0.48214285714285715,19
5,Uptrend / Mid-Vol,2h,112,0.00609433431807836,0.0010501347521625348,0.025677220296400807,0.5446428571428571,19
5,Uptrend / Mid-Vol,4h,112,0.008294831316165643,-0.0006838254819792056,0.032091048998954354,0.45535714285714285,19
5,Uptrend / Mid-Vol,8h,112,0.0089769089812775,-0.0014160965109661916,0.039547826965804465,0.4642857142857143,19
0,Downtrend / High-Vol,30m,92,-0.0002009399414044365,-0.00020902907902176082,0.007643641349413005,0.4782608695652174,20
0,Downtrend / High-Vol,1h,91,-0.00016354861572261264,0.0007151055920200378,0.011411885200274753,0.5494505494505495,20
0,Downtrend / High-Vol,2h,89,0.001191795026697087,0.0012472170653623493,0.014378606133409067,0.550561797752809,20
0,Downtrend / High-Vol,4h,87,0.00029883319840357545,0.0012215756538296318,0.019530188329329762,0.5287356321839081,20
0,Downtrend / High-Vol,8h,84,0.0011536094141349246,0.0004157248414182746,0.03004570591715733,0.5119047619047619,20
1,Uptrend / High-Vol,30m,61,0.0004453880349114955,-0.0004900336871767053,0.005979176846777874,0.47540983606557374,20
1,Uptrend / High-Vol,1h,61,0.0011201107492091757,0.00010843718786546219,0.007782885842760774,0.5081967213114754,20
1,Uptrend / High-Vol,2h,61,0.002213872936943068,-0.00015594403962992942,0.010840228622249388,0.47540983606557374,20
1,Uptrend / High-Vol,4h,61,0.0032262548667286017,-0.0009752452154447866,0.01616870578704911,0.4426229508196721,20
1,Uptrend / High-Vol,8h,61,0.0008477785957949647,-0.0036873242185002653,0.019204392213318867,0.3442622950819672,20
2,Ranging / Low-Vol,30m,445,-0.00017694823124700967,-0.0001379090863053989,0.0036142926285875473,0.48314606741573035,20
2,Ranging / Low-Vol,1h,445,-0.0006380791207155974,-0.00023885272011625602,0.005161513329374688,0.4786516853932584,20
2,Ranging / Low-Vol,2h,443,-0.0012239950309336223,-0.0003484152870356638,0.0073791333568356925,0.4401805869074492,20
2,Ranging / Low-Vol,4h,438,-0.0018253080393051512,-0.0008862297263076968,0.00993241774105821,0.4406392694063927,20
2,Ranging / Low-Vol,8h,429,-0.0033975122187456432,-0.0011088892341923895,0.015584241513086945,0.4592074592074592,20
3,Ranging / Low-Vol,30m,546,-0.0002989307518921778,-7.022409936752183e-05,0.0034256329234178405,0.4835164835164835,20
3,Ranging / Low-Vol,1h,544,-0.000526145523134752,-0.00020200459799113446,0.004692474113915803,0.4724264705882353,20
3,Ranging / Low-Vol,2h,542,-0.001234111208638276,-0.0005248590267221687,0.007279234420665435,0.45202952029520294,20
3,Ranging / Low-Vol,4h,537,-0.0019579914548011283,-0.0007054698815558424,0.009889612190669807,0.45623836126629425,20
3,Ranging / Low-Vol,8h,525,-0.0029327339146349982,-0.0014973755666858324,0.014273728535602263,0.43047619047619046,20
4,Ranging / High-Vol,30m,4,-0.0019171203726360275,-0.0020038671273683306,0.006645803466442597,0.25,20
4,Ranging / High-Vol,1h,4,0.0004245265890299166,2.9778255879797655e-05,0.004314605920120689,0.5,20
4,Ranging / High-Vol,2h,4,-0.003696165155712361,-0.00693368717469145,0.007682388437538926,0.25,20
4,Ranging / High-Vol,4h,4,-0.011915237361610043,-0.0069632986515859585,0.014556399485259377,0.25,20
4,Ranging / High-Vol,8h,4,0.01586571782079149,0.01839288770105174,0.009873431072286918,1.0,20
5,Ranging / Low-Vol,30m,235,-9.909908979116328e-05,-6.520293325706916e-06,0.0017058279729515642,0.4978723404255319,20
5,Ranging / Low-Vol,1h,235,5.038203383882642e-05,0.00010113942201250836,0.0029520198000707203,0.5191489361702127,20
5,Ranging / Low-Vol,2h,235,4.632146053634121e-05,1.2333528202290722e-05,0.004217929029247789,0.5106382978723404,20
5,Ranging / Low-Vol,4h,235,-0.000819798046536793,-0.00018551559748303248,0.007705149863977766,0.4765957446808511,20
5,Ranging / Low-Vol,8h,235,-0.003155347538772136,-0.0002878454903054717,0.012010653891932186,0.49361702127659574,20
0,Ranging / Low-Vol,30m,495,-0.0002450960211173832,-8.242439487382569e-05,0.0037440134437258504,0.494949494949495,21
0,Ranging / Low-Vol,1h,495,-0.00018197506066015154,0.00010322955052721738,0.005655170741792583,0.5171717171717172,21
0,Ranging / Low-Vol,2h,495,-0.0003698581629857127,7.260637007533433e-05,0.00717928702373597,0.5111111111111111,21
0,Ranging / Low-Vol,4h,495,-0.0006455037651594572,-0.00013828844115515437,0.009260425603871131,0.494949494949495,21
0,Ranging / Low-Vol,8h,493,-0.00042023632681457263,-0.00045832994759820167,0.013596428086797655,0.47058823529411764,21
1,Uptrend / High-Vol,30m,48,0.002307463990705879,0.0017088390761967887,0.008460172794436388,0.5833333333333334,21
1,Uptrend / High-Vol,1h,48,0.0038347329816718068,0.001822582403097961,0.01070340246204553,0.6041666666666666,21
1,Uptrend / High-Vol,2h,48,0.00579849815777093,0.0021540506025248263,0.014411355426402142,0.6458333333333334,21
1,Uptrend / High-Vol,4h,48,0.007899363624822834,0.0027393316115817967,0.022758638998841754,0.6041666666666666,21
1,Uptrend / High-Vol,8h,48,0.011790393673132948,0.002306728711423567,0.03201817167010173,0.5416666666666666,21
2,Downtrend / High-Vol,30m,68,-2.6184651949237416e-05,1.9546678801773965e-05,0.0051413738811149565,0.5,21
2,Downtrend / High-Vol,1h,68,0.00044628243689406714,0.00018401876937446104,0.006652459679259534,0.5147058823529411,21
2,Downtrend / High-Vol,2h,68,0.0005660736625334728,0.0006590936117580881,0.009078944527023566,0.6029411764705882,21
2,Downtrend / High-Vol,4h,68,0.00033725680519371707,6.283694727926559e-05,0.011852944096517366,0.5,21
2,Downtrend / High-Vol,8h,68,0.0027150396634968107,0.002863028462548378,0.01862771192651898,0.6323529411764706,21
3,Ranging / Low-Vol,30m,563,2.903924511385451e-05,3.140967295323094e-05,0.003490612709853873,0.5062166962699822,21
3,Ranging / Low-Vol,1h,563,-0.0001850534135764101,0.0001258032372817297,0.004384910924776031,0.5097690941385435,21
3,Ranging / Low-Vol,2h,563,-0.00024866451720585687,0.00017447793608482698,0.0064748856778716795,0.5186500888099467,21
3,Ranging / Low-Vol,4h,561,-0.00035611759512485107,4.849320826671999e-05,0.00883315107029863,0.5044563279857398,21
3,Ranging / Low-Vol,8h,555,-0.0003866306063143119,-0.0005309515693987521,0.011813101255509035,0.4666666666666667,21
4,Ranging / High-Vol,30m,10,-0.004843697274055892,-0.003183699362082848,0.007491833006116346,0.2,21
4,Ranging / High-Vol,1h,10,-0.0059630896413180425,-0.005026110184816801,0.0073257196954514,0.1,21
4,Ranging / High-Vol,2h,10,-0.008453766995632073,-0.006611127629020608,0.010107327200069483,0.2,21
4,Ranging / High-Vol,4h,10,-0.00916647372147974,-0.008079806480438378,0.012355450542717755,0.3,21
4,Ranging / High-Vol,8h,10,-0.025429714099225544,-0.029897131593280335,0.02121637660973782,0.2,21
5,Ranging / Low-Vol,30m,303,1.4573340521155767e-05,8.397516015890005e-06,0.0016384612271776568,0.5082508250825083,21
5,Ranging / Low-Vol,1h,302,-0.0001327482607189564,-1.351012802608409e-05,0.0027592750641527927,0.4966887417218543,21
5,Ranging / Low-Vol,2h,300,-0.00014549655671107332,-0.00010707675538590422,0.004499953955772708,0.47333333333333333,21
5,Ranging / Low-Vol,4h,298,-1.990539042113815e-05,-0.00028224019986033966,0.007329286522288244,0.46308724832214765,21
5,Ranging / Low-Vol,8h,298,-0.0014141278361422859,-0.0009410490799108828,0.009795404563219959,0.4395973154362416,21
0,Downtrend / High-Vol,30m,55,0.0003326671026758341,-0.000161403465558152,0.005849787622605329,0.4909090909090909,22
0,Downtrend / High-Vol,1h,55,0.00028241926399000505,-0.00040400677593765977,0.007094660796349117,0.4909090909090909,22
0,Downtrend / High-Vol,2h,55,0.0008014817982792072,0.0005032540978255895,0.008556203177153976,0.5636363636363636,22
0,Downtrend / High-Vol,4h,55,0.0006513332137419134,0.0010971118592095763,0.01085729936866278,0.6,22
0,Downtrend / High-Vol,8h,55,0.0013678964598688478,-0.0018736967199117771,0.015676672736557724,0.4727272727272727,22
1,Ranging / Low-Vol,30m,540,0.00011013699088379249,8.32265923769171e-05,0.00423548139660237,0.5092592592592593,22
1,Ranging / Low-Vol,1h,540,0.0003139056647462,0.00025745257168718894,0.005850783336256481,0.5314814814814814,22
1,Ranging / Low-Vol,2h,539,0.0003884519342532633,-4.3959307944874126e-05,0.0074587768857567495,0.4897959183673469,22
1,Ranging / Low-Vol,4h,536,0.0013740375081795868,0.0005567537939494827,0.011043848166390638,0.5261194029850746,22
1,Ranging / Low-Vol,8h,534,0.0023079143667328636,0.001189063192598816,0.01518084945377639,0.5393258426966292,22
2,Ranging / High-Vol,30m,4,-0.002502459502962129,-0.0026192520680163867,0.004347912016730311,0.5,22
2,Ranging / High-Vol,1h,4,-0.004017157003948668,-0.005004919005924258,0.002437640494400132,0.25,22
2,Ranging / High-Vol,2h,4,-0.003465058381893371,-0.0036626177026288786,0.0050635380710536484,0.25,22
2,Ranging / High-Vol,4h,4,-0.0003901961186283387,-0.0003901295429953322,0.004113314342493159,0.5,22
2,Ranging / High-Vol,8h,4,-8.57135439145118e-05,0.0003197682900051291,0.0029537793092085777,0.5,22
3,Ranging / Low-Vol,30m,640,0.00016934911209272319,0.00011805910328988034,0.003285748683779932,0.5234375,22
3,Ranging / Low-Vol,1h,639,0.0002465551072539996,0.00017269224047034015,0.005072934062252404,0.5242566510172144,22
3,Ranging / Low-Vol,2h,638,0.0007805483009920709,0.00014668516261462372,0.008234526706320973,0.5172413793103449,22
3,Ranging / Low-Vol,4h,637,0.0010910318951934896,0.0009010379376519495,0.011026151093474674,0.5698587127158555,22
3,Ranging / Low-Vol,8h,631,0.0026247209226776787,0.0007305531027785861,0.016136221316256187,0.5372424722662441,22
4,Uptrend / High-Vol,30m,138,0.000561892749778642,0.0003067732252217681,0.005967786041062085,0.5289855072463768,22
4,Uptrend / High-Vol,1h,138,0.0012175292658162344,0.0007877496497119552,0.007687588896942055,0.5434782608695652,22
4,Uptrend / High-Vol,2h,138,0.0019231719400929106,0.000781814629806199,0.009477401074547925,0.5434782608695652,22
4,Uptrend / High-Vol,4h,138,0.0033220140537353142,0.0010708623988149313,0.012421262824133264,0.5434782608695652,22
4,Uptrend / High-Vol,8h,138,0.00521575973487983,0.004169433523101063,0.017358090354076823,0.644927536231884,22
5,Ranging / Low-Vol,30m,110,9.9240411014973e-05,0.00028159210471123686,0.0019408592160963234,0.5636363636363636,22
5,Ranging / Low-Vol,1h,110,0.00034484659969615,0.00017319930606696232,0.0031927906649596516,0.5545454545454546,22
5,Ranging / Low-Vol,2h,110,0.0005176611578290424,0.0005533548995977355,0.006003061123650837,0.5727272727272728,22
5,Ranging / Low-Vol,4h,110,0.0014050459015598094,0.0001523433881382985,0.010559421326210532,0.5,22
5,Ranging / Low-Vol,8h,110,0.003830919917782228,0.0007215561603679532,0.016068245110594466,0.5636363636363636,22
0,Uptrend / High-Vol,30m,47,0.0009583248409297204,0.0015001779898131673,0.004711571142075998,0.6382978723404256,23
0,Uptrend / High-Vol,1h,47,0.0018676964489179892,0.002716653603728858,0.0056577472501239566,0.6595744680851063,23
0,Uptrend / High-Vol,2h,47,0.0026126367466174963,0.0015488351100412245,0.007529402934914833,0.6595744680851063,23
0,Uptrend / High-Vol,4h,47,0.0030331264227515128,0.0017697471087014804,0.010907635458398178,0.5319148936170213,23
0,Uptrend / High-Vol,8h,47,0.0053963575033568936,0.0019978352067706595,0.012675727986463901,0.5106382978723404,23
1,Ranging / Low-Vol,30m,601,-0.00011494630696419296,-6.380084857227075e-05,0.003145902207918283,0.49584026622296173,23
1,Ranging / Low-Vol,1h,599,-8.962204891663445e-05,2.016579467323254e-05,0.004378725280753107,0.5075125208681135,23
1,Ranging / Low-Vol,2h,597,-0.00012724600531804694,7.237759906253416e-05,0.006270263973177519,0.5058626465661642,23
1,Ranging / Low-Vol,4h,588,-0.00041672889217609374,6.585190757846249e-05,0.009252297483740908,0.5017006802721088,23
1,Ranging / Low-Vol,8h,579,-0.0006823609177719141,0.00016517749424949102,0.012855401708189678,0.5094991364421416,23
2,Ranging / Low-Vol,30m,509,3.844574792244274e-05,-4.108281988379758e-06,0.00335000024587604,0.49901768172888017,23
2,Ranging / Low-Vol,1h,508,-0.00011401325727417251,7.179084204977926e-05,0.004496249022359333,0.5078740157480315,23
2,Ranging / Low-Vol,2h,504,-0.00022294520094388848,-9.337947098497779e-05,0.006093132402433493,0.49603174603174605,23
2,Ranging / Low-Vol,4h,501,-0.00044562787022557257,2.4605794665788494e-05,0.008753896380926059,0.5049900199600799,23
2,Ranging / Low-Vol,8h,492,-0.0008923835508775348,0.00015244652989299112,0.013011273456421257,0.508130081300813,23
3,Ranging / Low-Vol,30m,84,-2.9579310487573957e-05,0.0001344929675726192,0.0034098526119791346,0.5238095238095238,23
3,Ranging / Low-Vol,1h,84,-5.4533854663796875e-05,-0.00021650328349398507,0.005332047249524667,0.4523809523809524,23
3,Ranging / Low-Vol,2h,84,-0.0004581998207143302,0.000349935558846326,0.008371574855226833,0.5357142857142857,23
3,Ranging / Low-Vol,4h,84,-0.0008296585835844826,0.0005111729722218072,0.013720792133198156,0.5238095238095238,23
3,Ranging / Low-Vol,8h,78,-0.002702234487161721,-0.0031416556668766304,0.018458487454028224,0.3974358974358974,23
5,Downtrend / High-Vol,30m,89,-0.0004575590245379011,-0.00041778983775309086,0.005952061974392404,0.4606741573033708,23
5,Downtrend / High-Vol,1h,89,-0.000640105611162643,-0.0004355000109601548,0.007244154976095801,0.4606741573033708,23
5,Downtrend / High-Vol,2h,89,-0.0009220278508210348,-0.0003900889240533445,0.009987118594563353,0.48314606741573035,23
5,Downtrend / High-Vol,4h,89,-8.375040158529975e-05,0.000549183534161557,0.01047372050035118,0.5280898876404494,23
5,Downtrend / High-Vol,8h,89,-0.0006203881713446954,4.530948645431465e-05,0.011178343870403305,0.5056179775280899,23
0,Uptrend / High-Vol,30m,209,0.00016741685182588626,-0.0010651777611325741,0.018726257569895877,0.46411483253588515,24
0,Uptrend / High-Vol,1h,209,-0.0001807573391263546,0.0006254672703338571,0.021073406413997985,0.507177033492823,24
0,Uptrend / High-Vol,2h,209,-0.00014270862978292136,-0.001401143235087332,0.027016100300377262,0.48325358851674644,24
0,Uptrend / High-Vol,4h,209,-0.0014142823720064734,-0.0011279024713068964,0.03765297570042176,0.46411483253588515,24
0,Uptrend / High-Vol,8h,209,-0.012672520116398776,-0.004553211555986536,0.0726509304405601,0.4354066985645933,24
1,Ranging / Low-Vol,30m,314,0.0002225698522966916,-4.225981401262402e-06,0.005449216392832892,0.5,24
1,Ranging / Low-Vol,1h,314,-0.0001166135043075409,-0.0001935870545981544,0.007942826230920422,0.4872611464968153,24
1,Ranging / Low-Vol,2h,312,-0.0008310760687047175,2.0765273122336225e-05,0.010730224113619357,0.5,24
1,Ranging / Low-Vol,4h,308,-0.0020315140035512204,-0.00048753199200746167,0.015004318962025233,0.4902597402597403,24
1,Ranging / Low-Vol,8h,299,-0.0032244816373457556,-0.0019234237592549164,0.02305754148427211,0.44481605351170567,24
2,Downtrend / High-Vol,30m,261,-0.000492406759111784,-0.0002896893483192997,0.008571075041791925,0.4904214559386973,24
2,Downtrend / High-Vol,1h,261,-0.0013548558206603358,0.00013562208396322717,0.016956254565249927,0.5057471264367817,24
2,Downtrend / High-Vol,2h,261,-0.0018834160269659956,-8.183768150260562e-06,0.02661278388416813,0.49808429118773945,24
2,Downtrend / High-Vol,4h,261,-0.002968832025678512,0.0003266594512538745,0.03564301416966558,0.5057471264367817,24
2,Downtrend / High-Vol,8h,261,-0.0067577721089437616,0.0013727982292692786,0.05701974279669839,0.524904214559387,24
3,Uptrend / Mid-Vol,30m,261,0.00015958474179701758,-0.00035086766703251726,0.0076915066856884625,0.4904214559386973,24
3,Uptrend / Mid-Vol,1h,261,0.00046067344572554733,-0.00024145662975705307,0.011279527578518453,0.48659003831417624,24
3,Uptrend / Mid-Vol,2h,261,0.0009496231391484729,-2.2651826700581523e-05,0.01613738664921869,0.49808429118773945,24
3,Uptrend / Mid-Vol,4h,261,0.0010099403746938666,-0.0018335441593713142,0.02218267933824582,0.45977011494252873,24
3,Uptrend / Mid-Vol,8h,261,0.0018992411154409607,-0.0014493768142109786,0.030671344264189732,0.47509578544061304,24
4,Downtrend / High-Vol,30m,146,-0.0016657363564404348,0.00020078699698711233,0.02962147052494624,0.5273972602739726,24
4,Downtrend / High-Vol,1h,146,-0.00217742344456155,5.098027928696069e-07,0.04348063170340093,0.5,24
4,Downtrend / High-Vol,2h,146,-0.003779054334887005,0.0016978187085472385,0.054266830685198365,0.541095890410959,24
4,Downtrend / High-Vol,4h,146,-0.005760408387900635,0.005201075995437954,0.07678742667974207,0.589041095890411,24
4,Downtrend / High-Vol,8h,146,0.004352572136680288,0.011890133819261628,0.07446484052075925,0.6027397260273972,24
5,Ranging / Low-Vol,30m,268,-0.00023703529138546206,-0.00011100829796717449,0.004698024913606881,0.48880597014925375,24
5,Ranging / Low-Vol,1h,266,0.00021953366537857412,0.00026834922045093634,0.007734692961081473,0.5338345864661654,24
5,Ranging / Low-Vol,2h,264,-0.00025627256019308906,4.740689387716657e-05,0.01083042916631558,0.5113636363636364,24
5,Ranging / Low-Vol,4h,260,-0.00028024118862615476,0.0006628347494652687,0.015273516271913134,0.5269230769230769,24
5,Ranging / Low-Vol,8h,253,-0.0018081024830727986,-0.0011901503226585675,0.02292818437689481,0.4743083003952569,24
0,Downtrend / High-Vol,30m,121,-0.0005170291684388009,0.00024351921844179003,0.00797425802048171,0.5371900826446281,25
0,Downtrend / High-Vol,1h,120,-0.0007602075889159584,0.0007191064797016367,0.010761258338369217,0.5416666666666666,25
0,Downtrend / High-Vol,2h,119,2.2057011679172267e-05,0.002669876735994947,0.013025264575755858,0.6134453781512605,25
0,Downtrend / High-Vol,4h,119,-0.0005404015758164766,0.00203604613838948,0.01366836544642213,0.6218487394957983,25
0,Downtrend / High-Vol,8h,113,0.0023233071465981695,0.0013896964480153429,0.021592988850556667,0.5575221238938053,25
1,Ranging / Low-Vol,30m,578,0.00037591755102256793,0.00021287692001159542,0.0038466922949944517,0.527681660899654,25
1,Ranging / Low-Vol,1h,577,0.0005002961095861157,0.00048649674066503223,0.005532746539345892,0.5493934142114385,25
1,Ranging / Low-Vol,2h,575,0.000990283754809779,0.0006099758971398472,0.008337082823557036,0.5582608695652174,25
1,Ranging / Low-Vol,4h,572,0.0018504523638084931,0.0011787780067491482,0.013195319288673587,0.5804195804195804,25
1,Ranging / Low-Vol,8h,568,0.0035264051128399746,0.00109538694867517,0.01920556121334654,0.551056338028169,25
2,Uptrend / High-Vol,30m,159,0.0014000135620615612,0.0005405582743431836,0.007905335333367318,0.559748427672956,25
2,Uptrend / High-Vol,1h,159,0.0024566344288222985,0.0010581840555214939,0.01072555740073894,0.5911949685534591,25
2,Uptrend / High-Vol,2h,159,0.0031246459147291615,0.001779284770451639,0.014455614868518357,0.5471698113207547,25
2,Uptrend / High-Vol,4h,155,0.0034896723490013006,0.0012412879598038273,0.020865105660531652,0.5548387096774193,25
2,Uptrend / High-Vol,8h,153,0.005766887870518421,0.0018177557834633262,0.030258262307359295,0.5490196078431373,25
3,Ranging / Low-Vol,30m,482,-0.00010787239012862453,1.9921282447654676e-05,0.0037986415842340806,0.504149377593361,25
3,Ranging / Low-Vol,1h,482,0.0001655329113359839,-7.706696400688884e-05,0.005428726331272797,0.49377593360995853,25
3,Ranging / Low-Vol,2h,481,0.0005572161352315522,0.0001974324259883531,0.008641544452247614,0.5114345114345115,25
3,Ranging / Low-Vol,4h,480,0.0017767254694775396,0.0007554930657081016,0.014618127704217833,0.53125,25
3,Ranging / Low-Vol,8h,476,0.003251776696489297,0.0010694582680796927,0.019153830611460497,0.5546218487394958,25
4,Ranging / Low-Vol,30m,44,-5.827852959578389e-05,-7.93046567704181e-06,0.0029613130271675127,0.4772727272727273,25
4,Ranging / Low-Vol,1h,44,0.0003408482342118062,0.00013326306314276337,0.003977834270704503,0.5909090909090909,25
4,Ranging / Low-Vol,2h,44,0.0013940402278272675,0.0007337016337665148,0.005464001573493507,0.5909090909090909,25
4,Ranging / Low-Vol,4h,44,0.005705813771413538,0.004189372615852172,0.008313811924218633,0.7727272727272727,25
4,Ranging / Low-Vol,8h,44,0.01458920524291285,0.013953718040513152,0.01386225251371933,0.8863636363636364,25
5,Ranging / High-Vol,30m,26,-0.0005416154411713128,-0.00010790113340863883,0.009614877279817375,0.46153846153846156,25
5,Ranging / High-Vol,1h,26,-0.002429054124269269,-0.0016390849340046643,0.014949080522774194,0.4230769230769231,25
5,Ranging / High-Vol,2h,26,-0.005407381336907973,-0.0006225537086761435,0.02005873906548638,0.46153846153846156,25
5,Ranging / High-Vol,4h,26,-0.003626584583567358,-0.0003232889139868078,0.017332596845394437,0.46153846153846156,25
5,Ranging / High-Vol,8h,26,-0.00996895827003962,-0.005735222961997799,0.02070570866671694,0.34615384615384615,25
0,Uptrend / Mid-Vol,30m,215,2.4282468500476416e-05,-0.00015948798177944923,0.004804398142523356,0.4604651162790698,26
0,Uptrend / Mid-Vol,1h,215,-2.7804824005908476e-05,-0.0007203041495920104,0.006435705012031054,0.4790697674418605,26
0,Uptrend / Mid-Vol,2h,215,-0.0002693017544536469,-0.0012510594840566824,0.008366092818429744,0.4372093023255814,26
0,Uptrend / Mid-Vol,4h,215,-0.0008606901871285296,-0.002227160385006144,0.012097761084039578,0.3813953488372093,26
0,Uptrend / Mid-Vol,8h,215,-5.722646858363457e-05,-0.001619479402648949,0.016341108853661496,0.4372093023255814,26
1,Uptrend / High-Vol,30m,51,0.0004123613124669831,0.0007665772701965778,0.007899724365807825,0.6078431372549019,26
1,Uptrend / High-Vol,1h,51,-0.0006111663663150073,-0.0006274684913893935,0.010711985336790512,0.49019607843137253,26
1,Uptrend / High-Vol,2h,51,-0.0018753992224672688,-0.0003814626680096467,0.013905756525321878,0.45098039215686275,26
1,Uptrend / High-Vol,4h,51,-0.004097313562853943,-0.0021842668454432612,0.014371682662439874,0.43137254901960786,26
1,Uptrend / High-Vol,8h,51,-0.010412374274151759,-0.006723404569919822,0.01840054444496848,0.3333333333333333,26
2,Ranging / Low-Vol,30m,544,-8.070792717897425e-05,0.0001348469885620318,0.004176893162627146,0.5202205882352942,26
2,Ranging / Low-Vol,1h,544,-0.00016220556186942703,0.00010561896467997656,0.006016713143663712,0.5165441176470589,26
2,Ranging / Low-Vol,2h,544,-2.708482361730256e-05,0.00016639354771808001,0.008646570502760737,0.5128676470588235,26
2,Ranging / Low-Vol,4h,541,0.0008032032138944295,0.0009116632744916586,0.011843002114892892,0.5397412199630314,26
2,Ranging / Low-Vol,8h,535,0.0013217683944494205,0.0027734103752763417,0.02023603621465907,0.5869158878504673,26
3,Downtrend / High-Vol,30m,29,0.0018522797440246148,-0.0006539979917423722,0.009415215331165941,0.4827586206896552,26
3,Downtrend / High-Vol,1h,29,0.0026869979860964796,-0.00025940247249600645,0.011395675498637526,0.4482758620689655,26
3,Downtrend / High-Vol,2h,29,0.005994806818113133,0.004001340254058405,0.014514819556591936,0.6551724137931034,26
3,Downtrend / High-Vol,4h,29,0.007589991133248009,0.009284218876945971,0.019570788287041434,0.6206896551724138,26
3,Downtrend / High-Vol,8h,29,0.012130930780765999,0.013199401548343204,0.01694320723117623,0.8275862068965517,26
4,Downtrend / High-Vol,30m,207,-0.00045074856102217105,0.0007102128554130616,0.01065493502419175,0.5555555555555556,26
4,Downtrend / High-Vol,1h,207,0.00020599648572517643,0.0010907081639039973,0.010390997243681036,0.5748792270531401,26
4,Downtrend / High-Vol,2h,207,0.0006285849056660172,0.0024507538988292055,0.014834225159744412,0.6280193236714976,26
4,Downtrend / High-Vol,4h,207,-0.00012657498518743547,0.0027546262887874207,0.020356377307839138,0.6038647342995169,26
4,Downtrend / High-Vol,8h,207,-0.0006953211155216767,0.00429821493102267,0.022098070428983846,0.6038647342995169,26
5,Ranging / Low-Vol,30m,441,0.0003146067796076033,0.00018233904807196666,0.003965246099583194,0.5215419501133787,26
5,Ranging / Low-Vol,1h,440,0.0003797546303484601,0.0002806942628401643,0.008394819126905848,0.5409090909090909,26
5,Ranging / Low-Vol,2h,438,0.00045669478124354604,0.0005884577432233584,0.010882417568797612,0.5319634703196348,26
5,Ranging / Low-Vol,4h,437,0.0010132633599387903,0.0014816099675751815,0.015119664203514096,0.5446224256292906,26
5,Ranging / Low-Vol,8h,435,0.002197723201078369,0.003982341510255338,0.020516813874186537,0.6229885057471264,26
0,Ranging / Low-Vol,30m,575,-3.1188832196145484e-05,-9.256077261277085e-05,0.002555118932713949,0.48869565217391303,27
0,Ranging / Low-Vol,1h,574,-0.0001988941828520523,-6.714992414291743e-05,0.004029963703944807,0.47735191637630664,27
0,Ranging / Low-Vol,2h,572,-0.000405827983063398,-0.00020291678025774473,0.006180242950300018,0.47027972027972026,27
0,Ranging / Low-Vol,4h,570,-0.00048062445067785183,-0.0003310673171252887,0.009489291452699654,0.47368421052631576,27
0,Ranging / Low-Vol,8h,567,-0.0011144053098279694,-0.0005763204998938676,0.013574418590581712,0.4691358024691358,27
1,Downtrend / High-Vol,30m,16,0.0006990817066974131,0.00011684461318317574,0.009386120955421934,0.5,27
1,Downtrend / High-Vol,1h,16,0.0004993724490731655,0.0001429596382163112,0.009740760330319481,0.5,27
1,Downtrend / High-Vol,2h,16,-0.0007314519141764508,-0.0018023820189299045,0.008913858282195578,0.4375,27
1,Downtrend / High-Vol,4h,16,0.0010901898381144859,-0.0002358945573845972,0.008793494084041372,0.5,27
1,Downtrend / High-Vol,8h,16,0.0008742842930292705,-0.0014992242808684608,0.007821160816947554,0.4375,27
2,Ranging / Low-Vol,30m,669,-7.580237357564949e-05,3.3243851968123295e-05,0.0033284309842412305,0.5127055306427504,27
2,Ranging / Low-Vol,1h,668,-8.293383752764697e-05,-1.7794625414957466e-05,0.004636252077515871,0.49850299401197606,27
2,Ranging / Low-Vol,2h,666,-0.00014923983433765372,-0.00021468871621443952,0.006219786004296651,0.46396396396396394,27
2,Ranging / Low-Vol,4h,662,-0.0003593638278996447,-0.00013512791146297332,0.008637203223924096,0.4879154078549849,27
2,Ranging / Low-Vol,8h,654,-0.0009368214670228487,-0.0006995471089945582,0.01352531392842638,0.4602446483180428,27
3,Uptrend / Mid-Vol,30m,52,0.001216275188659436,0.00048233106981498963,0.006019922424712115,0.5576923076923077,27
3,Uptrend / Mid-Vol,1h,52,0.0024907721653807816,4.8957728846055204e-05,0.009449581037021204,0.5192307692307693,27
3,Uptrend / Mid-Vol,2h,52,0.0044562997049009635,0.0016707887749296546,0.011258407498988989,0.6538461538461539,27
3,Uptrend / Mid-Vol,4h,52,0.004904465353346765,0.0019170030108162095,0.013336931729394413,0.5961538461538461,27
3,Uptrend / Mid-Vol,8h,52,0.006286786570725678,0.002443222554858515,0.013030844626144036,0.6153846153846154,27
4,Downtrend / High-Vol,30m,81,-0.0006070602584568877,-0.0002930486056271775,0.006431691687372898,0.4691358024691358,27
4,Downtrend / High-Vol,1h,81,-0.000884508981012385,-0.0003856278409219982,0.007621292913271216,0.48148148148148145,27
4,Downtrend / High-Vol,2h,81,-0.0015013817416915682,0.0003980630452087297,0.010016422099066445,0.5185185185185185,27
4,Downtrend / High-Vol,4h,79,-0.0030407571940746355,-0.0010491831055059464,0.01331044859725009,0.4430379746835443,27
4,Downtrend / High-Vol,8h,74,-0.00013456139265011514,0.00047901998642885246,0.016114967153049404,0.527027027027027,27
5,Uptrend / High-Vol,30m,15,-0.0008433245975525712,-0.0009152702171721927,0.0020829551523103428,0.3333333333333333,27
5,Uptrend / High-Vol,1h,15,-0.0007006392157011969,-0.00035165627992128634,0.0024897176630702326,0.4666666666666667,27
5,Uptrend / High-Vol,2h,15,-0.0001743246033850454,0.00025267451148991427,0.0027116379710346514,0.5333333333333333,27
5,Uptrend / High-Vol,4h,15,0.0010595348081912685,0.0014700422164022342,0.0031086877311965,0.6666666666666666,27
5,Uptrend / High-Vol,8h,15,0.001731116471861564,0.0012815327986253067,0.004446013297928824,0.7333333333333333,27
0,Downtrend / High-Vol,30m,43,0.00021485446075455801,0.0005433094364413193,0.004968068671662895,0.5813953488372093,28
0,Downtrend / High-Vol,1h,43,8.645934067646117e-05,0.0003229809653575444,0.006750458985199951,0.5348837209302325,28
0,Downtrend / High-Vol,2h,43,0.00022584673355846444,0.0004564732264462634,0.008631891462447869,0.5348837209302325,28
0,Downtrend / High-Vol,4h,43,0.0007032268661193234,0.0006882430576009568,0.012393055030521167,0.5348837209302325,28
0,Downtrend / High-Vol,8h,43,0.0033940032561170664,0.0020847944811208663,0.010878598509758312,0.627906976744186,28
1,Ranging / Low-Vol,30m,698,0.00013549559110499158,0.00010886220649641842,0.0019540507695491125,0.5315186246418339,28
1,Ranging / Low-Vol,1h,697,0.0003094548278947533,8.984425608815627e-05,0.0032252659091281254,0.5251076040172167,28
1,Ranging / Low-Vol,2h,696,0.0005640717121197635,0.0002083957078395926,0.004490424246352878,0.5416666666666666,28
1,Ranging / Low-Vol,4h,695,0.0007660854128233634,0.00042263241185125366,0.0056969449317310905,0.5597122302158274,28
1,Ranging / Low-Vol,8h,692,0.0019697918592779234,0.000491423496735699,0.00924144285962698,0.5563583815028902,28
2,Ranging / Low-Vol,30m,645,0.00015858934864232518,7.853650412670277e-05,0.0022110477656317935,0.5255813953488372,28
2,Ranging / Low-Vol,1h,645,0.00028441367773169245,0.0001324533978657172,0.0028138561178087055,0.524031007751938,28
2,Ranging / Low-Vol,2h,644,0.0005450510352909771,0.0002072828750900868,0.003999311109342676,0.532608695652174,28
2,Ranging / Low-Vol,4h,644,0.0013319880767070113,0.00041563707849867626,0.006236230290652608,0.5527950310559007,28
2,Ranging / Low-Vol,8h,642,0.0025488698260505475,0.0006903195163268094,0.009544775584408933,0.5654205607476636,28
4,Uptrend / High-Vol,30m,23,0.0007569762437020885,0.0013009305126452375,0.009042572388023532,0.5652173913043478,28
4,Uptrend / High-Vol,1h,23,0.0014508245495210086,0.0007781092339165241,0.012524278405974164,0.5652173913043478,28
4,Uptrend / High-Vol,2h,23,0.002112190175048451,0.0004933277971943539,0.014821579437807887,0.5217391304347826,28
4,Uptrend / High-Vol,4h,23,0.005762690274570659,0.009984501079820518,0.01967337638620182,0.5652173913043478,28
4,Uptrend / High-Vol,8h,23,-0.0031035832689259024,-0.0013934488283755542,0.024418086791158044,0.4782608695652174,28
5,Uptrend / Mid-Vol,30m,78,-7.879068127103768e-05,-0.0010017475196715253,0.0056578107202996655,0.38461538461538464,28
5,Uptrend / Mid-Vol,1h,78,-5.092928938044139e-05,-0.0010219575286871674,0.007287355596296813,0.3717948717948718,28
5,Uptrend / Mid-Vol,2h,78,0.0008292873740831197,-0.0010624581378859688,0.010461331005231467,0.4358974358974359,28
5,Uptrend / Mid-Vol,4h,75,0.002522732324596717,-0.00044919614660088314,0.013340833922666082,0.4266666666666667,28
5,Uptrend / Mid-Vol,8h,72,0.004966657782873357,0.0023681810962932204,0.020254801010927317,0.5694444444444444,28
0,Uptrend / High-Vol,30m,13,-0.0020310283914143613,-0.0012528713269670533,0.004229573093606767,0.38461538461538464,29
0,Uptrend / High-Vol,1h,13,-0.0030923942215761277,-0.002032290812131521,0.006202253577738361,0.3076923076923077,29
0,Uptrend / High-Vol,2h,13,-0.003956632891291343,-0.003922525114655073,0.0061042901654514425,0.3076923076923077,29
0,Uptrend / High-Vol,4h,13,-0.007024218859948716,-0.004294344504405245,0.007594595934584389,0.07692307692307693,29
0,Uptrend / High-Vol,8h,13,-0.007789281632696406,-0.006318585572573809,0.006297002447192449,0.07692307692307693,29
1,Ranging / Low-Vol,30m,664,7.84616643438927e-05,5.9663957691746816e-05,0.0031043665068534684,0.5105421686746988,29
1,Ranging / Low-Vol,1h,664,3.866828240475962e-05,-7.091794214808544e-05,0.004083317894012255,0.4819277108433735,29
1,Ranging / Low-Vol,2h,663,-0.00019290192890048408,-0.00010619520572774377,0.005599532703913553,0.48265460030165913,29
1,Ranging / Low-Vol,4h,661,0.0002726494148395924,0.00012041107307680932,0.007853821086844561,0.5083207261724659,29
1,Ranging / Low-Vol,8h,657,0.00053199127590359,0.0005474185640732543,0.011543120697295706,0.5235920852359208,29
2,Downtrend / High-Vol,30m,11,0.00231821558343884,0.0006027336553184881,0.004457969788397316,0.6363636363636364,29
2,Downtrend / High-Vol,1h,11,0.0036356497486464564,0.004005272836282714,0.005421196261152988,0.8181818181818182,29
2,Downtrend / High-Vol,2h,11,0.005814379065813633,0.006346606514192388,0.008618959770281646,0.5454545454545454,29
2,Downtrend / High-Vol,4h,11,0.0017721646774914875,0.004794912838420373,0.016608128006695626,0.5454545454545454,29
2,Downtrend / High-Vol,8h,11,-0.006394722767742455,-0.013906165505847667,0.01586434684096626,0.2727272727272727,29
3,Uptrend / Mid-Vol,30m,95,-0.00040747600544003225,-0.00013846771647330058,0.007824611350282543,0.4842105263157895,29
3,Uptrend / Mid-Vol,1h,95,-0.000992837385421627,-0.00025140054013661484,0.010801550988317886,0.45263157894736844,29
3,Uptrend / Mid-Vol,2h,95,-0.0015616293074111696,-0.00011517974499675177,0.013604536929952435,0.49473684210526314,29
3,Uptrend / Mid-Vol,4h,95,-0.0033383117321845947,-0.0005056898644468788,0.014647363588916395,0.45263157894736844,29
3,Uptrend / Mid-Vol,8h,95,-0.005608553160302308,-0.002158047075141667,0.0191712167594688,0.4105263157894737,29
4,Downtrend / High-Vol,30m,95,0.00011333113441099242,0.0001124289281726476,0.004596437175745671,0.5052631578947369,29
4,Downtrend / High-Vol,1h,95,0.0004922803887244654,0.0008071844201502643,0.006011469865419755,0.5684210526315789,29
4,Downtrend / High-Vol,2h,95,0.0008503217949422075,0.0013685388277195898,0.007951212877291025,0.5789473684210527,29
4,Downtrend / High-Vol,4h,95,-0.00029867663682729153,0.0022495377041078513,0.009707456192632379,0.5894736842105263,29
4,Downtrend / High-Vol,8h,95,0.0017345157948384432,0.0023925646892699604,0.010217869301421722,0.631578947368421,29
5,Ranging / Low-Vol,30m,609,1.6495048146419862e-05,-0.00010271128080141523,0.0030765984296354503,0.48440065681444994,29
5,Ranging / Low-Vol,1h,608,0.00015299102578340463,7.78922840805052e-06,0.00431170401304187,0.5016447368421053,29
5,Ranging / Low-Vol,2h,607,0.0005291425715768719,0.000399911230111627,0.006003575964671585,0.5403624382207578,29
5,Ranging / Low-Vol,4h,605,0.0008035352600808257,0.000497444080977516,0.008874337166954387,0.5322314049586777,29
5,Ranging / Low-Vol,8h,601,0.0009124395624196723,0.0006121327288024503,0.012416802231950193,0.5341098169717138,29
0,Uptrend / Mid-Vol,30m,103,-0.0001798439881104375,-0.0007994920451874776,0.0032602045468979853,0.44660194174757284,30
0,Uptrend / Mid-Vol,1h,103,-0.00020565510454178068,-0.0013408284201581466,0.00438118964936102,0.39805825242718446,30
0,Uptrend / Mid-Vol,2h,103,-0.0006951982518547236,-0.0008857127602652781,0.00513169419482835,0.42718446601941745,30
0,Uptrend / Mid-Vol,4h,103,-0.0026000145196626184,-0.0023630660729025976,0.00785542661847917,0.32038834951456313,30
0,Uptrend / Mid-Vol,8h,103,-0.0022335383883694796,-0.002964608560706239,0.010206743396755672,0.39805825242718446,30
1,Ranging / Low-Vol,30m,629,6.304400121131942e-06,2.462081742926614e-05,0.0027654385581922227,0.505564387917329,30
1,Ranging / Low-Vol,1h,629,-2.9912304097663833e-05,0.00024364265190968126,0.004171615451666597,0.5325914149443561,30
1,Ranging / Low-Vol,2h,628,-8.00869216469708e-05,0.00032572734821645355,0.006780762525499704,0.5302547770700637,30
1,Ranging / Low-Vol,4h,624,-0.0002819281620962108,0.0005193584165761322,0.009804990233719056,0.5416666666666666,30
1,Ranging / Low-Vol,8h,619,-0.0005077422621179121,0.0015343218300554184,0.013552754311801302,0.568659127625202,30
2,Downtrend / High-Vol,30m,9,0.0017915236818792676,0.002229800533521953,0.006317480520935379,0.6666666666666666,30
2,Downtrend / High-Vol,1h,9,0.004210645608194162,0.003512909553132104,0.00736062823033665,0.6666666666666666,30
2,Downtrend / High-Vol,2h,9,-0.0005330540256301851,0.0026750571178411064,0.011974562262305685,0.5555555555555556,30
2,Downtrend / High-Vol,4h,9,-0.0027813552590703556,-0.001183294125421952,0.013607141416370207,0.3333333333333333,30
2,Downtrend / High-Vol,8h,9,0.003140853476009219,0.005548693307124708,0.012408251538001824,0.5555555555555556,30
3,Uptrend / High-Vol,30m,23,0.00020002807772696198,-0.0005133374289165715,0.0049073077505400395,0.43478260869565216,30
3,Uptrend / High-Vol,1h,23,0.0005090925393361707,-0.0001168412851093592,0.005738404464709528,0.4782608695652174,30
3,Uptrend / High-Vol,2h,23,5.013902478762341e-05,-0.0009810567659265246,0.009073871582072362,0.4782608695652174,30
3,Uptrend / High-Vol,4h,23,-0.004304336126018959,-0.005214849795720511,0.015816018290996683,0.34782608695652173,30
3,Uptrend / High-Vol,8h,23,-0.0039317396237549315,0.0006658634428919896,0.011541007234105071,0.5217391304347826,30
4,Downtrend / High-Vol,30m,129,-0.0007238409040274715,-6.448044880613679e-05,0.0074512264392064985,0.49612403100775193,30
4,Downtrend / High-Vol,1h,129,-0.0013070876858481436,-0.0003672590044256907,0.009363174483429446,0.46511627906976744,30
4,Downtrend / High-Vol,2h,129,-0.0008625816016365559,-0.00020922508336340684,0.010575797535812531,0.49612403100775193,30
4,Downtrend / High-Vol,4h,129,-0.00031724838241155886,0.0011623677078418382,0.014850493442341111,0.5426356589147286,30
4,Downtrend / High-Vol,8h,129,-0.0032928435311193973,0.0009163839202397384,0.01805789805127709,0.5271317829457365,30
5,Ranging / Low-Vol,30m,546,2.7997135392293832e-05,0.0001795960786514783,0.0035997154511886757,0.5274725274725275,30
5,Ranging / Low-Vol,1h,545,1.9515788678913124e-05,-0.00011794691296707072,0.004724233762611717,0.48990825688073397,30
5,Ranging / Low-Vol,2h,544,-0.00012711974486337267,0.00017856356854473177,0.006500829315582187,0.5330882352941176,30
5,Ranging / Low-Vol,4h,544,-6.127380035086949e-05,0.0005144861469004169,0.008739871313783369,0.5165441176470589,30
5,Ranging / Low-Vol,8h,541,-0.0006624359320538823,0.001244918765131331,0.013456717632992093,0.5452865064695009,30
0,Ranging / Low-Vol,30m,589,0.0001494777213626117,9.166402957205833e-05,0.0027095373453045984,0.5195246179966044,31
0,Ranging / Low-Vol,1h,588,0.00020152632910861704,0.00021591051886193924,0.0038527082112507784,0.5425170068027211,31
0,Ranging / Low-Vol,2h,586,0.0006324389188494623,0.0004279537984697157,0.005763898478206923,0.5631399317406144,31
0,Ranging / Low-Vol,4h,584,0.001446377422542489,0.0009626019481894232,0.00871646845809665,0.589041095890411,31
0,Ranging / Low-Vol,8h,580,0.0026894789786059223,0.0016867618798626083,0.011982364105850808,0.6189655172413793,31
1,Downtrend / High-Vol,30m,81,-8.401073652722048e-05,0.0003344283277417759,0.004149958876040393,0.5432098765432098,31
1,Downtrend / High-Vol,1h,81,-1.6039952628025773e-05,0.00038443508355001654,0.005519007247258778,0.5061728395061729,31
1,Downtrend / High-Vol,2h,81,0.0006802259554406546,0.001348483825509561,0.007563091880685167,0.5555555555555556,31
1,Downtrend / High-Vol,4h,81,0.002019514185282337,0.0018964829862415655,0.00840859141854687,0.654320987654321,31
1,Downtrend / High-Vol,8h,81,0.00570286136564528,0.004110027424712115,0.010748962906525094,0.7777777777777778,31
2,Uptrend / Mid-Vol,30m,119,0.0005536693719380419,-0.0003445138055369057,0.00509154794011562,0.453781512605042,31
2,Uptrend / Mid-Vol,1h,119,0.0005495934129078507,6.0908851438057354e-06,0.0070326396479116135,0.5042016806722689,31
2,Uptrend / Mid-Vol,2h,119,0.00019709461588042918,-0.0006467062932440371,0.009365436256332656,0.44537815126050423,31
2,Uptrend / Mid-Vol,4h,119,0.0004225763928834437,-0.0005405783216314575,0.012092449370064881,0.47058823529411764,31
2,Uptrend / Mid-Vol,8h,119,0.0011235306360449547,-1.2851606173924779e-05,0.014005068767374269,0.4957983193277311,31
3,Ranging / Low-Vol,30m,674,0.00017441161934617582,0.0001328998705609763,0.0029008239544812717,0.5237388724035609,31
3,Ranging / Low-Vol,1h,674,0.0004747847120101932,0.000380555986034814,0.004062047324998217,0.5623145400593472,31
3,Ranging / Low-Vol,2h,674,0.0008019646818577947,0.0007133765383722235,0.00573164118809723,0.5816023738872403,31
3,Ranging / Low-Vol,4h,672,0.0014366418822058195,0.0011350603122304292,0.008141013211534584,0.6101190476190477,31
3,Ranging / Low-Vol,8h,668,0.0026235384781547718,0.002010979904365051,0.011642395549080038,0.6452095808383234,31
4,Downtrend / High-Vol,30m,2,0.0003549627204719741,0.0003549627204719741,0.00510854680508821,0.5,31
4,Downtrend / High-Vol,1h,2,0.005184485002780015,0.005184485002780015,0.004474559561836067,1.0,31
4,Downtrend / High-Vol,2h,2,0.004296514343639757,0.004296514343639757,0.000927296018785384,1.0,31
4,Downtrend / High-Vol,4h,2,-0.005315545607295746,-0.005315545607295746,0.0003977382103883542,0.0,31
4,Downtrend / High-Vol,8h,2,-0.003228691659913352,-0.003228691659913352,0.0009249610038200018,0.0,31
5,Uptrend / High-Vol,30m,22,-0.0009399753510045305,-2.9161839688818247e-05,0.007325417017279899,0.5,31
5,Uptrend / High-Vol,1h,22,-0.0010448529904741573,-5.20249066227052e-05,0.009082080704821643,0.5,31
5,Uptrend / High-Vol,2h,22,-0.0006138339106178266,0.0004690993598295279,0.007978921260978062,0.5454545454545454,31
5,Uptrend / High-Vol,4h,22,-0.0019530082829068783,-0.0008198020786789328,0.008591275237261218,0.4090909090909091,31
5,Uptrend / High-Vol,8h,22,2.6321769412812106e-05,-0.001514205768888388,0.01272605725299731,0.45454545454545453,31
0,Uptrend / High-Vol,30m,84,-0.0005022825771581408,-0.0017976403233159743,0.008063264236145543,0.4523809523809524,32
0,Uptrend / High-Vol,1h,84,-0.0015489652629959029,-0.0008053093239483999,0.010568912382269497,0.4642857142857143,32
0,Uptrend / High-Vol,2h,84,-0.0035846590458134464,-0.00039108397196496725,0.01362551772060227,0.4880952380952381,32
0,Uptrend / High-Vol,4h,83,-0.004126584498081,-0.003888869292895336,0.017097991631758437,0.40963855421686746,32
0,Uptrend / High-Vol,8h,80,-0.003944782661189872,-0.003065973148909329,0.01718792452388189,0.4375,32
1,Ranging / Low-Vol,30m,466,0.0003694431757107472,0.0002597819663305856,0.004064014146425627,0.51931330472103,32
1,Ranging / Low-Vol,1h,465,0.0007843823733788208,0.00047325197539827,0.0057133091021630425,0.5505376344086022,32
1,Ranging / Low-Vol,2h,464,0.0013275725896464763,0.0014430454751801491,0.008727975047741818,0.5689655172413793,32
1,Ranging / Low-Vol,4h,463,0.001492748461368664,0.0012843263702606578,0.012366944634864733,0.5550755939524838,32
1,Ranging / Low-Vol,8h,461,0.0034272022311416135,0.0029429221851025034,0.01903770853307241,0.5770065075921909,32
2,Ranging / Low-Vol,30m,372,0.00023997140180110027,0.0005030551369129554,0.00400889115744052,0.5456989247311828,32
2,Ranging / Low-Vol,1h,372,0.0005397426794042529,0.0004888848697861548,0.00561753397974364,0.5376344086021505,32
2,Ranging / Low-Vol,2h,370,0.0010492218810957724,0.0008917218913326863,0.007884801523035289,0.5513513513513514,32
2,Ranging / Low-Vol,4h,370,0.0020087080901864617,0.0014914211798613408,0.010802100527300393,0.5567567567567567,32
2,Ranging / Low-Vol,8h,368,0.003977291715714491,0.0038453184397031492,0.017943023522870184,0.6114130434782609,32
3,Uptrend / Mid-Vol,30m,268,0.00039996280171091653,0.0003136739513340814,0.004671391210711008,0.5298507462686567,32
3,Uptrend / Mid-Vol,1h,267,0.0006036030058243518,3.264718058382243e-05,0.00631008070120518,0.50187265917603,32
3,Uptrend / Mid-Vol,2h,266,0.0013772509206767445,0.0003456083758841544,0.0091305488435468,0.5263157894736842,32
3,Uptrend / Mid-Vol,4h,260,0.0038872079840322578,0.0020002757879655775,0.011960150709121575,0.5923076923076923,32
3,Uptrend / Mid-Vol,8h,256,0.005531472118790695,0.004204143132050753,0.017046939043732372,0.5625,32
4,Downtrend / High-Vol,30m,196,-0.0001007334659351014,0.0003707167280309065,0.006846115988782428,0.5153061224489796,32
4,Downtrend / High-Vol,1h,196,-4.0914003422243956e-05,0.00135279159283197,0.010210623003140063,0.5867346938775511,32
4,Downtrend / High-Vol,2h,196,7.916902878702517e-05,0.0034341699442475004,0.013196781673444229,0.6326530612244898,32
4,Downtrend / High-Vol,4h,196,0.00150698229229562,0.003387799736906061,0.01592015545077665,0.6122448979591837,32
4,Downtrend / High-Vol,8h,196,0.0029885563891690545,0.005897346081872534,0.020906051651397684,0.6122448979591837,32
5,Downtrend / High-Vol,30m,27,0.0004221263123699838,-0.0009938405284461993,0.011747662974630759,0.4444444444444444,32
5,Downtrend / High-Vol,1h,27,0.0018661965005983415,0.0024957494140256387,0.015282131906747546,0.5925925925925926,32
5,Downtrend / High-Vol,2h,27,0.0058657588423204135,0.00485772220292624,0.01911036718325771,0.7037037037037037,32
5,Downtrend / High-Vol,4h,27,0.0019689681406992086,0.0118649866454561,0.030389710659533997,0.5185185185185185,32
5,Downtrend / High-Vol,8h,27,-0.00121607526991583,-0.005474969475484315,0.031927216789127966,0.4444444444444444,32
0,Downtrend / High-Vol,30m,216,0.0002523889343458831,0.0009636908330037386,0.007244117342301393,0.5787037037037037,33
0,Downtrend / High-Vol,1h,216,0.0006715820280078036,0.0015735855265024412,0.009788905614976045,0.5879629629629629,33
0,Downtrend / High-Vol,2h,216,0.0017655174855449915,0.0023324031070268703,0.011510439074961656,0.6203703703703703,33
0,Downtrend / High-Vol,4h,216,0.0037714691249042913,0.0045149000692426,0.013748659363000437,0.625,33
0,Downtrend / High-Vol,8h,211,0.008113141725706567,0.009202288766925193,0.015156949667282472,0.7630331753554502,33
1,Ranging / Low-Vol,30m,450,5.767932921315832e-05,0.0001152759774276646,0.004060336417625024,0.5177777777777778,33
1,Ranging / Low-Vol,1h,449,0.00027954316368191843,0.0004380113309299105,0.005766982829452515,0.5501113585746102,33
1,Ranging / Low-Vol,2h,446,0.0004160745955500158,0.0008574486486798705,0.00811799576718311,0.5515695067264574,33
1,Ranging / Low-Vol,4h,445,0.0008030077391185674,0.0010298444225149694,0.011688634460604494,0.550561797752809,33
1,Ranging / Low-Vol,8h,439,0.0022247493533104337,0.0026773317131461027,0.01658335826368971,0.5740318906605922,33
2,Ranging / Low-Vol,30m,367,0.0002766043435753963,-7.315828009168968e-05,0.003930889816716481,0.49318801089918257,33
2,Ranging / Low-Vol,1h,366,0.0003579984254937009,0.00035990865149848617,0.005854177797703388,0.5327868852459017,33
2,Ranging / Low-Vol,2h,366,0.0008049936265037039,0.000979887070408303,0.008583205217740409,0.5573770491803278,33
2,Ranging / Low-Vol,4h,366,0.0010702743149784157,0.0018822348115223875,0.013757201108353571,0.5846994535519126,33
2,Ranging / Low-Vol,8h,361,0.004145590285363143,0.0033736622222626522,0.01790460661375921,0.5761772853185596,33
3,Downtrend / High-Vol,30m,22,0.0020849922762921384,0.0021350789478074006,0.011757720170072553,0.6363636363636364,33
3,Downtrend / High-Vol,1h,21,0.007178898562130546,0.009780463383318505,0.01261062094047557,0.7619047619047619,33
3,Downtrend / High-Vol,2h,19,0.006011999343736313,0.0015650660405270855,0.01630176072720866,0.5263157894736842,33
3,Downtrend / High-Vol,4h,15,0.006619599091541654,0.0017223037718441248,0.018535239464480074,0.6,33
3,Downtrend / High-Vol,8h,15,0.004035048350864183,0.012803662186307463,0.024371288865648575,0.6,33
4,Uptrend / High-Vol,30m,144,-1.7008913260803855e-05,0.0005218344099180428,0.007181664229322524,0.5347222222222222,33
4,Uptrend / High-Vol,1h,144,-0.00046071933293588704,-3.296254313500668e-05,0.010472499142945383,0.4930555555555556,33
4,Uptrend / High-Vol,2h,144,-0.000227052294456076,-0.0004362454078705724,0.0128257475010427,0.4791666666666667,33
4,Uptrend / High-Vol,4h,144,0.0021934417472820756,0.0016531100805181609,0.015637014257174345,0.5486111111111112,33
4,Uptrend / High-Vol,8h,141,0.0031101810587654774,-0.0020460268687241268,0.025725739952311342,0.46099290780141844,33
5,Uptrend / Mid-Vol,30m,230,0.0006153560325106302,-0.00012082497964627237,0.005909763814054345,0.49130434782608695,33
5,Uptrend / Mid-Vol,1h,230,0.0010799110966868992,0.00021642782309783115,0.008573953335832177,0.5173913043478261,33
5,Uptrend / Mid-Vol,2h,229,0.0021812140884336197,0.0005956215070792581,0.01295577287312817,0.5240174672489083,33
5,Uptrend / Mid-Vol,4h,222,0.004319899249188878,0.0012776955354745212,0.01633109255730801,0.5495495495495496,33
5,Uptrend / Mid-Vol,8h,217,0.006062600849969868,0.0019379249359463557,0.023099569737977613,0.5622119815668203,33
0,Downtrend / High-Vol,30m,403,-0.00010123364319534437,0.0002606146984689417,0.011175296703630003,0.5037220843672456,34
0,Downtrend / High-Vol,1h,403,7.427175536689948e-05,0.0013972689372092617,0.016261693057389642,0.543424317617866,34
0,Downtrend / High-Vol,2h,403,0.0006171705644292508,0.0018012857868594523,0.021991243559639346,0.5409429280397022,34
0,Downtrend / High-Vol,4h,400,0.0009665105754792958,0.0013815955649514322,0.029499731865505596,0.5125,34
0,Downtrend / High-Vol,8h,392,-0.00018575553278629074,-0.0021965367059975094,0.03752449776389041,0.47959183673469385,34
1,Uptrend / Mid-Vol,30m,82,0.0012939994034060155,6.493136095375718e-05,0.008461098621382718,0.5,34
1,Uptrend / Mid-Vol,1h,81,0.001553900231802407,0.00020558902758693876,0.010289466666334002,0.5061728395061729,34
1,Uptrend / Mid-Vol,2h,80,0.0026990259364853665,0.0019403986753676605,0.014212272428497527,0.55,34
1,Uptrend / Mid-Vol,4h,80,0.0024729160894371603,0.0010630293697850846,0.021661669051851747,0.55,34
1,Uptrend / Mid-Vol,8h,80,0.008948769980465343,0.004413694672887658,0.03111986984309041,0.6,34
2,Ranging / Low-Vol,30m,123,0.00024544539096498034,-8.617222530205026e-06,0.006483312595181067,0.4959349593495935,34
2,Ranging / Low-Vol,1h,123,-0.0004963330526177318,-0.00017913439552152965,0.009471446990772693,0.4796747967479675,34
2,Ranging / Low-Vol,2h,123,-0.00011519600202615104,-0.000900436363155066,0.014578150013073297,0.4634146341463415,34
2,Ranging / Low-Vol,4h,122,0.0005068075153914953,0.0005995267555869432,0.019906071704593048,0.5081967213114754,34
2,Ranging / Low-Vol,8h,122,-0.0023568700047046855,-0.0008019227862892109,0.03099169735625445,0.5,34
3,Downtrend / High-Vol,30m,224,0.0002812464984543937,0.0014577453104971383,0.016843426795186883,0.5357142857142857,34
3,Downtrend / High-Vol,1h,224,0.0005630285891380292,0.002350800021493349,0.02207406462562171,0.5446428571428571,34
3,Downtrend / High-Vol,2h,224,0.00044183846526381555,0.0026642730299393236,0.02905098683498425,0.5357142857142857,34
3,Downtrend / High-Vol,4h,224,-4.409984400578175e-05,0.0028561906516495483,0.03779656417917685,0.5267857142857143,34
3,Downtrend / High-Vol,8h,224,-0.0024066187370525094,0.0035532160898936738,0.05079363409294499,0.5223214285714286,34
4,Uptrend / High-Vol,30m,572,0.00021351431932871743,-0.0001922734406250015,0.008694921791769334,0.486013986013986,34
4,Uptrend / High-Vol,1h,572,0.00010433986511176458,-0.0005783622221029461,0.012567551099802777,0.4807692307692308,34
4,Uptrend / High-Vol,2h,571,-2.2713695020844874e-06,5.5788518796617836e-05,0.017914491092836528,0.500875656742557,34
4,Uptrend / High-Vol,4h,571,0.0006048094934309952,-0.00045232306916531684,0.02667725718778301,0.4921190893169877,34
4,Uptrend / High-Vol,8h,571,0.0038056454860950686,0.0020626320632661788,0.034848581699330465,0.532399299474606,34
5,Ranging / Low-Vol,30m,83,-0.0017223525417636117,-0.0013061004438892354,0.006642420465265308,0.43373493975903615,34
5,Ranging / Low-Vol,1h,83,-0.00011725626673772894,-0.0009245079198230144,0.010665989692895417,0.43373493975903615,34
5,Ranging / Low-Vol,2h,83,-0.0006036920289678225,-0.0011132746939637173,0.015283997341919056,0.4457831325301205,34
5,Ranging / Low-Vol,4h,83,-0.0003885760625008565,-0.0005934876712334614,0.02100670384878518,0.4939759036144578,34
5,Ranging / Low-Vol,8h,83,-0.001530695836215391,-0.0011133844285495798,0.03243535753517716,0.46987951807228917,34
0,Uptrend / Mid-Vol,30m,226,0.0006122168249835449,-0.0005298539636831023,0.005608364693519839,0.47345132743362833,35
0,Uptrend / Mid-Vol,1h,226,0.0011996126449135645,7.145467668401295e-05,0.009461217846062152,0.5088495575221239,35
0,Uptrend / Mid-Vol,2h,226,0.0018380063837454815,-0.0002697096235326768,0.014822890780740144,0.49557522123893805,35
0,Uptrend / Mid-Vol,4h,226,0.0011493971157731323,0.0001758581291673167,0.018169985471642246,0.504424778761062,35
0,Uptrend / Mid-Vol,8h,226,0.006468728586226376,0.004506715675099748,0.02759987329933713,0.5486725663716814,35
1,Ranging / Low-Vol,30m,241,0.00031061808893311437,5.279408386016371e-05,0.005419705561206739,0.5062240663900415,35
1,Ranging / Low-Vol,1h,241,0.00034248777257069474,0.0005295446293622774,0.007931082157787027,0.5145228215767634,35
1,Ranging / Low-Vol,2h,241,0.0007663004086351905,0.0010109361002452744,0.01226240366708184,0.5477178423236515,35
1,Ranging / Low-Vol,4h,240,0.003276428392779662,0.0025844680423441346,0.019128744264029496,0.5708333333333333,35
1,Ranging / Low-Vol,8h,238,0.004230321645726123,0.0026823210374633533,0.02469717386182433,0.5588235294117647,35
2,Downtrend / High-Vol,30m,96,0.001366214045033028,0.0014705741286320517,0.015173474956409394,0.5729166666666666,35
2,Downtrend / High-Vol,1h,96,0.002244351842655775,0.002132345835963889,0.019224945327696887,0.5416666666666666,35
2,Downtrend / High-Vol,2h,96,0.003639656958588644,0.0029951740201337174,0.02294030066800276,0.5416666666666666,35
2,Downtrend / High-Vol,4h,96,0.006186527725745461,0.006512154919289692,0.03140917113882781,0.6666666666666666,35
2,Downtrend / High-Vol,8h,96,0.016405489487909725,0.011977853504004266,0.03602090844638189,0.6458333333333334,35
3,Uptrend / High-Vol,30m,254,-0.00016286728694916834,-0.0004917529495092055,0.008231991127381287,0.47244094488188976,35
3,Uptrend / High-Vol,1h,253,-0.0002992585477511348,6.703328458890212e-05,0.010759362895816109,0.5059288537549407,35
3,Uptrend / High-Vol,2h,251,-0.0008779598163580747,-0.00045305226638880924,0.014765241471514494,0.4900398406374502,35
3,Uptrend / High-Vol,4h,247,-0.0033885353548216627,-0.0009724649841871269,0.01957004417179507,0.46558704453441296,35
3,Uptrend / High-Vol,8h,245,-0.0053737804874188265,-0.005130935818575821,0.028359349881930552,0.40408163265306124,35
4,Downtrend / High-Vol,30m,306,-0.00035540643637596445,0.00103018385454412,0.008213526447485305,0.5751633986928104,35
4,Downtrend / High-Vol,1h,305,-0.00041648396277004104,0.001293521151582766,0.011295828556753719,0.5508196721311476,35
4,Downtrend / High-Vol,2h,303,1.602070638167407e-05,0.0006401907677098251,0.015568453212748171,0.528052805280528,35
4,Downtrend / High-Vol,4h,303,0.001255476971603528,0.004118843104313541,0.022051528335443715,0.5742574257425742,35
4,Downtrend / High-Vol,8h,291,-0.0003816705012077514,0.0054506551228055145,0.029742422647905612,0.5979381443298969,35
5,Ranging / Low-Vol,30m,191,0.00037369998063494864,-0.0001318623319797041,0.008431888948155546,0.47643979057591623,35
5,Ranging / Low-Vol,1h,191,0.0008711394005908599,0.0008224573871888907,0.011077730682883159,0.5340314136125655,35
5,Ranging / Low-Vol,2h,191,0.0014383434444983747,0.0012537634538940523,0.01332767224338893,0.5549738219895288,35
5,Ranging / Low-Vol,4h,188,0.0038449637535725653,0.0018529304340288988,0.02064089436477866,0.5531914893617021,35
5,Ranging / Low-Vol,8h,188,0.004807172653655133,0.006504477906291939,0.026181001033051904,0.6117021276595744,35
0,Downtrend / High-Vol,30m,254,0.00016973902206959625,0.0007886807602908164,0.007021683513844339,0.5590551181102362,36
0,Downtrend / High-Vol,1h,254,0.0004768067805126097,0.0019620898581562685,0.009346424510498238,0.6023622047244095,36
0,Downtrend / High-Vol,2h,254,0.0016182689517426725,0.00306706402626844,0.01246815858326204,0.6299212598425197,36
0,Downtrend / High-Vol,4h,253,0.002360271436252939,0.004094018799868593,0.017288043975230847,0.6086956521739131,36
0,Downtrend / High-Vol,8h,252,0.002834036198846153,0.004539506091115086,0.02238815211906375,0.5595238095238095,36
1,Ranging / Low-Vol,30m,485,0.000325334363825709,0.0005367068535608865,0.005228228295083616,0.554639175257732,36
1,Ranging / Low-Vol,1h,485,0.0005437679715363612,0.0008198365029983279,0.0077373100218333735,0.5402061855670103,36
1,Ranging / Low-Vol,2h,483,0.0006644445912164913,0.0008013963021262782,0.011400683996152397,0.5341614906832298,36
1,Ranging / Low-Vol,4h,478,0.001350890585212462,0.0008130227209210972,0.01578892735117715,0.5334728033472803,36
1,Ranging / Low-Vol,8h,474,0.002810513864238162,0.0015454562137797723,0.02291994521997248,0.5421940928270043,36
3,Ranging / Low-Vol,30m,433,-2.014841985787856e-05,0.00018766805942860287,0.005673472428953487,0.5127020785219399,36
3,Ranging / Low-Vol,1h,431,0.00010775793420914806,0.0003517023553278875,0.007833758245492923,0.5197215777262181,36
3,Ranging / Low-Vol,2h,429,0.0004271117282509838,-0.00028331060677722064,0.011132041030605364,0.48951048951048953,36
3,Ranging / Low-Vol,4h,427,0.0015171053271055858,0.000740839676563354,0.016829636862034265,0.5199063231850117,36
3,Ranging / Low-Vol,8h,424,0.0038206840624513813,0.0022510241490518723,0.0248424595051936,0.5448113207547169,36
4,Uptrend / High-Vol,30m,279,0.00018512832074001854,0.0002608557929981714,0.006339746343214525,0.5161290322580645,36
4,Uptrend / High-Vol,1h,279,0.0002566023324942359,5.441166801212205e-05,0.008647108285885056,0.5053763440860215,36
4,Uptrend / High-Vol,2h,279,0.00039521096298183355,0.0014984093460324033,0.012199325701481622,0.5555555555555556,36
4,Uptrend / High-Vol,4h,279,0.00032259434813645857,-5.6917631139796754e-05,0.01619256507463023,0.4982078853046595,36
4,Uptrend / High-Vol,8h,271,0.0014736909324349356,0.0014244124001052683,0.021781922017090383,0.5239852398523985,36
5,Ranging / High-Vol,30m,9,0.002125455210541737,0.0035607925695835263,0.0034267081817293647,0.6666666666666666,36
5,Ranging / High-Vol,1h,9,0.003250890367031979,0.003040818545045454,0.0038142548225663323,0.7777777777777778,36
5,Ranging / High-Vol,2h,9,0.0041592406271535355,0.005149549000508458,0.004737630770000849,0.8888888888888888,36
5,Ranging / High-Vol,4h,9,0.008924279132571655,0.01141735759217255,0.008445024968652435,0.7777777777777778,36
5,Ranging / High-Vol,8h,9,0.004980901556550658,0.008367637368804637,0.009111409785004996,0.7777777777777778,36
0,Uptrend / Mid-Vol,30m,143,-0.0001505088151093664,-0.00014080437996888406,0.004864438705566378,0.4825174825174825,37
0,Uptrend / Mid-Vol,1h,142,-0.00026262463825486686,-0.0005921044118526453,0.006633280959620777,0.43661971830985913,37
0,Uptrend / Mid-Vol,2h,140,-0.0008130689772316759,-0.0012610461601223477,0.00911160377810094,0.4357142857142857,37
0,Uptrend / Mid-Vol,4h,140,-0.0025850712244908664,-0.0029776430457628678,0.011216684807470526,0.4,37
0,Uptrend / Mid-Vol,8h,130,-0.004756313452257889,-0.0034020410431878645,0.016814650921254885,0.3769230769230769,37
1,Uptrend / High-Vol,30m,107,0.0007727812303728528,0.0011552305026842902,0.0068116916968646345,0.5981308411214953,37
1,Uptrend / High-Vol,1h,107,0.0017996066625780571,0.001521155429401233,0.00957803207795426,0.5607476635514018,37
1,Uptrend / High-Vol,2h,107,0.003199060202417703,0.003165556998210306,0.012977086425288945,0.6728971962616822,37
1,Uptrend / High-Vol,4h,107,0.0036983333185770548,0.003078576531335031,0.01658107533584562,0.6448598130841121,37
1,Uptrend / High-Vol,8h,103,0.007382259686255655,0.011984007493925475,0.023918616526675436,0.6601941747572816,37
2,Downtrend / High-Vol,30m,24,0.0023167130302549723,0.004090724218261066,0.009671618931935284,0.625,37
2,Downtrend / High-Vol,1h,24,0.0038360000761233546,0.0033878667023499176,0.011562901515209306,0.75,37
2,Downtrend / High-Vol,2h,24,0.005380164954944089,0.009604201829464643,0.016425398424968048,0.6666666666666666,37
2,Downtrend / High-Vol,4h,24,0.009603813239701905,0.002989619841527791,0.03077507106356303,0.5833333333333334,37
2,Downtrend / High-Vol,8h,24,0.011617760531276833,-0.00017653316917254358,0.03682461884300909,0.5,37
3,Ranging / Low-Vol,30m,408,-0.00016054830679569125,-3.835289220610605e-05,0.004375191224835245,0.4950980392156863,37
3,Ranging / Low-Vol,1h,408,-0.0001731410644815865,-0.00018633341091600641,0.005608476256560336,0.47549019607843135,37
3,Ranging / Low-Vol,2h,407,6.608669563677587e-05,-0.00030081970037798555,0.007951813349139452,0.48157248157248156,37
3,Ranging / Low-Vol,4h,403,0.0005575738156713224,0.0004466919400556435,0.012252641252684491,0.5186104218362283,37
3,Ranging / Low-Vol,8h,399,0.000458400185347871,0.001340479251139115,0.01834414643817422,0.5488721804511278,37
4,Downtrend / High-Vol,30m,199,-0.00034580427797947734,0.0005285770987040195,0.007548402280419357,0.5326633165829145,37
4,Downtrend / High-Vol,1h,197,-0.0003805976030626751,0.0013378619078583398,0.010581601953659522,0.5583756345177665,37
4,Downtrend / High-Vol,2h,195,-0.000585412144857245,0.0022721257307622977,0.016137311408152312,0.5641025641025641,37
4,Downtrend / High-Vol,4h,194,-0.001540553739779041,0.0030187063674462777,0.02174052925797555,0.5721649484536082,37
4,Downtrend / High-Vol,8h,194,-0.00450472775421511,-0.0011472297252064223,0.02680420322017932,0.4793814432989691,37
5,Ranging / Low-Vol,30m,497,-2.6833230606146045e-05,-0.00015986160813064032,0.004088741340348212,0.48088531187122735,37
5,Ranging / Low-Vol,1h,497,-0.0002938151743301307,-4.614750291942471e-05,0.005891605993989582,0.4949698189134809,37
5,Ranging / Low-Vol,2h,496,-0.000657831594485847,-0.00024520826879204094,0.008171580069439594,0.47580645161290325,37
5,Ranging / Low-Vol,4h,489,-0.0006585995127612771,-0.0003256395282953406,0.011556939902452885,0.4785276073619632,37
5,Ranging / Low-Vol,8h,483,-0.0008676794339213351,-3.0448938638016898e-05,0.018201253180569456,0.4968944099378882,37
0,Uptrend / Mid-Vol,30m,146,-1.5207252079940213e-05,-0.0005970855434762612,0.006008510454805135,0.4589041095890411,38
0,Uptrend / Mid-Vol,1h,145,-0.0001696191682640959,-0.0010626176633543594,0.00805812406206021,0.41379310344827586,38
0,Uptrend / Mid-Vol,2h,145,-0.0007041362296696718,-0.0009793110767759572,0.01205052890896347,0.45517241379310347,38
0,Uptrend / Mid-Vol,4h,145,-0.002090214445837362,-0.0017926973956896575,0.016915793006299074,0.47586206896551725,38
0,Uptrend / Mid-Vol,8h,143,-0.0061729052133855196,-0.006666807690484333,0.02527076628208404,0.3916083916083916,38
1,Uptrend / High-Vol,30m,349,-0.0001221494577836767,-4.068745301211152e-05,0.009779622722938034,0.49570200573065903,38
1,Uptrend / High-Vol,1h,349,-0.0007119527071460194,-0.00015594374367466912,0.013963990446501227,0.4899713467048711,38
1,Uptrend / High-Vol,2h,349,-0.0019902520468909604,-0.0019739133326783787,0.02024742721774351,0.4498567335243553,38
1,Uptrend / High-Vol,4h,349,-0.004156779928152892,-0.0005467234373863761,0.030206578049797712,0.48424068767908307,38
1,Uptrend / High-Vol,8h,349,-0.004611459878183831,-0.0028510356086410837,0.03503235541635338,0.46131805157593125,38
2,Ranging / Low-Vol,30m,221,8.733549646181896e-05,1.635034751146236e-05,0.0053368180670584605,0.5067873303167421,38
2,Ranging / Low-Vol,1h,221,-0.00014769048288824018,-0.0006367677498264612,0.007413491346266658,0.45701357466063347,38
2,Ranging / Low-Vol,2h,220,-0.0005246998332586259,-0.0007214529592536323,0.010211906540148521,0.4772727272727273,38
2,Ranging / Low-Vol,4h,217,-0.0028155771093186085,-0.002248841929709755,0.01447211633783068,0.43317972350230416,38
2,Ranging / Low-Vol,8h,213,-0.004617322988977068,-0.0014580214276627146,0.023694810462148472,0.45539906103286387,38
3,Ranging / Low-Vol,30m,187,-0.0006484350919653377,-0.0003904566034726997,0.005484547106420635,0.44385026737967914,38
3,Ranging / Low-Vol,1h,187,-0.0008936878233839669,-0.0005869605875119532,0.007858367888334179,0.47593582887700536,38
3,Ranging / Low-Vol,2h,186,-0.0015493531172079053,-0.0009262783932175722,0.010716945089512125,0.44623655913978494,38
3,Ranging / Low-Vol,4h,185,-0.0038648701785490404,-0.0017681012030674736,0.017037341881558875,0.4594594594594595,38
3,Ranging / Low-Vol,8h,183,-0.005694324745042661,-0.004691314172895034,0.023106770817260692,0.3879781420765027,38
4,Downtrend / High-Vol,30m,393,-0.0008169726019060135,-0.00020290211524276458,0.008896439536313151,0.4961832061068702,38
4,Downtrend / High-Vol,1h,393,-0.001603297865601114,-0.0006055731212448734,0.012119272545658422,0.4732824427480916,38
4,Downtrend / High-Vol,2h,393,-0.0033333384233129614,-0.0011187678423834058,0.018433952751165997,0.4732824427480916,38
4,Downtrend / High-Vol,4h,393,-0.005043125102443472,-0.0027894755594584097,0.024952340758258314,0.4631043256997455,38
4,Downtrend / High-Vol,8h,393,-0.008763859353054083,-0.006954389545327899,0.034891122969415315,0.41475826972010177,38
5,Downtrend / High-Vol,30m,191,0.00012796396959754565,-8.851673829468609e-07,0.018374361984003527,0.4973821989528796,38
5,Downtrend / High-Vol,1h,191,0.0011588129740631528,0.0036788007337378303,0.024291939152688225,0.6073298429319371,38
5,Downtrend / High-Vol,2h,191,0.0037920542395390405,0.007695018937942777,0.03036167674360985,0.6178010471204188,38
5,Downtrend / High-Vol,4h,191,0.00754242164821352,0.012578162573039009,0.03902731048535521,0.612565445026178,38
5,Downtrend / High-Vol,8h,191,0.0037581109190766323,0.007351166550852994,0.04837853420197248,0.5497382198952879,38
0,Downtrend / High-Vol,30m,380,-0.0007011524278190401,0.00020644906005884422,0.008183294208138485,0.5105263157894737,39
0,Downtrend / High-Vol,1h,380,-0.0009166883134695743,-0.0003083081999450954,0.011546842650893374,0.4868421052631579,39
0,Downtrend / High-Vol,2h,380,-0.00112022724500092,0.001031311281058045,0.01568418193303724,0.5473684210526316,39
0,Downtrend / High-Vol,4h,380,-0.001230508284380053,0.00123385554671529,0.020860312121349145,0.5184210526315789,39
0,Downtrend / High-Vol,8h,378,-0.0019354663896893884,-0.0012398576218810575,0.026704567041044843,0.48412698412698413,39
1,Uptrend / Mid-Vol,30m,187,-0.00024357939115648687,-0.00044194939129305055,0.006223867312085999,0.44919786096256686,39
1,Uptrend / Mid-Vol,1h,187,-0.0009303759674852193,-0.0012900844910728182,0.009020387842380054,0.42780748663101603,39
1,Uptrend / Mid-Vol,2h,187,-0.0014510533322940223,-0.0011881914563822704,0.014865536378726047,0.44385026737967914,39
1,Uptrend / Mid-Vol,4h,186,-0.0006884456070576,-0.0005251754064206082,0.017482080540222704,0.4731182795698925,39
1,Uptrend / Mid-Vol,8h,184,0.0010881128832223802,-0.0015109279471676729,0.02706318769962302,0.4782608695652174,39
2,Ranging / Low-Vol,30m,317,-0.00020548890384192286,-0.000279065242498433,0.006086657761515528,0.47003154574132494,39
2,Ranging / Low-Vol,1h,317,-0.00021250977065320412,3.761604253682549e-05,0.008771679505640041,0.501577287066246,39
2,Ranging / Low-Vol,2h,315,-0.0008527333506106985,-0.001335589156049366,0.012346935106383718,0.4666666666666667,39
2,Ranging / Low-Vol,4h,315,-0.0021562218834103777,-0.0007854040258887807,0.018204629151987138,0.473015873015873,39
2,Ranging / Low-Vol,8h,314,-0.0035166869366876343,-0.0015259067766395518,0.02748177208834767,0.47770700636942676,39
3,Uptrend / High-Vol,30m,247,0.0007201741147810644,0.00044979999709759966,0.007218858809512825,0.5141700404858299,39
3,Uptrend / High-Vol,1h,247,0.0013426944035428111,0.0007238293453113442,0.009271550140961647,0.5263157894736842,39
3,Uptrend / High-Vol,2h,247,0.0015199096968219734,-0.00017329621658568328,0.013801045304505846,0.4898785425101215,39
3,Uptrend / High-Vol,4h,245,0.002362915963948433,0.00042364671516459396,0.020157875785411082,0.5102040816326531,39
3,Uptrend / High-Vol,8h,243,0.0020248390172880135,0.00288404343003279,0.030715727830743722,0.5308641975308642,39
4,Downtrend / High-Vol,30m,56,0.0027451008656384423,0.0009024943912550043,0.010351680870006938,0.5357142857142857,39
4,Downtrend / High-Vol,1h,56,0.0042568251501152255,0.003042158900322889,0.014864302632492431,0.6071428571428571,39
4,Downtrend / High-Vol,2h,56,0.008763608482417227,0.003724664371769215,0.021198579185016712,0.625,39
4,Downtrend / High-Vol,4h,56,0.01337554027246357,0.004841886124184569,0.031759140944851806,0.5714285714285714,39
4,Downtrend / High-Vol,8h,56,0.018021768828145213,0.010518164534880192,0.03330085148883339,0.75,39
5,Ranging / Low-Vol,30m,252,-0.00011261083866276157,-0.00015141612698776896,0.006372112849972397,0.49206349206349204,39
5,Ranging / Low-Vol,1h,251,-0.0005234559195355739,0.00017073606255024742,0.009738603634586533,0.5099601593625498,39
5,Ranging / Low-Vol,2h,251,-0.0007573550828772954,-0.0008642853712199638,0.013761662976220444,0.47808764940239046,39
5,Ranging / Low-Vol,4h,250,-0.0022686406748209363,-0.0015179660588229282,0.020037711326427475,0.444,39
5,Ranging / Low-Vol,8h,249,-0.0036714178802105956,-0.0019532392814767263,0.028264586165024808,0.4538152610441767,39
0,Downtrend / High-Vol,30m,128,-0.00026018110244592496,-9.590186218400021e-05,0.0055819244802200255,0.4921875,40
0,Downtrend / High-Vol,1h,128,-4.9378215999443253e-05,0.0003457859797588725,0.007362588097460698,0.515625,40
0,Downtrend / High-Vol,2h,128,0.00014683295513644168,0.0004129107843766633,0.008762764999741149,0.53125,40
0,Downtrend / High-Vol,4h,128,0.0002179070492084184,0.0014964148932019583,0.010168428445678557,0.5625,40
0,Downtrend / High-Vol,8h,128,0.00013669267877335078,0.0020118607465740013,0.015900704312360122,0.5546875,40
1,Ranging / High-Vol,30m,17,-0.0010928114698962206,-0.0022039378705294155,0.013650812733983258,0.35294117647058826,40
1,Ranging / High-Vol,1h,17,-0.0008758049701291401,-0.0003584386742492285,0.016738157265425657,0.47058823529411764,40
1,Ranging / High-Vol,2h,17,-0.0005523789767227782,0.001478591796354678,0.01894292957245568,0.5882352941176471,40
1,Ranging / High-Vol,4h,17,-0.002475785841018015,-0.003505774191605582,0.021117240639191345,0.47058823529411764,40
1,Ranging / High-Vol,8h,17,-0.003357281038944393,-0.000514422917904156,0.021947029737707683,0.47058823529411764,40
2,Uptrend / High-Vol,30m,139,0.0008315907131060263,0.0008140830057339343,0.006375480007567933,0.5971223021582733,40
2,Uptrend / High-Vol,1h,139,0.0013086750443611211,0.000890516800751584,0.010737047813087663,0.5755395683453237,40
2,Uptrend / High-Vol,2h,139,0.0012565831605747895,0.0018332529154729826,0.015382873113811464,0.5827338129496403,40
2,Uptrend / High-Vol,4h,139,-0.0007605340671956681,-0.0002299457773133895,0.019648742442447888,0.4892086330935252,40
2,Uptrend / High-Vol,8h,139,0.0005370166289317345,0.0013296666758524367,0.02187944582043263,0.5611510791366906,40
3,Ranging / Low-Vol,30m,561,0.00011028022936571373,2.906486412435072e-05,0.004603511281649139,0.5026737967914439,40
3,Ranging / Low-Vol,1h,561,8.311903565966377e-05,9.423851270184969e-05,0.00643194500166594,0.5080213903743316,40
3,Ranging / Low-Vol,2h,561,0.000786646610940212,0.00038537272870620143,0.009983264673256081,0.5276292335115864,40
3,Ranging / Low-Vol,4h,559,0.0014894311025024142,0.00017536259284511857,0.014819201305089125,0.5080500894454383,40
3,Ranging / Low-Vol,8h,555,0.002611751967311695,0.0015581580358876579,0.021930726606888575,0.5423423423423424,40
4,Ranging / Low-Vol,30m,7,0.0009962664889555026,0.0007098912147309733,0.003249349743207916,0.5714285714285714,40
4,Ranging / Low-Vol,1h,7,0.0033564270297780246,9.493755798928305e-05,0.006752679140514391,0.5714285714285714,40
4,Ranging / Low-Vol,2h,7,0.00718459333897289,0.006306984696324847,0.007944331205321202,0.8571428571428571,40
4,Ranging / Low-Vol,4h,7,0.011905880644873587,0.010909911434843877,0.0028251356446575638,1.0,40
4,Ranging / Low-Vol,8h,7,0.012467254770994782,0.013403739103790002,0.003479376741733931,1.0,40
5,Ranging / Mid-Vol,30m,635,6.752661645516765e-05,0.00018992614656809792,0.004245841870171042,0.5322834645669291,40
5,Ranging / Mid-Vol,1h,634,0.00020498761542607304,0.00025485856564344544,0.006304284203764572,0.5331230283911672,40
5,Ranging / Mid-Vol,2h,632,7.458116373131656e-05,7.527813486074564e-05,0.008996090198166603,0.5031645569620253,40
5,Ranging / Mid-Vol,4h,630,0.0011164195977366872,0.00023987660492075236,0.014281618787766574,0.5095238095238095,40
5,Ranging / Mid-Vol,8h,626,0.002394728873718905,0.001372724764252986,0.02135190458325881,0.5415335463258786,40
0,Downtrend / High-Vol,30m,143,3.6115365147179904e-05,3.3940153103984017e-05,0.005047694388336258,0.5104895104895105,41
0,Downtrend / High-Vol,1h,143,0.00018114379599455132,0.0007714352597805174,0.006654453713459512,0.5594405594405595,41
0,Downtrend / High-Vol,2h,143,0.0011744899635915676,0.0008113338918143143,0.009378286568313465,0.5664335664335665,41
0,Downtrend / High-Vol,4h,143,0.0035649151269660376,0.004389410953127282,0.011717998597761492,0.6783216783216783,41
0,Downtrend / High-Vol,8h,143,0.005306286023254227,0.0014619923034189242,0.02168548453051859,0.5594405594405595,41
1,Uptrend / High-Vol,30m,135,0.0007350984451816371,0.0004893083023613798,0.005574312361172286,0.5777777777777777,41
1,Uptrend / High-Vol,1h,135,0.0012952573363806442,0.0005371360717987272,0.007130332465882387,0.5481481481481482,41
1,Uptrend / High-Vol,2h,135,0.001907212999158924,0.0006826010717695397,0.010855152525238625,0.5555555555555556,41
1,Uptrend / High-Vol,4h,135,0.00284131329811459,0.001962853208059556,0.013994813792696993,0.5703703703703704,41
1,Uptrend / High-Vol,8h,135,0.005039270169611551,0.004239651460109073,0.015720442025928403,0.6296296296296297,41
2,Ranging / Mid-Vol,30m,631,-8.961448820411339e-08,9.759297936362543e-05,0.004526771621445606,0.508716323296355,41
2,Ranging / Mid-Vol,1h,631,-0.00017179112803090066,4.277984239031696e-05,0.006556982223243359,0.5055467511885895,41
2,Ranging / Mid-Vol,2h,629,-0.00032536607801096526,-0.0003058007709153543,0.009454376461340397,0.4848966613672496,41
2,Ranging / Mid-Vol,4h,626,-0.0003595407692210102,-0.0005719150188063793,0.01337614908493794,0.4744408945686901,41
2,Ranging / Mid-Vol,8h,617,-0.000422038150317027,-0.0006793032060095072,0.018292126689387674,0.46677471636953,41
3,Ranging / Low-Vol,30m,533,-2.0181092543533477e-05,0.00025199709843981566,0.004325145906888459,0.5159474671669794,41
3,Ranging / Low-Vol,1h,531,0.00018687281273549805,0.00031350515657457834,0.006055184877157475,0.5235404896421846,41
3,Ranging / Low-Vol,2h,529,0.00025964587932818516,0.000540970306293076,0.009016342552185934,0.5330812854442344,41
3,Ranging / Low-Vol,4h,524,-0.00041010129282096497,-0.00018349640383430454,0.013341593356552842,0.4961832061068702,41
3,Ranging / Low-Vol,8h,517,-0.0007570695831915604,-0.0019912375549893113,0.018551728542729785,0.4506769825918762,41
4,Ranging / High-Vol,30m,3,-0.0017283163598200701,-0.0010497729314113968,0.002750657460737887,0.3333333333333333,41
4,Ranging / High-Vol,1h,3,-0.0007031589117071727,0.0010629196247862183,0.004150980602331521,0.6666666666666666,41
4,Ranging / High-Vol,2h,3,9.488111954188602e-06,-0.0003624112945885827,0.0032213706434199726,0.3333333333333333,41
4,Ranging / High-Vol,4h,3,0.00971361923006834,0.005159073783346457,0.0065539844400230455,1.0,41
4,Ranging / High-Vol,8h,3,0.0111350971427188,0.01643686600080052,0.009883343312962723,0.6666666666666666,41
5,Ranging / Low-Vol,30m,9,-0.000249138418435398,-0.0007679193992569111,0.003834647982172997,0.3333333333333333,41
5,Ranging / Low-Vol,1h,9,-0.002149647420715242,-0.002535989312979936,0.005536952923247756,0.2222222222222222,41
5,Ranging / Low-Vol,2h,9,-0.003912319171708213,-0.004240449361740062,0.003231080457778332,0.2222222222222222,41
5,Ranging / Low-Vol,4h,9,-0.0011269887029376788,-0.0037559689019186493,0.005454511101679584,0.3333333333333333,41
5,Ranging / Low-Vol,8h,9,0.0061766883799309925,0.004531549360768494,0.006424877216637521,0.7777777777777778,41
0,Ranging / Mid-Vol,30m,593,0.00012591045890793958,8.983183402833106e-05,0.004481390374305657,0.5075885328836425,42
0,Ranging / Mid-Vol,1h,592,0.00010746147902925559,2.1867432117517183e-05,0.006160151524010091,0.5050675675675675,42
0,Ranging / Mid-Vol,2h,590,-0.00015328052777768887,-0.0001568344144686762,0.008981993122657699,0.4864406779661017,42
0,Ranging / Mid-Vol,4h,586,-7.935524420540689e-05,3.924405267863307e-05,0.012251665604683656,0.5034129692832765,42
0,Ranging / Mid-Vol,8h,578,-0.0009637863427170793,-0.0006399030456210042,0.018518691698094468,0.4826989619377163,42
1,Uptrend / High-Vol,30m,107,-0.0005085451905728311,-0.0005553732970273728,0.006383307124406342,0.411214953271028,42
1,Uptrend / High-Vol,1h,107,-0.00122880866454066,-0.0008063096822965576,0.00891654978358888,0.45794392523364486,42
1,Uptrend / High-Vol,2h,107,-0.0030713021061558035,-0.0015755934729977383,0.012343329393059571,0.40186915887850466,42
1,Uptrend / High-Vol,4h,105,-0.0037554356829649937,-0.0008343986638799095,0.01738469982118215,0.45714285714285713,42
1,Uptrend / High-Vol,8h,103,-0.0030460256947131606,-0.0008218137736442088,0.016009111771979747,0.4854368932038835,42
2,Downtrend / High-Vol,30m,142,-0.0007098219993896213,0.00040480552917721013,0.009011921331119815,0.5211267605633803,42
2,Downtrend / High-Vol,1h,142,-0.0004927927949277403,0.0006439461740281871,0.013458383291304575,0.5211267605633803,42
2,Downtrend / High-Vol,2h,142,0.0003908813120172894,0.0012306227569442996,0.016835067015644998,0.5633802816901409,42
2,Downtrend / High-Vol,4h,142,-0.001844129705271566,0.0026130024777106797,0.02482241843045338,0.5422535211267606,42
2,Downtrend / High-Vol,8h,140,-0.006990314667685966,-0.00288112097663884,0.03011676509355968,0.45,42
3,Ranging / Low-Vol,30m,513,0.00015072070646652088,0.00038877056670827415,0.004553471011747513,0.5399610136452242,42
3,Ranging / Low-Vol,1h,512,0.00018599430784447396,0.0004031181423860275,0.006436672528220103,0.5234375,42
3,Ranging / Low-Vol,2h,510,0.0005281853771423916,0.0006172460614992659,0.00932453209854191,0.5490196078431373,42
3,Ranging / Low-Vol,4h,508,0.0004865807713129315,0.00046328180499344285,0.011986547890658896,0.5196850393700787,42
3,Ranging / Low-Vol,8h,504,0.0002467091297190161,0.0007519905441801811,0.01852509027276725,0.5198412698412699,42
4,Ranging / Low-Vol,30m,24,0.0005307726051178019,6.609232445420332e-05,0.0028225438097725475,0.5,42
4,Ranging / Low-Vol,1h,24,-0.00042476577050061987,0.0003186747198737905,0.006515963681510176,0.5416666666666666,42
4,Ranging / Low-Vol,2h,24,-0.002961935269545727,-0.0016112390400060406,0.010711529682170073,0.4166666666666667,42
4,Ranging / Low-Vol,4h,24,-0.0016628272574073695,-0.004683056746516812,0.01146584771221052,0.25,42
4,Ranging / Low-Vol,8h,24,-0.0007781845819531489,-0.002436352845566425,0.015820641315644906,0.3333333333333333,42
5,Ranging / High-Vol,30m,32,-0.001522203681105172,0.00019688110188642582,0.01083686516302763,0.5,42
5,Ranging / High-Vol,1h,32,-0.0009330153420219478,0.001130675458650643,0.014306516925312844,0.5625,42
5,Ranging / High-Vol,2h,32,1.1073470480682523e-05,0.0020754670244942375,0.016643396992896468,0.5625,42
5,Ranging / High-Vol,4h,32,0.00291773587852473,0.0036561556831724573,0.014974897296487932,0.65625,42
5,Ranging / High-Vol,8h,32,0.011172906026813867,0.012352753063556321,0.015846219566685145,0.75,42
0,Downtrend / High-Vol,30m,140,0.0006010289354276896,0.0009000496444180328,0.0061316809050849744,0.55,43
0,Downtrend / High-Vol,1h,140,0.0012185801120713055,0.0013534923002804788,0.008332786769089934,0.6285714285714286,43
0,Downtrend / High-Vol,2h,140,0.0011269546830949574,0.0014372879901625168,0.010534794882710499,0.5571428571428572,43
0,Downtrend / High-Vol,4h,140,0.003949746908316699,0.0027642740230593432,0.016022263727269417,0.6428571428571429,43
0,Downtrend / High-Vol,8h,140,0.007777995367411363,0.0059500117993156465,0.02050986105417879,0.6428571428571429,43
1,Uptrend / High-Vol,30m,97,0.00022966708103955977,0.0003011852620833366,0.006635671482684419,0.5154639175257731,43
1,Uptrend / High-Vol,1h,97,0.0005770951019017688,0.00012108814721756289,0.008227997068699044,0.5154639175257731,43
1,Uptrend / High-Vol,2h,97,0.0014046990127804945,0.0016101558652081849,0.00929446892261652,0.5979381443298969,43
1,Uptrend / High-Vol,4h,97,0.0017985292147216334,0.0004903034041703336,0.011550511526826589,0.5257731958762887,43
1,Uptrend / High-Vol,8h,97,0.003839559958226968,0.0018930451599441511,0.014103030051716528,0.5360824742268041,43
2,Downtrend / High-Vol,30m,7,0.004304631178343042,0.00414003823544995,0.005993105302715339,0.8571428571428571,43
2,Downtrend / High-Vol,1h,7,0.00742009717126102,0.008599439223342387,0.009204845343090665,0.7142857142857143,43
2,Downtrend / High-Vol,2h,7,0.006509906371334243,0.003073926017455264,0.011353091196175752,0.7142857142857143,43
2,Downtrend / High-Vol,4h,7,0.005561062694721183,0.0029706063036680774,0.006939380581510972,0.7142857142857143,43
2,Downtrend / High-Vol,8h,7,0.013648219893599338,0.013558894737370153,0.007685008596211331,0.8571428571428571,43
3,Uptrend / Mid-Vol,30m,163,0.0007753930676839857,0.00010871349598318147,0.005082601427062568,0.5153374233128835,43
3,Uptrend / Mid-Vol,1h,163,0.0013404111219637832,0.00016284561109003448,0.007499386773940763,0.5214723926380368,43
3,Uptrend / Mid-Vol,2h,162,0.001854826753935905,0.00011250136419072021,0.011006299022162358,0.5185185185185185,43
3,Uptrend / Mid-Vol,4h,161,0.0017768537830506156,0.00105747076583107,0.01576551340088975,0.5279503105590062,43
3,Uptrend / Mid-Vol,8h,161,0.0012749854132853805,0.0014214133957271002,0.01906715974603898,0.515527950310559,43
4,Ranging / Low-Vol,30m,551,-3.143917728193889e-05,-4.3338566799278055e-05,0.004090711408022372,0.49364791288566245,43
4,Ranging / Low-Vol,1h,551,0.0002466582335590509,-0.0002581642820587149,0.00544223182889022,0.4827586206896552,43
4,Ranging / Low-Vol,2h,550,0.000919935809410649,0.00036783814542484805,0.008741682473474772,0.5236363636363637,43
4,Ranging / Low-Vol,4h,548,0.001375006028797657,9.68457492174224e-05,0.012038953692903502,0.5036496350364964,43
4,Ranging / Low-Vol,8h,544,0.003099205622038816,0.0004890128075567546,0.017602872742294867,0.5183823529411765,43
5,Ranging / Low-Vol,30m,529,0.0001679724992514706,2.059413714761149e-05,0.004571736302729371,0.504725897920605,43
5,Ranging / Low-Vol,1h,528,7.984286222074261e-05,-0.0002467838918507326,0.006547674182120905,0.4810606060606061,43
5,Ranging / Low-Vol,2h,528,0.00039978281553370963,-5.412391455816845e-05,0.009058737145161732,0.4943181818181818,43
5,Ranging / Low-Vol,4h,527,0.0017269022042320135,0.000506200972591131,0.013784199869831206,0.5370018975332068,43
5,Ranging / Low-Vol,8h,523,0.0035161890373353153,0.0007261228105068795,0.019679643850034814,0.5334608030592735,43
0,Uptrend / High-Vol,30m,114,-0.0003399117682513083,0.0002354671153428356,0.005413126298844232,0.5175438596491229,44
0,Uptrend / High-Vol,1h,114,-0.0007851260296485931,-0.0005109477361333603,0.006575533405482641,0.4473684210526316,44
0,Uptrend / High-Vol,2h,114,-0.0011262941217448574,-0.0006333950015831036,0.008974442090013666,0.41228070175438597,44
0,Uptrend / High-Vol,4h,114,-0.0025722519344218617,-0.0018198480926479021,0.01281376744689587,0.42105263157894735,44
0,Uptrend / High-Vol,8h,113,-0.007523700643169553,-0.005549365313983756,0.018726813949652213,0.35398230088495575,44
1,Ranging / Mid-Vol,30m,651,0.00013148944511830413,-6.013143170768842e-05,0.004210263396595125,0.4946236559139785,44
1,Ranging / Mid-Vol,1h,651,1.9027722833688466e-05,-0.0003085129454998281,0.005852337601781798,0.47772657450076805,44
1,Ranging / Mid-Vol,2h,649,8.497717123238843e-05,-5.016815982372691e-05,0.008807562733967685,0.49922958397534667,44
1,Ranging / Mid-Vol,4h,647,5.773620990174485e-05,-0.0002828109794048572,0.012762065487500581,0.4899536321483771,44
1,Ranging / Mid-Vol,8h,646,2.493028506905683e-05,-0.0006662101387391317,0.018501876142093643,0.48142414860681115,44
2,Ranging / Low-Vol,30m,534,-0.00015814118259469397,-0.0005188694066058375,0.0045245942941469445,0.449438202247191,44
2,Ranging / Low-Vol,1h,533,-5.7903317365060716e-05,-0.0003374460439804494,0.006525074112091968,0.4709193245778612,44
2,Ranging / Low-Vol,2h,533,-0.0003122216294393621,-0.0005149847354442016,0.008918282735197446,0.46904315196998125,44
2,Ranging / Low-Vol,4h,531,-0.000256670456893912,3.693353105127528e-05,0.01286618821962759,0.504708097928437,44
2,Ranging / Low-Vol,8h,531,-0.0006123383996110988,-0.0007178490381125613,0.018394298784044145,0.4745762711864407,44
3,Ranging / Low-Vol,30m,16,0.0014605685812688618,0.00042909208959329703,0.004013048560657004,0.6875,44
3,Ranging / Low-Vol,1h,16,0.0029771676823487914,0.0011770401771959982,0.005813161894870391,0.6875,44
3,Ranging / Low-Vol,2h,16,0.0018371566468234901,0.0018669902106571712,0.00832643891990835,0.625,44
3,Ranging / Low-Vol,4h,16,0.0009984031416957473,0.0006659102623460811,0.010677254414914794,0.5,44
3,Ranging / Low-Vol,8h,16,0.010559836108531728,0.013655744654387014,0.010967747373547,0.8125,44
4,Downtrend / High-Vol,30m,121,-0.0004742129373337501,0.00041037075185812455,0.006304750307188567,0.5206611570247934,44
4,Downtrend / High-Vol,1h,121,-0.0007294457466999584,0.00068831949608672,0.008337198609759856,0.5206611570247934,44
4,Downtrend / High-Vol,2h,121,-0.0006962951417391004,0.0003299546662365316,0.011118718227624513,0.512396694214876,44
4,Downtrend / High-Vol,4h,121,-0.0010096992338295143,-0.0001316230378378691,0.013578201041511953,0.49586776859504134,44
4,Downtrend / High-Vol,8h,115,0.00024413628172820947,0.0011963820813107873,0.017090575717809,0.5217391304347826,44
5,Downtrend / High-Vol,30m,3,-0.0017492394569179244,0.0010679347863593591,0.005304786766896071,0.6666666666666666,44
5,Downtrend / High-Vol,1h,3,-0.0002950148044498964,-0.0063156531571131325,0.009799383285829818,0.3333333333333333,44
5,Downtrend / High-Vol,2h,3,0.002314571905517463,0.0023052144153563603,0.006088410111136998,0.6666666666666666,44
5,Downtrend / High-Vol,4h,3,0.002839326519259444,0.0068104029934890065,0.006165844676803876,0.6666666666666666,44
5,Downtrend / High-Vol,8h,3,0.0005609055414292167,0.00011519340051613369,0.004772982147623032,0.6666666666666666,44
0,Uptrend / High-Vol,30m,98,0.0002598172851194587,-0.00010760026005662837,0.005506249875249679,0.4897959183673469,45
0,Uptrend / High-Vol,1h,98,-0.0001526034884095243,-0.0007449446609077981,0.007215843268260618,0.42857142857142855,45
0,Uptrend / High-Vol,2h,98,-0.0013650930276091278,-0.001970802023148366,0.009255363353694729,0.37755102040816324,45
0,Uptrend / High-Vol,4h,98,-0.0017789632650815936,-0.002082788724170115,0.01144430383346971,0.40816326530612246,45
0,Uptrend / High-Vol,8h,98,-0.0008675317857000976,-0.0007863589922765257,0.015412927352520851,0.4897959183673469,45
1,Ranging / Low-Vol,30m,558,5.8148877320041586e-05,0.00011348541120437261,0.004291782666013192,0.510752688172043,45
1,Ranging / Low-Vol,1h,558,-4.1932977911256554e-05,6.893701717292089e-05,0.006498000224903748,0.5053763440860215,45
1,Ranging / Low-Vol,2h,557,-0.0005291918663642045,-0.0006375019376232416,0.009137066904258495,0.466786355475763,45
1,Ranging / Low-Vol,4h,557,-0.0012206119909380115,-0.0009458879750940952,0.01313984914490659,0.4524236983842011,45
1,Ranging / Low-Vol,8h,557,-0.002565700240751857,-0.0018074178325253598,0.019126968894061406,0.44703770197486536,45
2,Ranging / Mid-Vol,30m,650,-0.0002984672854492651,1.5136017208483565e-05,0.004272655593632799,0.5,45
2,Ranging / Mid-Vol,1h,649,-0.0004274777797068131,-0.0003346666642443097,0.00581260664296408,0.4761171032357473,45
2,Ranging / Mid-Vol,2h,648,-0.0003322403820154304,-0.0005633916683427387,0.008724958150940335,0.47530864197530864,45
2,Ranging / Mid-Vol,4h,647,-0.0006320537693973175,-0.0004550887126555381,0.01196767310500759,0.4760432766615147,45
2,Ranging / Mid-Vol,8h,646,-0.0018565042587165522,-0.0015379734493663477,0.01735952377971278,0.4411764705882353,45
3,Ranging / Low-Vol,30m,14,-0.0013305926647779742,-0.00154435930272534,0.0024050448099388875,0.35714285714285715,45
3,Ranging / Low-Vol,1h,14,-0.0026476618517138817,-0.003296184478245756,0.004243112142995577,0.14285714285714285,45
3,Ranging / Low-Vol,2h,14,-0.0012745443368175863,-0.002583091315696784,0.0054376946180157235,0.2857142857142857,45
3,Ranging / Low-Vol,4h,14,0.000635309609731952,0.0011024265948389456,0.0032473595254259506,0.5714285714285714,45
3,Ranging / Low-Vol,8h,14,-0.0003176951450158632,-0.002944762549205393,0.00815970622396732,0.2857142857142857,45
4,Downtrend / High-Vol,30m,145,9.401707646410504e-06,-0.0001792452903721653,0.007366580157218851,0.4896551724137931,45
4,Downtrend / High-Vol,1h,145,-0.0003691839579639784,0.0009752413065324816,0.014879035022237443,0.5379310344827586,45
4,Downtrend / High-Vol,2h,145,-0.001090911177998299,0.0013391901974433296,0.02034771561170377,0.5724137931034483,45
4,Downtrend / High-Vol,4h,142,-0.0034886655046099412,0.0024255962947234977,0.027841281406493397,0.5422535211267606,45
4,Downtrend / High-Vol,8h,135,-0.0064792573921651705,0.0021959846816219653,0.038662980925703555,0.5333333333333333,45
5,Ranging / High-Vol,30m,22,-0.002964024172989274,-0.0012376940609479803,0.023501787509347484,0.5,45
5,Ranging / High-Vol,1h,22,-0.001321636380577635,-0.0016880881328296127,0.016734470241840313,0.36363636363636365,45
5,Ranging / High-Vol,2h,22,-0.001392362153460573,-0.0019957107448949074,0.017503846884327972,0.45454545454545453,45
5,Ranging / High-Vol,4h,22,0.0017422237978159671,0.00043807888782332327,0.02027188333606935,0.5,45
5,Ranging / High-Vol,8h,22,0.014341822927015519,0.01317683198649533,0.026202413445783553,0.8181818181818182,45
0,Downtrend / High-Vol,30m,193,-0.0009443120328160123,0.00025595760379104604,0.007509131325247985,0.5181347150259067,46
0,Downtrend / High-Vol,1h,193,-0.0014034537366114893,0.0010543570517445033,0.010334871269705522,0.533678756476684,46
0,Downtrend / High-Vol,2h,193,-0.0024190112367918756,-0.0005753927889262656,0.014823885273562846,0.46113989637305697,46
0,Downtrend / High-Vol,4h,193,-0.003000184629700823,-0.000286951490954479,0.021544481727221534,0.48704663212435234,46
0,Downtrend / High-Vol,8h,193,-0.0027256455958061154,0.000914460055961186,0.029037028725344714,0.5129533678756477,46
1,Ranging / Low-Vol,30m,492,-0.0001616780416417743,-1.5466265986141536e-05,0.004119964069435899,0.49796747967479676,46
1,Ranging / Low-Vol,1h,492,-0.00025633850398757167,-9.833135806847082e-05,0.005891964897962515,0.491869918699187,46
1,Ranging / Low-Vol,2h,490,-0.0002268968440815822,-0.00014325831329120575,0.008574124283387559,0.48775510204081635,46
1,Ranging / Low-Vol,4h,490,-0.0007221901820057527,-0.00020339058948337652,0.0127142566790939,0.49387755102040815,46
1,Ranging / Low-Vol,8h,490,-0.0015115225941166677,-1.6011633532819758e-05,0.018218578103288054,0.49795918367346936,46
2,Downtrend / High-Vol,30m,31,-0.0012881014889183076,-0.001288867959727824,0.010388032107988212,0.45161290322580644,46
2,Downtrend / High-Vol,1h,31,-0.0030991722710782617,-0.0037808146731421743,0.013064524535859256,0.41935483870967744,46
2,Downtrend / High-Vol,2h,31,-0.004791782186605568,-0.004300648200741719,0.01633824358174448,0.3225806451612903,46
2,Downtrend / High-Vol,4h,31,-0.0028413606767420142,-0.0031227486724123565,0.016315371593307485,0.41935483870967744,46
2,Downtrend / High-Vol,8h,31,-0.0036981201383150457,-0.01702976146300017,0.03382182729370924,0.2903225806451613,46
3,Uptrend / Mid-Vol,30m,126,0.000162391373631918,-0.000489021420444935,0.004792423339161426,0.46825396825396826,46
3,Uptrend / Mid-Vol,1h,126,-0.00025407839869176187,-0.0006646066618376523,0.007188827775614308,0.4603174603174603,46
3,Uptrend / Mid-Vol,2h,126,-0.0005325524418475498,-0.0014505925537608988,0.008977822554045624,0.4126984126984127,46
3,Uptrend / Mid-Vol,4h,125,-0.0026355012154143224,-0.0013659903975291598,0.010000660951420961,0.424,46
3,Uptrend / Mid-Vol,8h,117,-0.007025453081300328,-0.005791247285483081,0.018905781813666114,0.3162393162393162,46
4,Uptrend / High-Vol,30m,70,0.00122341854728568,0.000468032169172794,0.007804901969420647,0.5428571428571428,46
4,Uptrend / High-Vol,1h,70,0.0018172342610376496,-4.515182088482561e-05,0.011428771195838308,0.4857142857142857,46
4,Uptrend / High-Vol,2h,70,0.0028734791260859286,0.0016113905092050018,0.015220670211038477,0.5571428571428572,46
4,Uptrend / High-Vol,4h,70,0.0049376624694624435,0.00331602869435077,0.021870467017794486,0.6,46
4,Uptrend / High-Vol,8h,70,0.002896157115656425,0.00019970071441743897,0.023813344039911515,0.5,46
5,Ranging / Low-Vol,30m,575,1.5055491034969934e-05,-2.1365381122961935e-05,0.003885408965747144,0.4973913043478261,46
5,Ranging / Low-Vol,1h,574,2.8688266525032493e-05,9.513629775259602e-05,0.005690473550777811,0.5104529616724739,46
5,Ranging / Low-Vol,2h,574,-0.00031394895465965486,-0.00010396707626814106,0.008029038018840529,0.49477351916376305,46
5,Ranging / Low-Vol,4h,571,-0.0009801636853902865,-0.0005014020792515339,0.012395161132991996,0.4798598949211909,46
5,Ranging / Low-Vol,8h,571,-0.002095113732153184,-0.0005077358241294405,0.01791883998766487,0.4816112084063047,46
0,Downtrend / High-Vol,30m,185,-0.00022549735075157255,-0.0001332254439212477,0.006726869256860935,0.4810810810810811,47
0,Downtrend / High-Vol,1h,185,-0.0003069679646583805,0.00019900904038117062,0.009598860817231108,0.5297297297297298,47
0,Downtrend / High-Vol,2h,185,-0.0012978054756053524,-0.0008912069929394306,0.014306421115278222,0.44324324324324327,47
0,Downtrend / High-Vol,4h,185,-0.003923166870450975,-0.002304703648071893,0.019450535331772534,0.43783783783783786,47
0,Downtrend / High-Vol,8h,185,-0.0068437170836874875,-0.003136045079811467,0.025728475240459448,0.44324324324324327,47
1,Ranging / Low-Vol,30m,482,-0.00011205238985401847,-9.296468966013549e-05,0.004387680991906199,0.47717842323651455,47
1,Ranging / Low-Vol,1h,482,-0.00013757353905888316,-8.611916484824178e-06,0.006743813690835141,0.5,47
1,Ranging / Low-Vol,2h,482,0.00016702354506006084,0.00021677839092770768,0.009875452448163154,0.524896265560166,47
1,Ranging / Low-Vol,4h,482,0.0008800804969478563,0.0008698914221048071,0.014116792932714395,0.5456431535269709,47
1,Ranging / Low-Vol,8h,482,0.002453417284698618,0.0012888099195427216,0.021694972324484293,0.5560165975103735,47
2,Downtrend / High-Vol,30m,25,0.001304488254853524,0.0010096559899039903,0.009384546031476636,0.56,47
2,Downtrend / High-Vol,1h,25,0.0032878629601538734,0.0045244749239916615,0.013347855507393935,0.6,47
2,Downtrend / High-Vol,2h,25,0.0052624204077798,0.0016588201648648493,0.015681741329007733,0.64,47
2,Downtrend / High-Vol,4h,25,0.010696511974611482,0.012281419887795408,0.015961918128533117,0.84,47
2,Downtrend / High-Vol,8h,24,0.01461014709648952,0.011139430275919793,0.020509288827959493,0.7916666666666666,47
3,Uptrend / High-Vol,30m,95,0.0015207397845339555,0.0009547320031479956,0.008906421579220553,0.5578947368421052,47
3,Uptrend / High-Vol,1h,94,0.002383276888716348,0.00023515553725239613,0.01242731785007295,0.5106382978723404,47
3,Uptrend / High-Vol,2h,92,0.0035280650963743438,0.0014521393252566739,0.016701703007781225,0.5760869565217391,47
3,Uptrend / High-Vol,4h,88,0.004072330911000596,0.003494942423103886,0.021095588722226957,0.5681818181818182,47
3,Uptrend / High-Vol,8h,81,0.0030727797076806336,0.0034408552750271326,0.03283364217927769,0.6049382716049383,47
4,Uptrend / Mid-Vol,30m,135,-0.000247590770023628,-0.0002982368436406091,0.004330342137221066,0.4666666666666667,47
4,Uptrend / Mid-Vol,1h,135,-0.00040325966024007523,-0.0005881183751021979,0.005867282669765832,0.4074074074074074,47
4,Uptrend / Mid-Vol,2h,135,-0.00040841786223221857,-0.00036211701525168394,0.007503818151598102,0.4888888888888889,47
4,Uptrend / Mid-Vol,4h,135,0.0002448856851664384,-0.00012786300923828264,0.014703063164478536,0.4888888888888889,47
4,Uptrend / Mid-Vol,8h,135,9.975565191367956e-05,-0.001245894617202481,0.024099223887798168,0.4444444444444444,47
5,Ranging / Low-Vol,30m,421,0.00016127143103211478,0.0003339299483435809,0.0043167053636829905,0.5415676959619953,47
5,Ranging / Low-Vol,1h,421,0.0002477850839953099,0.00015377692608709026,0.0060157360775687065,0.5083135391923991,47
5,Ranging / Low-Vol,2h,421,0.000471984574900079,0.0003765468660610338,0.008962944971939427,0.517814726840855,47
5,Ranging / Low-Vol,4h,421,0.0009596947415464916,0.0005318237913165547,0.013613691225448383,0.5296912114014252,47
5,Ranging / Low-Vol,8h,421,0.00185752261701383,0.0010746244418768924,0.01920756086731674,0.5391923990498813,47
0,Ranging / Mid-Vol,30m,632,0.00012845101386323957,0.00014917391663349377,0.0040545779148307304,0.5158227848101266,48
0,Ranging / Mid-Vol,1h,632,0.00035098357092481537,0.0004636614491237978,0.00610558610505942,0.5427215189873418,48
0,Ranging / Mid-Vol,2h,632,0.0004412900000890237,0.00018326477782704131,0.008360252569825437,0.5110759493670886,48
0,Ranging / Mid-Vol,4h,628,0.0005669641578811473,0.0005121021848477625,0.011818953637328353,0.5334394904458599,48
0,Ranging / Mid-Vol,8h,627,0.000488579868487145,-4.822358919476244e-05,0.017627405922316437,0.49920255183413076,48
1,Ranging / High-Vol,30m,10,-0.004100648970813481,-0.0017437381813243391,0.010087437625223,0.3,48
1,Ranging / High-Vol,1h,10,-0.008495763297335656,-0.0020769335776682496,0.015900104883899754,0.2,48
1,Ranging / High-Vol,2h,10,-0.007889759591814639,0.0015796121347610992,0.02034281087830414,0.5,48
1,Ranging / High-Vol,4h,10,0.0018542766915558672,0.010289218236681386,0.021227828999765608,0.7,48
1,Ranging / High-Vol,8h,10,0.014841015228467392,0.017372777492210112,0.01703324701449693,0.8,48
2,Downtrend / High-Vol,30m,119,-0.0004966049779254213,-0.00010857948571896259,0.005979994477318191,0.4957983193277311,48
2,Downtrend / High-Vol,1h,119,-0.00098111178361626,4.512785119281659e-05,0.008316033397824055,0.5042016806722689,48
2,Downtrend / High-Vol,2h,119,-0.0015781534596394711,-0.0013526207706817672,0.011681263679416534,0.46218487394957986,48
2,Downtrend / High-Vol,4h,119,-0.0003072020981062158,0.0005760675697921158,0.01515597180176601,0.5294117647058824,48
2,Downtrend / High-Vol,8h,115,0.0015561311430962036,0.003540370295365136,0.01953124407774355,0.5826086956521739,48
3,Ranging / Low-Vol,30m,115,-0.00013176274009741524,-0.00017561181948622107,0.0017628158095489715,0.4608695652173913,48
3,Ranging / Low-Vol,1h,115,-3.693772087152255e-05,-0.00020743677684009754,0.0035548170374104003,0.4782608695652174,48
3,Ranging / Low-Vol,2h,115,0.0005014348442923632,-0.0004581383926698379,0.0055152680570671785,0.46956521739130436,48
3,Ranging / Low-Vol,4h,115,0.0010751956179174942,0.0006355028310078836,0.0077850937628061575,0.5130434782608696,48
3,Ranging / Low-Vol,8h,115,0.0021245042620689062,0.0010844317898257572,0.009986844162246097,0.5826086956521739,48
4,Uptrend / High-Vol,30m,92,0.0002820372316826351,-0.0002677171630551811,0.005835638482274718,0.4891304347826087,48
4,Uptrend / High-Vol,1h,92,-0.00024464584032333494,-0.0004907736640999971,0.00804758581104632,0.4782608695652174,48
4,Uptrend / High-Vol,2h,92,-0.0015310846488389791,-0.00011855693104312337,0.01134553187380324,0.4891304347826087,48
4,Uptrend / High-Vol,4h,92,-0.004549297244880951,-0.002161132239442587,0.014966711225920627,0.42391304347826086,48
4,Uptrend / High-Vol,8h,92,-0.0021873135972654955,8.788311282614814e-05,0.014918477802321594,0.5,48
5,Ranging / Low-Vol,30m,519,0.00010812145765035509,0.00023600299351222986,0.004361240451502385,0.5183044315992292,48
5,Ranging / Low-Vol,1h,518,0.0001969743942963621,0.00014866870330099147,0.005979273015262067,0.5077220077220077,48
5,Ranging / Low-Vol,2h,516,0.0005417125066305441,0.0005143305093664452,0.008712261746595723,0.5329457364341085,48
5,Ranging / Low-Vol,4h,516,0.0007831880628394758,0.0002549435366878683,0.012660263673272732,0.5155038759689923,48
5,Ranging / Low-Vol,8h,513,0.00040878664003471816,7.42778474975836e-05,0.018083354200177346,0.50682261208577,48
0,Downtrend / High-Vol,30m,141,-0.0002859850253765004,4.404413222758308e-05,0.004575659942724462,0.5035460992907801,49
0,Downtrend / High-Vol,1h,140,-0.0009297592026784278,-0.0006227118680710575,0.006011171119587897,0.4357142857142857,49
0,Downtrend / High-Vol,2h,140,-0.0019727976987407407,-0.0009410990995251112,0.008257729865431447,0.45714285714285713,49
0,Downtrend / High-Vol,4h,140,-0.0035761273925150306,-0.0020900537481782777,0.01080252831971954,0.4357142857142857,49
0,Downtrend / High-Vol,8h,140,-0.004077570617099026,-0.0012505368723152444,0.01368646638159489,0.4642857142857143,49
1,Ranging / Mid-Vol,30m,576,-0.0001541139198951127,0.00010566396384881216,0.0034185496283806903,0.5086805555555556,49
1,Ranging / Mid-Vol,1h,576,-0.00024531827640027974,0.0003805065552864306,0.004975494706419508,0.5434027777777778,49
1,Ranging / Mid-Vol,2h,575,-0.0003566655943323312,0.0002124161979057959,0.006920273283142251,0.5182608695652174,49
1,Ranging / Mid-Vol,4h,572,-0.0007673577683730819,0.0003437083767146021,0.010540515718192915,0.5314685314685315,49
1,Ranging / Mid-Vol,8h,568,-0.001262630050969684,0.0002620615777146895,0.015376401081129832,0.5105633802816901,49
2,Ranging / Low-Vol,30m,213,-8.042612140636999e-05,-1.105725724137585e-05,0.001826693081103156,0.49765258215962443,49
2,Ranging / Low-Vol,1h,213,-0.0001902913001782909,5.9711221602753994e-06,0.002547678912977716,0.5023474178403756,49
2,Ranging / Low-Vol,2h,213,-0.0002796421082190374,-0.00023902860752755828,0.0034886871301375707,0.47417840375586856,49
2,Ranging / Low-Vol,4h,213,-0.0004123268239973017,-0.00045793442689578967,0.005113621416635004,0.4507042253521127,49
2,Ranging / Low-Vol,8h,213,-0.003206618410110428,-0.0018084287640682817,0.011113052432314629,0.38497652582159625,49
4,Uptrend / High-Vol,30m,45,0.0008715310556738921,0.0005485129342783779,0.005234422451389451,0.5555555555555556,49
4,Uptrend / High-Vol,1h,45,0.001166076498127132,-0.00033456090277894646,0.006845032740885656,0.4666666666666667,49
4,Uptrend / High-Vol,2h,45,9.741435990192491e-05,4.002309407802329e-05,0.008759291642056152,0.5111111111111111,49
4,Uptrend / High-Vol,4h,45,0.0007603639855270375,0.0008805092903756417,0.010948636896372889,0.5555555555555556,49
4,Uptrend / High-Vol,8h,45,0.0006656660495741405,-0.00025247257410754287,0.014261481933618887,0.4888888888888889,49
5,Ranging / Low-Vol,30m,464,-0.00018384627943101374,-7.867074738676649e-05,0.004024733679167551,0.4892241379310345,49
5,Ranging / Low-Vol,1h,464,-0.000260056480288377,-8.972420782882295e-05,0.005562800771472132,0.49353448275862066,49
5,Ranging / Low-Vol,2h,463,-0.00036386591896575706,0.00025377020023853447,0.008226063406202664,0.5205183585313174,49
5,Ranging / Low-Vol,4h,462,-0.0006712136536439232,0.00033867752827898556,0.011325899353983017,0.5216450216450217,49
5,Ranging / Low-Vol,8h,458,-0.0012995838876822651,-0.00022065530556236723,0.016210618469933234,0.48253275109170307,49
0,Ranging / Low-Vol,30m,451,-0.00014554715388985035,0.00013705970579458437,0.004559409284187897,0.5144124168514412,50
0,Ranging / Low-Vol,1h,451,4.161568664917976e-05,0.00036200234377403717,0.006239395472444455,0.5343680709534369,50
0,Ranging / Low-Vol,2h,450,3.5412737509609034e-07,8.675954932524377e-05,0.00903499633900876,0.5044444444444445,50
0,Ranging / Low-Vol,4h,450,-0.0007428348882961799,-0.00017447271089565675,0.013023448425209482,0.4888888888888889,50
0,Ranging / Low-Vol,8h,449,-0.002756746513838026,-0.0011398858240081466,0.02040014485803929,0.4766146993318486,50
1,Uptrend / Mid-Vol,30m,129,0.0001452113480206536,-7.585331771942094e-05,0.004077967404898784,0.4883720930232558,50
1,Uptrend / Mid-Vol,1h,129,-0.00019189594997987133,-0.0003243050729011543,0.005914700419194225,0.46511627906976744,50
1,Uptrend / Mid-Vol,2h,129,-0.0014079338048683535,-0.0014715538389769023,0.008135940869455717,0.40310077519379844,50
1,Uptrend / Mid-Vol,4h,129,-0.0029273063139908786,-0.003949800998530151,0.012773458225089566,0.37209302325581395,50
1,Uptrend / Mid-Vol,8h,125,-0.0018347445278312762,0.00010134944875161978,0.015932274932810155,0.504,50
2,Downtrend / High-Vol,30m,67,0.0015223650655162083,-0.0028858099082942346,0.01444788637378088,0.417910447761194,50
2,Downtrend / High-Vol,1h,67,0.002810339658469114,0.0010222841306504193,0.020069480950611163,0.5373134328358209,50
2,Downtrend / High-Vol,2h,67,0.002473884623764739,0.0011813442326644719,0.02518953516731821,0.5223880597014925,50
2,Downtrend / High-Vol,4h,67,-0.0037462786575026517,0.0005099339157705884,0.030405021206803846,0.5074626865671642,50
2,Downtrend / High-Vol,8h,67,-0.004304944274143881,-0.00992724775753473,0.041113576969966294,0.4626865671641791,50
3,Uptrend / High-Vol,30m,116,-0.0006103582176578654,-0.0006377868480269555,0.010778741324054895,0.4827586206896552,50
3,Uptrend / High-Vol,1h,116,-0.0014275201950683294,-0.00028350527937259784,0.014810979473546764,0.4827586206896552,50
3,Uptrend / High-Vol,2h,116,-0.001887271871180927,-0.003419756449076772,0.01928039254154977,0.4224137931034483,50
3,Uptrend / High-Vol,4h,116,-0.002307004198007564,-0.002626650214723192,0.025136992479172744,0.46551724137931033,50
3,Uptrend / High-Vol,8h,116,-0.00609106650996542,-0.006436958364806067,0.026867327576109098,0.4224137931034483,50
4,Ranging / Low-Vol,30m,514,-8.251431839770922e-05,-0.00023987088065791085,0.003977371710584307,0.4708171206225681,50
4,Ranging / Low-Vol,1h,513,-0.0005357653877388786,-0.0006587651610399092,0.005926162076630473,0.44834307992202727,50
4,Ranging / Low-Vol,2h,512,-0.0004934840476254788,-1.010702790349427e-05,0.008370183069900283,0.498046875,50
4,Ranging / Low-Vol,4h,508,8.702292929631185e-05,0.00011399854102744911,0.011833854961957517,0.5039370078740157,50
4,Ranging / Low-Vol,8h,508,-0.00025701942545916664,0.00039294227950392724,0.017822143637162047,0.5236220472440944,50
5,Downtrend / High-Vol,30m,210,-0.0005250161404869605,0.0004622742932758328,0.007160367647631881,0.5333333333333333,50
5,Downtrend / High-Vol,1h,210,-0.0003690245206788168,0.0010068709131836329,0.010370600801460761,0.5523809523809524,50
5,Downtrend / High-Vol,2h,210,-0.0009074767721275107,0.0017259698498266474,0.01518703184773293,0.5619047619047619,50
5,Downtrend / High-Vol,4h,210,-0.0009739825260451949,0.0019487435621403648,0.018607367527279043,0.5666666666666667,50
5,Downtrend / High-Vol,8h,207,-0.0009234006835226098,0.002661870844791636,0.02420262934663847,0.5893719806763285,50
0,Ranging / Low-Vol,30m,380,0.00011958869446515818,3.860199723160207e-05,0.005134956847949221,0.5052631578947369,51
0,Ranging / Low-Vol,1h,379,-0.000330583565272444,0.0001652519269388364,0.006772204995994175,0.5118733509234829,51
0,Ranging / Low-Vol,2h,378,-0.0004646936793948671,0.0001822323899052236,0.010109597234099854,0.5105820105820106,51
0,Ranging / Low-Vol,4h,378,-0.0021542912463352474,-5.46541926889077e-05,0.015792972244216892,0.4973544973544973,51
0,Ranging / Low-Vol,8h,373,-0.004841287707911271,-0.0012368972995311367,0.02202103609542741,0.46648793565683644,51
1,Ranging / Mid-Vol,30m,485,-0.00048051036518748184,-0.00010761716254670262,0.005083946251266083,0.48041237113402063,51
1,Ranging / Mid-Vol,1h,485,-0.0006255410189558641,-0.0003044913434688823,0.007660582457802448,0.47010309278350515,51
1,Ranging / Mid-Vol,2h,484,-0.0016413875940795074,-0.0009978521021105635,0.011002512489205333,0.4380165289256198,51
1,Ranging / Mid-Vol,4h,482,-0.002513067773746449,-0.0008077372959469642,0.015979012230066557,0.470954356846473,51
1,Ranging / Mid-Vol,8h,479,-0.005035061580592718,-0.0017565314404226484,0.023657012181468217,0.4509394572025052,51
2,Ranging / Low-Vol,30m,44,5.633882299668517e-05,-1.9317017987852125e-05,0.0029476997807403693,0.5,51
2,Ranging / Low-Vol,1h,44,-1.674639357758649e-05,0.00015382860783752506,0.003678235769478889,0.5227272727272727,51
2,Ranging / Low-Vol,2h,44,-0.0005155771770624297,-0.00021867980027412415,0.004498696336764475,0.4772727272727273,51
2,Ranging / Low-Vol,4h,44,-0.0013545396731606616,-0.000650891120720587,0.007141722120169534,0.38636363636363635,51
2,Ranging / Low-Vol,8h,44,-0.003824867549682708,-0.0006521888129427111,0.010719420211897,0.4318181818181818,51
3,Uptrend / High-Vol,30m,143,0.0005066130054361208,-2.8218620235165304e-05,0.008445732962315195,0.4965034965034965,51
3,Uptrend / High-Vol,1h,143,0.00011619350689764494,-0.0015413283492158314,0.01228537710799318,0.40559440559440557,51
3,Uptrend / High-Vol,2h,143,-0.0010611279575095675,-0.0018691434800075513,0.016381559483570538,0.43356643356643354,51
3,Uptrend / High-Vol,4h,143,-0.0055970536352252945,-0.006534168737866608,0.021370415519656516,0.3706293706293706,51
3,Uptrend / High-Vol,8h,143,-0.009231232234516003,-0.00899522907924677,0.02942704204215259,0.38461538461538464,51
4,Ranging / High-Vol,30m,109,0.0003406026211142602,-0.001135273288568328,0.013915556742469871,0.4954128440366973,51
4,Ranging / High-Vol,1h,109,0.0012510353662624376,-0.0008208147347428252,0.019315937091283188,0.47706422018348627,51
4,Ranging / High-Vol,2h,109,0.0020630971836687996,-0.001053877200941855,0.025496633670215155,0.47706422018348627,51
4,Ranging / High-Vol,4h,109,0.0018771716299872622,-0.0020336340338609205,0.03224034750018557,0.45871559633027525,51
4,Ranging / High-Vol,8h,109,-0.01133384479034054,-0.014945888488597348,0.04379069268639571,0.3761467889908257,51
5,Downtrend / High-Vol,30m,278,-0.00140967905378621,-2.5080546155464845e-06,0.00818650465982342,0.5,51
5,Downtrend / High-Vol,1h,278,-0.0025518259216911654,-0.0013866545330012414,0.01099404257322321,0.4316546762589928,51
5,Downtrend / High-Vol,2h,278,-0.004018302143787954,-0.002297933645457384,0.016819129006665986,0.41007194244604317,51
5,Downtrend / High-Vol,4h,276,-0.005201850963095582,-0.002595645211354025,0.026013526564344868,0.43478260869565216,51
5,Downtrend / High-Vol,8h,276,-0.0043867678644431965,-0.002411223099573867,0.031218967306987658,0.43478260869565216,51
0,Uptrend / High-Vol,30m,142,0.00011523853561667337,2.903436363244083e-05,0.007228316737909871,0.5070422535211268,52
0,Uptrend / High-Vol,1h,142,-2.830781989272854e-06,-0.0010410461640129043,0.010266523266166654,0.4295774647887324,52
0,Uptrend / High-Vol,2h,142,-0.001344981017801747,-0.0020807402496094696,0.012283664699726552,0.39436619718309857,52
0,Uptrend / High-Vol,4h,142,-0.0018847364543301856,-0.0017574069583616847,0.017297411271411007,0.44366197183098594,52
0,Uptrend / High-Vol,8h,142,-0.0009333711653749178,-0.0008325942220146487,0.019159128219342236,0.4788732394366197,52
1,Ranging / Low-Vol,30m,550,4.3482065508552055e-05,3.256208224566848e-05,0.004662576310043896,0.5072727272727273,52
1,Ranging / Low-Vol,1h,550,-2.4387676240180476e-05,-0.00010541137273811785,0.0063425593264517235,0.48545454545454547,52
1,Ranging / Low-Vol,2h,550,0.000273288669468082,0.00019246758504110062,0.009173951316433273,0.5145454545454545,52
1,Ranging / Low-Vol,4h,547,0.0002888997211278104,0.00026200875581317007,0.012841992808115174,0.5137111517367459,52
1,Ranging / Low-Vol,8h,543,0.0012452592770622725,0.0006589572176451952,0.01962884902294103,0.5193370165745856,52
2,Uptrend / Mid-Vol,30m,139,-0.00018091724654944539,-0.00045153089302196747,0.0066754329828514316,0.45323741007194246,52
2,Uptrend / Mid-Vol,1h,139,-0.00030298364622845253,-0.0008690558833777118,0.009318707231699006,0.45323741007194246,52
2,Uptrend / Mid-Vol,2h,139,0.0019874130352883065,-0.00029272197656204924,0.014871760783820472,0.4676258992805755,52
2,Uptrend / Mid-Vol,4h,139,0.002679891130734063,-0.00052100854886028,0.02026302037014804,0.4748201438848921,52
2,Uptrend / Mid-Vol,8h,139,-1.3692137871297114e-05,-0.0024312675123709937,0.02609203862504149,0.45323741007194246,52
3,Downtrend / High-Vol,30m,211,0.000380676986711856,0.00038291714355054296,0.005074107807959663,0.5355450236966824,52
3,Downtrend / High-Vol,1h,210,0.0008279405318305404,0.0012962892750572053,0.007203409519184952,0.5761904761904761,52
3,Downtrend / High-Vol,2h,208,0.0009360643195919313,0.0014442608862221817,0.011108448916225564,0.5576923076923077,52
3,Downtrend / High-Vol,4h,208,0.0005879322160980544,0.0008935073708071783,0.013445775880505375,0.5336538461538461,52
3,Downtrend / High-Vol,8h,208,0.004948482933901351,0.00335798876494664,0.017621087385837796,0.6201923076923077,52
4,Downtrend / High-Vol,30m,21,-1.7092745130482745e-05,-0.0011982807944317386,0.007814031053369617,0.38095238095238093,52
4,Downtrend / High-Vol,1h,21,0.0018829613606430634,0.00012996649868490806,0.0110208465582929,0.5714285714285714,52
4,Downtrend / High-Vol,2h,21,0.0021741022998208828,0.0020735286266475583,0.014953503942964531,0.5714285714285714,52
4,Downtrend / High-Vol,4h,21,-0.000551606430781147,0.00592494631488627,0.025565403313538203,0.6190476190476191,52
4,Downtrend / High-Vol,8h,21,-0.0010671206000428548,-0.006259363776599969,0.030794295877091624,0.47619047619047616,52
5,Ranging / Low-Vol,30m,424,7.802827219661054e-05,2.5167131020076283e-05,0.0047762464887454005,0.5070754716981132,52
5,Ranging / Low-Vol,1h,424,0.0002603950081187156,0.0004262731640043427,0.006808722708748845,0.5377358490566038,52
5,Ranging / Low-Vol,2h,424,0.00014578103007227588,-0.0001785646251812878,0.00863651798419943,0.4882075471698113,52
5,Ranging / Low-Vol,4h,423,0.0019440370946703796,0.001116001384739107,0.01350844515880356,0.5531914893617021,52
5,Ranging / Low-Vol,8h,419,0.00295655453440587,0.0012635348181930794,0.020589206811374397,0.5346062052505967,52
0,Ranging / Mid-Vol,30m,276,-0.00019690707527094466,0.000277957468978407,0.004496715112113219,0.5289855072463768,53
0,Ranging / Mid-Vol,1h,275,-0.0006886296562818408,-0.00027419467512501683,0.006195481217097393,0.48,53
0,Ranging / Mid-Vol,2h,274,-0.0006055901324699508,-0.00018338477692747546,0.008225603152149725,0.4854014598540146,53
0,Ranging / Mid-Vol,4h,274,-0.0006777216407265717,-3.864460323299568e-05,0.01112738558497689,0.49635036496350365,53
0,Ranging / Mid-Vol,8h,271,-0.0007974037013508959,7.626967832052856e-05,0.01501444591919755,0.5055350553505535,53
1,Ranging / Low-Vol,30m,728,-0.00023095442246972458,-0.00014502184228692983,0.0032915378309357297,0.4684065934065934,53
1,Ranging / Low-Vol,1h,728,-8.851743224710055e-05,-9.439399427080275e-05,0.0046267197311830694,0.49038461538461536,53
1,Ranging / Low-Vol,2h,727,-0.0004251416099985973,-0.0001746954977850379,0.006990625110943353,0.4828060522696011,53
1,Ranging / Low-Vol,4h,723,-0.000817850636898344,-0.00034257214196742325,0.0099154163236792,0.47994467496542187,53
1,Ranging / Low-Vol,8h,718,-0.0014130393244262919,-0.0017413991593544509,0.013676658910383005,0.4136490250696379,53
2,Uptrend / High-Vol,30m,45,-0.0002761122923964305,0.00010484742444205608,0.004580379782026612,0.5333333333333333,53
2,Uptrend / High-Vol,1h,45,-0.0014278895354483802,-0.0007989553661733595,0.007798763622411084,0.4444444444444444,53
2,Uptrend / High-Vol,2h,45,-0.003099571649133755,-0.002003421822671214,0.012455677399724238,0.37777777777777777,53
2,Uptrend / High-Vol,4h,45,-0.007281482780347777,-0.004205990525207426,0.016757195230713416,0.37777777777777777,53
2,Uptrend / High-Vol,8h,45,-0.008434702765152756,-0.002876698686799628,0.017887146318108903,0.35555555555555557,53
3,Downtrend / High-Vol,30m,82,-0.0005894599281582896,-0.00048093522793646315,0.004898348059757199,0.43902439024390244,53
3,Downtrend / High-Vol,1h,82,-0.000615108020497051,-0.0004580869422010636,0.006058060495438145,0.47560975609756095,53
3,Downtrend / High-Vol,2h,82,-7.055435155678142e-05,-0.00030911054652804637,0.007544406780696775,0.47560975609756095,53
3,Downtrend / High-Vol,4h,82,1.37794743106338e-05,-0.0002907898159989486,0.008666130998313842,0.4878048780487805,53
3,Downtrend / High-Vol,8h,82,-0.004507166294548431,-0.0009224160474543552,0.017194158788849515,0.4634146341463415,53
4,Ranging / Low-Vol,30m,350,0.0003861401587437336,7.712550037908272e-05,0.0036623915830403244,0.52,53
4,Ranging / Low-Vol,1h,350,0.00023868693516721607,0.00021024717175688323,0.0057883370771449226,0.5171428571428571,53
4,Ranging / Low-Vol,2h,350,0.00010983982275010058,0.00035645052208632677,0.007924055505512647,0.5228571428571429,53
4,Ranging / Low-Vol,4h,350,2.901649970513834e-06,-3.79552815168438e-05,0.011042975039427751,0.4942857142857143,53
4,Ranging / Low-Vol,8h,350,-0.0008720747008042906,-0.000996203315618338,0.015092191699341246,0.44857142857142857,53
5,Downtrend / High-Vol,30m,6,-0.0007327375428059687,-0.0006942215419298847,0.004335628628067196,0.5,53
5,Downtrend / High-Vol,1h,6,-0.003813709694408196,-0.003237514989426593,0.004181128843497073,0.16666666666666666,53
5,Downtrend / High-Vol,2h,6,-0.0047521275409267245,-0.005875835232917126,0.00350087931234426,0.16666666666666666,53
5,Downtrend / High-Vol,4h,6,-0.0145245325799254,-0.015996441107261283,0.007473667483304623,0.0,53
5,Downtrend / High-Vol,8h,6,-0.015655425556770908,-0.01697654646373259,0.00993934958050278,0.0,53
0,Uptrend / High-Vol,30m,118,0.00022355703747300063,0.0005460488783937123,0.008085291636998674,0.5423728813559322,54
0,Uptrend / High-Vol,1h,118,7.416517679329926e-05,-0.0010126343367362622,0.009960469905027965,0.4745762711864407,54
0,Uptrend / High-Vol,2h,118,0.000764033083027043,-0.00041091050331587553,0.011759372562755648,0.4915254237288136,54
0,Uptrend / High-Vol,4h,118,0.0036961423225573557,0.003910850801027266,0.015254632759578906,0.6610169491525424,54
0,Uptrend / High-Vol,8h,115,0.0054351677834304415,0.005184467069101473,0.02036282091792742,0.6086956521739131,54
1,Ranging / Mid-Vol,30m,604,-6.907258850554163e-05,4.065730214186658e-05,0.004576746239011537,0.5049668874172185,54
1,Ranging / Mid-Vol,1h,603,7.572404728939736e-05,-4.474025582368313e-05,0.005925477534638774,0.494195688225539,54
1,Ranging / Mid-Vol,2h,602,-6.774670654566411e-05,8.879333113132049e-05,0.00917243113346004,0.5083056478405316,54
1,Ranging / Mid-Vol,4h,601,-0.0002671318037522772,0.0001096573467638251,0.012782707173805046,0.5091514143094842,54
1,Ranging / Mid-Vol,8h,598,-0.0010530370242075432,0.00035762693591667727,0.01932294462953378,0.5217391304347826,54
2,Downtrend / High-Vol,30m,104,2.5967386645346752e-05,0.0007847150023394533,0.005720940814959069,0.5673076923076923,54
2,Downtrend / High-Vol,1h,104,5.993027687079843e-05,0.0013610763558746797,0.008261235738901265,0.5769230769230769,54
2,Downtrend / High-Vol,2h,104,0.000578766432036163,0.0022073989068989164,0.010534380647149781,0.6442307692307693,54
2,Downtrend / High-Vol,4h,101,0.0015003591162343292,0.0027542347838700465,0.01267801200420522,0.6336633663366337,54
2,Downtrend / High-Vol,8h,100,0.006518814359996021,0.006842080162323683,0.02032234362498251,0.66,54
3,Ranging / Low-Vol,30m,497,0.0002409858947600658,0.0002939395799774758,0.0036445728941395606,0.5513078470824949,54
3,Ranging / Low-Vol,1h,497,0.00021043777923238904,0.00013478364595087555,0.006198083406566349,0.5171026156941649,54
3,Ranging / Low-Vol,2h,496,0.0004779342784925021,0.00024788440351120045,0.009408991043310978,0.5080645161290323,54
3,Ranging / Low-Vol,4h,496,2.0189044173063264e-05,3.979589789082638e-05,0.014206198562227889,0.5020161290322581,54
3,Ranging / Low-Vol,8h,495,-0.0006995540417446736,3.3870483823861264e-05,0.021190718323717155,0.5070707070707071,54
4,Ranging / Low-Vol,30m,84,-0.0004156513083875625,-0.00018063577977667222,0.002475800466798875,0.4523809523809524,54
4,Ranging / Low-Vol,1h,84,-0.0007699700721945923,-2.6889909188199113e-05,0.0032290049452180607,0.5,54
4,Ranging / Low-Vol,2h,84,-0.001839403418811212,-0.0013300904239006428,0.00408968942129989,0.38095238095238093,54
4,Ranging / Low-Vol,4h,84,-0.0021693879896025124,-0.0030439001316793224,0.006350218737234886,0.30952380952380953,54
4,Ranging / Low-Vol,8h,84,-0.0017250430059243009,-0.0029889292131555223,0.010012219632450515,0.3333333333333333,54
5,Downtrend / High-Vol,30m,32,-0.0033245093562824235,-0.0021198327231291003,0.011012143382796385,0.34375,54
5,Downtrend / High-Vol,1h,32,-0.005181290688663243,-0.00428719698487523,0.009721970798720838,0.3125,54
5,Downtrend / High-Vol,2h,32,-0.010401907826580126,-0.006991900194075917,0.013820654450469008,0.25,54
5,Downtrend / High-Vol,4h,32,-0.01676200857863447,-0.01786853841638525,0.0196094973940067,0.1875,54
5,Downtrend / High-Vol,8h,32,-0.01752590971325757,-0.014935023519764279,0.02381977252871474,0.3125,54
0,Ranging / Low-Vol,30m,759,-9.621056228123419e-05,-7.4166229822481e-05,0.0025077942164203853,0.48221343873517786,55
0,Ranging / Low-Vol,1h,759,-5.1690841451620216e-05,-1.7713370572991494e-05,0.0036244420964441923,0.4927536231884058,55
0,Ranging / Low-Vol,2h,758,-0.00014709834235698637,-0.00011787316466804754,0.004726177030510179,0.4788918205804749,55
0,Ranging / Low-Vol,4h,754,-0.00020612116472527484,-0.0001133643656716643,0.006421027129214792,0.4880636604774536,55
0,Ranging / Low-Vol,8h,748,8.874459615558398e-06,-0.0006362528690209146,0.009060873563259735,0.446524064171123,55
1,Ranging / Low-Vol,30m,599,5.0081832717248614e-05,0.00011362232680589557,0.002956156642094231,0.5225375626043406,55
1,Ranging / Low-Vol,1h,598,-3.048055099099006e-05,2.9657674573968507e-05,0.0037020936793449423,0.5050167224080268,55
1,Ranging / Low-Vol,2h,597,0.00012076069070517967,-4.61678821661593e-05,0.004975550388713082,0.49581239530988275,55
1,Ranging / Low-Vol,4h,597,0.00025728381086847205,7.757642963035494e-05,0.006727861099420281,0.509212730318258,55
1,Ranging / Low-Vol,8h,595,4.4065613396510376e-05,-0.0006123936422461895,0.010003160140378407,0.453781512605042,55
2,Uptrend / Mid-Vol,30m,66,0.0003531991762809168,4.486425085659107e-05,0.0028169798640408266,0.5,55
2,Uptrend / Mid-Vol,1h,66,0.0005143549028675363,-0.0003240717250836411,0.004314303427087193,0.4696969696969697,55
2,Uptrend / Mid-Vol,2h,66,0.0013978786320897295,-7.629779989670737e-05,0.007193075368533929,0.48484848484848486,55
2,Uptrend / Mid-Vol,4h,66,0.0016997327415266491,0.0004707226241835727,0.012252486156373144,0.5303030303030303,55
2,Uptrend / Mid-Vol,8h,66,0.0028779352749718516,0.0017650105165021301,0.01196260367210558,0.5303030303030303,55
3,Downtrend / High-Vol,30m,45,0.0011649531802939508,0.0007129753825463325,0.0044228373163799906,0.6,55
3,Downtrend / High-Vol,1h,45,0.0019393898909575412,0.0018055978423383579,0.007388761263485791,0.6444444444444445,55
3,Downtrend / High-Vol,2h,45,0.0023719980146939433,0.0016141176266657453,0.011791761025118941,0.6,55
3,Downtrend / High-Vol,4h,45,0.00484702669951839,0.0022432097436499987,0.016377339794328396,0.5777777777777777,55
3,Downtrend / High-Vol,8h,45,0.009435289403979396,0.0036243730850085143,0.019647865644463643,0.5777777777777777,55
4,Uptrend / High-Vol,30m,18,0.0010710548459657884,0.0012400725067962526,0.005290374415540929,0.6111111111111112,55
4,Uptrend / High-Vol,1h,18,0.0023646305409510404,0.002838850658298142,0.005864346197084301,0.6666666666666666,55
4,Uptrend / High-Vol,2h,18,0.003005161000720532,0.0006891056458080413,0.008908631837166538,0.5,55
4,Uptrend / High-Vol,4h,18,0.004758814770614548,0.002202489554383291,0.01237210998780917,0.6111111111111112,55
4,Uptrend / High-Vol,8h,18,0.011087943469661157,0.012466216966561028,0.01507388806812304,0.6111111111111112,55
0,Ranging / Mid-Vol,30m,491,-8.568565608731785e-05,-0.00015873206781868987,0.005310611957506975,0.4786150712830957,56
0,Ranging / Mid-Vol,1h,491,3.7119576718550975e-05,-2.157687390891283e-05,0.0068109758762700395,0.4969450101832994,56
0,Ranging / Mid-Vol,2h,490,-0.0006148188515739615,-0.000252401536207536,0.008696113637299729,0.46938775510204084,56
0,Ranging / Mid-Vol,4h,487,0.000260462297942002,0.00023161373109736871,0.011846173698005719,0.5092402464065708,56
0,Ranging / Mid-Vol,8h,484,-0.0011440923174366932,-0.0004375430212322229,0.018235989539356574,0.4855371900826446,56
1,Ranging / Low-Vol,30m,396,3.283144729430064e-05,4.169856199176536e-05,0.003457778429491857,0.5126262626262627,56
1,Ranging / Low-Vol,1h,395,-0.00019692791988783516,-0.00020696990500113088,0.005205614252007367,0.4759493670886076,56
1,Ranging / Low-Vol,2h,394,-2.8171136062623227e-05,-0.00014639998245336017,0.0068003927041535095,0.48984771573604063,56
1,Ranging / Low-Vol,4h,393,-0.0009686621334036076,-0.0005812887514711207,0.009852975320861901,0.455470737913486,56
1,Ranging / Low-Vol,8h,390,-0.0018129082546250285,-0.001177670620214677,0.014937450794588138,0.4641025641025641,56
2,Ranging / Low-Vol,30m,309,-3.2883842552320166e-05,-2.3082721074985102e-05,0.0020071522878523105,0.49838187702265374,56
2,Ranging / Low-Vol,1h,309,-0.00010184381501552671,3.1157799877945536e-05,0.0029421808635075996,0.511326860841424,56
2,Ranging / Low-Vol,2h,309,-0.00029002231428150194,-0.00018014554357748125,0.00431056412519961,0.4563106796116505,56
2,Ranging / Low-Vol,4h,309,-0.0013685530481682185,-0.0007152208323315534,0.006566033293623582,0.4336569579288026,56
2,Ranging / Low-Vol,8h,309,-0.0033517442030163622,-0.0018885684648068946,0.009160319745348797,0.3948220064724919,56
3,Downtrend / High-Vol,30m,110,-0.00044811497391277817,0.00041189623141502096,0.008038973753908796,0.5181818181818182,56
3,Downtrend / High-Vol,1h,110,-0.0005623776582071633,0.0008191119747582576,0.013223687066443108,0.5545454545454546,56
3,Downtrend / High-Vol,2h,110,0.0006387175320890393,0.0011350726015573187,0.020405367148533735,0.5545454545454546,56
3,Downtrend / High-Vol,4h,110,-0.0036709464128875558,0.00023197959758736175,0.02981210590061347,0.509090909090909,56
3,Downtrend / High-Vol,8h,110,-0.00641162287030789,0.0011133488226580113,0.03470650945522768,0.5181818181818182,56
4,Ranging / High-Vol,30m,70,-0.0007053279962705566,-0.00029890484756034397,0.013383828311806241,0.44285714285714284,56
4,Ranging / High-Vol,1h,70,-0.0021194954393724177,-0.0019031835725895618,0.01847745443341463,0.42857142857142855,56
4,Ranging / High-Vol,2h,70,-0.0046577289809109496,-0.0038078896987876476,0.026056007333356133,0.4142857142857143,56
4,Ranging / High-Vol,4h,70,-0.004014113864411126,-0.0019079452197168223,0.02859069354131502,0.4714285714285714,56
4,Ranging / High-Vol,8h,70,-0.006576459434053307,-0.007164785226496662,0.033010182152927406,0.4142857142857143,56
5,Uptrend / High-Vol,30m,63,-0.0005952207486127048,-0.0006696517221360665,0.0067883965434324105,0.42857142857142855,56
5,Uptrend / High-Vol,1h,63,-0.0007756916952291906,-0.0008112610686303867,0.008937373272821054,0.4603174603174603,56
5,Uptrend / High-Vol,2h,63,-0.0008497166095623578,-0.0002610494019013032,0.011399887054966605,0.47619047619047616,56
5,Uptrend / High-Vol,4h,63,-0.0013292144020931958,-0.001320077105591011,0.012706392752224132,0.4126984126984127,56
5,Uptrend / High-Vol,8h,61,0.007335612487029903,0.0015099083256249202,0.022558566633801905,0.5737704918032787,56
0,Uptrend / High-Vol,30m,3,-0.002521545448621746,-0.00186321447405291,0.0026987239696258537,0.3333333333333333,57
0,Uptrend / High-Vol,1h,3,-0.0053665491014124695,-0.006671796484319259,0.0028139379157130066,0.0,57
0,Uptrend / High-Vol,2h,3,-0.006884888222854713,-0.006439186016532261,0.0008922027816615217,0.0,57
0,Uptrend / High-Vol,4h,3,-0.011548770331357261,-0.011460492299372405,0.0022117609259378534,0.0,57
0,Uptrend / High-Vol,8h,3,-0.007326026228671623,-0.007297262008099992,0.001646356229946302,0.0,57
1,Ranging / Low-Vol,30m,764,-7.598568433074483e-05,-6.12252234120092e-05,0.001823778024587046,0.4620418848167539,57
1,Ranging / Low-Vol,1h,763,-0.00010391235915894827,-6.177815348173965e-05,0.0027659305439937786,0.49148099606815204,57
1,Ranging / Low-Vol,2h,763,-7.32902093613794e-05,-2.376434326833987e-05,0.0036805166365189556,0.4967234600262123,57
1,Ranging / Low-Vol,4h,762,-0.000226743410533993,3.267062205125626e-05,0.004765415288436656,0.5065616797900262,57
1,Ranging / Low-Vol,8h,757,-0.00021131587988568675,-9.014431049614302e-05,0.0071150786765007724,0.4914134742404227,57
2,Downtrend / High-Vol,30m,32,-0.0003326584930111176,0.0005012915286544128,0.0031582107905220973,0.5625,57
2,Downtrend / High-Vol,1h,32,-0.00011860925952694723,0.0003143433346224356,0.003749711563451072,0.53125,57
2,Downtrend / High-Vol,2h,32,0.00027763575180661526,0.0012053808088161588,0.0039032992092802553,0.625,57
2,Downtrend / High-Vol,4h,32,-0.0003017383955166153,0.0003349987622174311,0.0065725564487297645,0.5625,57
2,Downtrend / High-Vol,8h,32,-0.0030041695525147016,-0.0034169741895047068,0.009646720883089592,0.34375,57
3,Ranging / Low-Vol,30m,662,7.358357513611875e-05,3.1049020865481225e-07,0.001640573572902024,0.5,57
3,Ranging / Low-Vol,1h,662,8.84841286988944e-05,0.00010894509254733009,0.0023640424395163905,0.5362537764350453,57
3,Ranging / Low-Vol,2h,660,-0.00010432775955411053,0.00013744198905474292,0.0035361641041079576,0.5242424242424243,57
3,Ranging / Low-Vol,4h,657,-0.0002153860557010863,-3.5654140564389536e-06,0.004948209056159559,0.4992389649923896,57
3,Ranging / Low-Vol,8h,654,-0.0004110541011899496,-0.00015683496311691414,0.007541943409374998,0.481651376146789,57
4,Uptrend / Mid-Vol,30m,26,-0.0004445504842752831,-0.0007482824462794468,0.004859556386821451,0.38461538461538464,57
4,Uptrend / Mid-Vol,1h,26,-0.001397068936451563,-0.00032091527577104983,0.0069821880347058695,0.38461538461538464,57
4,Uptrend / Mid-Vol,2h,26,-0.0003929930617711391,0.00021088491249088293,0.009757904018525682,0.5,57
4,Uptrend / Mid-Vol,4h,26,0.002904076524032667,0.00046152608610672274,0.012842296190261138,0.5769230769230769,57
4,Uptrend / Mid-Vol,8h,26,0.0003643081833027887,0.0015362048380600513,0.012081099557185318,0.6538461538461539,57
0,Downtrend / Mid-Vol,30m,63,0.0002176244737769357,0.0007107103966994543,0.00478783843668776,0.5873015873015873,58
0,Downtrend / Mid-Vol,1h,63,0.00032924910581101137,0.0007995846839996545,0.0055127707436754955,0.6190476190476191,58
0,Downtrend / Mid-Vol,2h,62,0.0013654160006353548,0.0012007649074137206,0.005910095370517608,0.5806451612903226,58
0,Downtrend / Mid-Vol,4h,62,0.0031802206967444387,0.002576428273500575,0.009498407515860676,0.6935483870967742,58
0,Downtrend / Mid-Vol,8h,62,0.005094396910500592,0.004256945421332148,0.011201315638637315,0.7419354838709677,58
1,Ranging / Low-Vol,30m,460,4.036581920550506e-05,-4.967330758276489e-06,0.001329268509158514,0.49130434782608695,58
1,Ranging / Low-Vol,1h,460,0.00016574386984584205,3.1080153698681556e-05,0.002107072081165235,0.5130434782608696,58
1,Ranging / Low-Vol,2h,460,0.0003313882830714345,-1.6034427611444357e-05,0.0029341020016060335,0.49130434782608695,58
1,Ranging / Low-Vol,4h,460,0.00045370028060100464,9.418098192703894e-05,0.004589869023045378,0.5173913043478261,58
1,Ranging / Low-Vol,8h,460,0.0015610839956635017,0.000837219293588376,0.006183050344356032,0.6173913043478261,58
2,Uptrend / High-Vol,30m,56,0.0004714841389555754,0.00022240400904216528,0.007557391628736668,0.5178571428571429,58
2,Uptrend / High-Vol,1h,56,0.0016455333312724388,0.000530008142489713,0.011025241422839937,0.5178571428571429,58
2,Uptrend / High-Vol,2h,56,0.003914330669249891,-0.0003667587925511029,0.0144270285335726,0.4642857142857143,58
2,Uptrend / High-Vol,4h,56,0.007117317247800514,0.0004772235625276622,0.019147454808605482,0.5535714285714286,58
2,Uptrend / High-Vol,8h,56,0.008771892276651474,-0.0005670484599846759,0.025949273048581002,0.48214285714285715,58
3,Ranging / Mid-Vol,30m,507,0.00022338899525416815,0.00010579253310538661,0.003035104888729327,0.5128205128205128,58
3,Ranging / Mid-Vol,1h,506,0.000718701053983048,0.0006353616802430295,0.004963155995850304,0.5830039525691699,58
3,Ranging / Mid-Vol,2h,505,0.0012288161348318358,0.0007183097949798878,0.007145990069948779,0.5821782178217821,58
3,Ranging / Mid-Vol,4h,504,0.0022791486004242736,0.0011278403442691598,0.010696953637144482,0.5932539682539683,58
3,Ranging / Mid-Vol,8h,499,0.004227110987101734,0.0017546104129966267,0.015802039562853372,0.5811623246492986,58
4,Downtrend / High-Vol,30m,13,0.001399067611255343,0.0008922098450270255,0.007359612930172844,0.5384615384615384,58
4,Downtrend / High-Vol,1h,13,0.004881740743174353,0.0020309917623553275,0.006767622060736128,0.6923076923076923,58
4,Downtrend / High-Vol,2h,13,0.008151711637882367,0.004426262056785646,0.006875506187222691,0.9230769230769231,58
4,Downtrend / High-Vol,4h,13,0.006637965499279948,0.003963002519421721,0.01006650309890572,0.6923076923076923,58
4,Downtrend / High-Vol,8h,13,-0.0008669060829402151,-0.0013588842455121153,0.013231561523677556,0.46153846153846156,58
5,Ranging / Low-Vol,30m,388,0.0003730852892112172,0.0004188518577015188,0.003855569231234001,0.5798969072164949,58
5,Ranging / Low-Vol,1h,388,0.0001382748547170126,0.0001401603076462976,0.004651126527722146,0.520618556701031,58
5,Ranging / Low-Vol,2h,388,0.00038580220883132374,0.00057624179881266,0.007108077783626532,0.5541237113402062,58
5,Ranging / Low-Vol,4h,385,0.0016035165483761094,0.0004995967100018817,0.009713604201466056,0.5376623376623376,58
5,Ranging / Low-Vol,8h,382,0.004517483913439663,0.0023802309645049036,0.015028341419600858,0.599476439790576,58
0,Ranging / Low-Vol,30m,518,-3.767567465756147e-05,-0.0001490865935513952,0.0028443757196807166,0.4594594594594595,59
0,Ranging / Low-Vol,1h,517,6.50811230793894e-05,-6.274375899018025e-05,0.004459164544207844,0.4912959381044487,59
0,Ranging / Low-Vol,2h,517,-0.00018452586755788903,-0.00020496901048261407,0.0064850901056024346,0.4835589941972921,59
0,Ranging / Low-Vol,4h,514,-0.0002977344280442438,-0.0002593315621259862,0.009062029020608351,0.4805447470817121,59
0,Ranging / Low-Vol,8h,512,-0.0002899255317903582,-0.001151813797815926,0.012968894657459772,0.439453125,59
1,Downtrend / High-Vol,30m,98,0.0002127953614252438,0.0012697275418585008,0.005415235937277728,0.5816326530612245,59
1,Downtrend / High-Vol,1h,98,0.0003775402023586949,0.0009977775773286623,0.006648019842044637,0.6122448979591837,59
1,Downtrend / High-Vol,2h,98,-0.0001415497944320818,0.0013993769410873824,0.00895628035050983,0.5510204081632653,59
1,Downtrend / High-Vol,4h,98,-0.0008993873912177994,0.001018398658625408,0.00976639563195425,0.5612244897959183,59
1,Downtrend / High-Vol,8h,96,-0.0006217377273135538,0.00027548679907951623,0.011200223502177748,0.5104166666666666,59
2,Uptrend / Mid-Vol,30m,60,0.0010887580983743501,0.00040657103787644644,0.006311663749880698,0.5666666666666667,59
2,Uptrend / Mid-Vol,1h,60,0.0018435951613939552,0.0006961726377525679,0.008954764937290865,0.5833333333333334,59
2,Uptrend / Mid-Vol,2h,60,0.0025373025591713433,0.00036223512655109147,0.01282416810208307,0.5833333333333334,59
2,Uptrend / Mid-Vol,4h,60,0.003786349572915674,0.002528454804317626,0.01589752685027039,0.6333333333333333,59
2,Uptrend / Mid-Vol,8h,60,0.007175597258139336,0.0030498302124035703,0.028408012107854375,0.6,59
3,Uptrend / High-Vol,30m,50,8.895119056376188e-05,8.63969675979348e-05,0.005155557215619668,0.52,59
3,Uptrend / High-Vol,1h,50,0.00011606742140411797,0.0011671839195361855,0.006673292477338969,0.56,59
3,Uptrend / High-Vol,2h,50,0.0016060343349651163,0.0016472112511385362,0.008054176325242874,0.62,59
3,Uptrend / High-Vol,4h,50,0.002919490616374745,0.0021616361790881555,0.010835540550893032,0.58,59
3,Uptrend / High-Vol,8h,50,0.0005080527738705954,-0.00021966707299725385,0.02101982076778856,0.48,59
4,Downtrend / High-Vol,30m,2,0.005413874428693788,0.005413874428693788,0.0006505395951563742,1.0,59
4,Downtrend / High-Vol,1h,2,0.009947504506633287,0.009947504506633287,0.001662659964840607,1.0,59
4,Downtrend / High-Vol,2h,2,0.015675865027527713,0.015675865027527713,0.0016512779978343772,1.0,59
4,Downtrend / High-Vol,4h,2,0.015083878888004776,0.015083878888004776,0.0015302648540114205,1.0,59
4,Downtrend / High-Vol,8h,2,0.013257871044431546,0.013257871044431546,0.008197077408119036,1.0,59
5,Ranging / Low-Vol,30m,615,-0.0001263769915791155,-7.347592564599381e-05,0.002829195299771719,0.4764227642276423,59
5,Ranging / Low-Vol,1h,615,-0.0003267445709611694,-0.0001318713713036601,0.0038047582503028185,0.48292682926829267,59
5,Ranging / Low-Vol,2h,613,-0.00023044214913062346,-6.601527547367425e-05,0.005517129798927826,0.48613376835236544,59
5,Ranging / Low-Vol,4h,612,-0.00021087129728203006,-0.00022235698655492797,0.009136123707863661,0.48366013071895425,59
5,Ranging / Low-Vol,8h,608,-0.0002183884699322122,-0.0010293004850661092,0.012683132277478413,0.4407894736842105,59
0,Downtrend / Mid-Vol,30m,117,-0.0015054602203527258,6.544226611282511e-06,0.006812035262508154,0.5042735042735043,60
0,Downtrend / Mid-Vol,1h,117,-0.0015167343120178096,0.00038827895295590054,0.009820711678440145,0.5213675213675214,60
0,Downtrend / Mid-Vol,2h,115,-0.001796363184191053,0.0014295225432068293,0.014500938197079094,0.5739130434782609,60
0,Downtrend / Mid-Vol,4h,114,-0.0007018555109195608,0.001411335091926702,0.018708799780380096,0.5701754385964912,60
0,Downtrend / Mid-Vol,8h,114,0.002171491184668779,0.0015805988850612351,0.022910427259512308,0.5877192982456141,60
1,Ranging / Low-Vol,30m,172,0.00010129204781664818,-2.9273196251011768e-05,0.0017083307925132554,0.4883720930232558,60
1,Ranging / Low-Vol,1h,172,6.562172256933145e-05,-0.00014790975967837738,0.002762747788350635,0.46511627906976744,60
1,Ranging / Low-Vol,2h,172,0.0002725654618493893,-0.00030100093583129706,0.004489676932113583,0.4418604651162791,60
1,Ranging / Low-Vol,4h,172,0.0013016409230966952,0.00012678468286519973,0.007131916645074647,0.5058139534883721,60
1,Ranging / Low-Vol,8h,172,0.0021311953517903375,-0.0002588942552135265,0.017090295059635625,0.48255813953488375,60
2,Ranging / Mid-Vol,30m,577,0.00026074795106549424,3.7329026397969756e-05,0.0036907198610149194,0.5025996533795494,60
2,Ranging / Mid-Vol,1h,575,0.00041843212661510967,0.0003006658738051726,0.005401212473341023,0.528695652173913,60
2,Ranging / Mid-Vol,2h,574,0.0006562751352684591,0.00012352362513023962,0.00829175882678655,0.5156794425087108,60
2,Ranging / Mid-Vol,4h,571,0.0010725784216664212,5.668099532485371e-05,0.013923283975694376,0.5043782837127846,60
2,Ranging / Mid-Vol,8h,563,0.0027913737836830236,0.0013027068670528053,0.019616116031185717,0.5541740674955595,60
3,Uptrend / High-Vol,30m,133,0.001465337662911332,0.0005920229603990634,0.008200866768187912,0.5488721804511278,60
3,Uptrend / High-Vol,1h,133,0.0022776717001857377,0.0002798442791949185,0.011016163582124937,0.5112781954887218,60
3,Uptrend / High-Vol,2h,133,0.004081178242540543,0.0009234294604976157,0.016185184139117636,0.5263157894736842,60
3,Uptrend / High-Vol,4h,133,0.004800111139330005,0.0005068669846650664,0.02127634117005814,0.5338345864661654,60
3,Uptrend / High-Vol,8h,133,0.004303866833751039,0.0017000607856001437,0.025949377779270984,0.518796992481203,60
4,Ranging / Low-Vol,30m,405,-2.021232008603995e-05,-0.00017334499136723025,0.003319328334548185,0.4666666666666667,60
4,Ranging / Low-Vol,1h,405,1.9392123407070404e-05,-0.00011342208623688066,0.005694290739038362,0.48641975308641977,60
4,Ranging / Low-Vol,2h,404,0.0003054208860566292,-0.00022012755541744866,0.008302624036767795,0.48267326732673266,60
4,Ranging / Low-Vol,4h,400,0.0009819736682414248,-0.00033681086076953193,0.012900481543310383,0.475,60
4,Ranging / Low-Vol,8h,392,0.002272618777420379,0.0008615465218513307,0.019463750677699867,0.5459183673469388,60
5,Downtrend / High-Vol,30m,54,0.0008946250623095903,0.0009739219977671354,0.009942166941787706,0.5370370370370371,60
5,Downtrend / High-Vol,1h,54,0.001257104937767716,0.0015397841666597856,0.011507294484206152,0.5370370370370371,60
5,Downtrend / High-Vol,2h,54,0.0002907261742688405,0.001671200054992994,0.010687553315632549,0.5925925925925926,60
5,Downtrend / High-Vol,4h,54,-0.0003282333421853015,0.0012964604781862121,0.013070135290502683,0.5555555555555556,60
5,Downtrend / High-Vol,8h,54,-0.003968350459293803,0.0005841040146963294,0.02110095283585601,0.5185185185185185,60
0,Uptrend / High-Vol,30m,65,0.00042502268011373936,0.00045939837392516836,0.00360379157784202,0.5538461538461539,61
0,Uptrend / High-Vol,1h,65,0.0008077848054140665,0.0006997388579499386,0.00455503365349201,0.5384615384615384,61
0,Uptrend / High-Vol,2h,65,0.0015234505929209846,0.0004497491450692337,0.005833556020662736,0.5384615384615384,61
0,Uptrend / High-Vol,4h,65,0.0019838051935582696,-0.000653618693165825,0.015299670729000063,0.49230769230769234,61
0,Uptrend / High-Vol,8h,63,-0.0007877873078073767,0.0013118402506098192,0.02492441269028637,0.5079365079365079,61
1,Ranging / Low-Vol,30m,436,0.00015634534992794557,0.0002424063863273318,0.0032250119767789124,0.5435779816513762,61
1,Ranging / Low-Vol,1h,435,8.515599263507271e-05,1.945842426209765e-05,0.004754045011904162,0.503448275862069,61
1,Ranging / Low-Vol,2h,435,-0.0004007605854549035,-2.7146834231217554e-05,0.008111974702184218,0.496551724137931,61
1,Ranging / Low-Vol,4h,433,-0.0005054835751490973,-0.0005067250293162573,0.00962709786035519,0.4618937644341801,61
1,Ranging / Low-Vol,8h,430,-0.0007665939936341088,-0.0011115202983251748,0.012423233977787997,0.4232558139534884,61
2,Ranging / Low-Vol,30m,362,5.1123743259586234e-05,8.102484261041099e-05,0.0015133791556164154,0.5138121546961326,61
2,Ranging / Low-Vol,1h,362,0.00012678937610197255,-1.4340840544413425e-05,0.0024961534607239183,0.49171270718232046,61
2,Ranging / Low-Vol,2h,362,0.00028935331712209427,-7.87283016636664e-05,0.003708610712457265,0.48342541436464087,61
2,Ranging / Low-Vol,4h,362,0.0005668999784340067,-0.0004380146421194553,0.007358575375924058,0.4613259668508287,61
2,Ranging / Low-Vol,8h,362,0.0019481324921226035,0.00036643037844452664,0.01062784078531867,0.5248618784530387,61
3,Ranging / Mid-Vol,30m,518,-0.00020403124336902832,-8.635471216855706e-05,0.0034137297120432047,0.4691119691119691,61
3,Ranging / Mid-Vol,1h,518,-0.00029347764452902124,-4.0680445880347804e-05,0.005267205209780637,0.49613899613899615,61
3,Ranging / Mid-Vol,2h,516,-0.00014766542103575287,7.966402190895394e-05,0.006413244639239733,0.5135658914728682,61
3,Ranging / Mid-Vol,4h,514,-0.00034083383712649694,-0.0002957133351877417,0.008449444185031695,0.48249027237354086,61
3,Ranging / Mid-Vol,8h,511,-0.0003579160913161599,-0.000441457877927931,0.011348572409888192,0.46771037181996084,61
4,Downtrend / High-Vol,30m,44,-0.0005279385596202699,0.0002495699647422356,0.00724523871324608,0.5454545454545454,61
4,Downtrend / High-Vol,1h,44,-0.00032652228984622866,0.00033207604327500917,0.00917401776628903,0.5227272727272727,61
4,Downtrend / High-Vol,2h,44,0.0008279197657880696,0.0014274136171330554,0.005880949862358043,0.6363636363636364,61
4,Downtrend / High-Vol,4h,44,0.0016425290013320744,0.002557926192392479,0.006136587464461227,0.6363636363636364,61
4,Downtrend / High-Vol,8h,44,0.004068095879701129,0.0033639244815102387,0.005891051467485091,0.7727272727272727,61
5,Downtrend / High-Vol,30m,14,0.002886947734695587,-0.0007247958858620507,0.013984896007117996,0.5,61
5,Downtrend / High-Vol,1h,14,0.006408522569779735,0.003818093590028049,0.015952066095372454,0.7142857142857143,61
5,Downtrend / High-Vol,2h,14,0.009249762023670957,0.004132980297463895,0.015981042828581097,0.7142857142857143,61
5,Downtrend / High-Vol,4h,14,0.0156991434894416,0.01764406201058577,0.017941924982537945,0.8571428571428571,61
5,Downtrend / High-Vol,8h,14,0.014953178890501613,0.016219981988420784,0.016705742435424557,0.7857142857142857,61
0,Uptrend / High-Vol,30m,39,0.000716184344527075,6.25701456833383e-05,0.003755059817903024,0.5641025641025641,62
0,Uptrend / High-Vol,1h,39,0.0012534782216022495,-8.298348820190427e-05,0.004558069462177403,0.48717948717948717,62
0,Uptrend / High-Vol,2h,39,0.0015160722066855925,0.0007604901984965551,0.004355340735312311,0.5384615384615384,62
0,Uptrend / High-Vol,4h,39,0.0003800826250230471,0.0007490322612913047,0.01073643625673053,0.6410256410256411,62
0,Uptrend / High-Vol,8h,39,4.2316251068723726e-05,-7.170504352949081e-05,0.01026662280409867,0.48717948717948717,62
1,Ranging / Mid-Vol,30m,546,-0.00018354288227760457,-8.734819192035559e-05,0.0031772206716983555,0.489010989010989,62
1,Ranging / Mid-Vol,1h,546,-0.0004303211252440692,-0.0002388877762262709,0.004134978072120051,0.4652014652014652,62
1,Ranging / Mid-Vol,2h,545,-0.0007072278868935584,-0.00024036506021474224,0.005983337328344178,0.47339449541284406,62
1,Ranging / Mid-Vol,4h,542,-0.001118876297858691,-0.0007701453286097504,0.007458381050416895,0.42988929889298894,62
1,Ranging / Mid-Vol,8h,538,-0.0013482164123917936,-0.0009715811390309526,0.00989660559136155,0.4368029739776952,62
2,Ranging / Low-Vol,30m,368,-3.2354022939256914e-05,-6.171728692550005e-06,0.0015667685540991954,0.49728260869565216,62
2,Ranging / Low-Vol,1h,368,2.0160293847828662e-05,4.492789421739474e-05,0.002493468118031286,0.5163043478260869,62
2,Ranging / Low-Vol,2h,368,0.00021373689551949733,0.00015229894169621616,0.004236979520919732,0.5217391304347826,62
2,Ranging / Low-Vol,4h,368,0.0005541956881944085,0.000427607326854762,0.006711561373201305,0.532608695652174,62
2,Ranging / Low-Vol,8h,368,0.0003426121213557159,0.0008704794945755268,0.010687396112468411,0.5706521739130435,62
3,Downtrend / High-Vol,30m,3,0.0033590499383192216,-0.0011945976758163113,0.006463522823447234,0.3333333333333333,62
3,Downtrend / High-Vol,1h,3,0.005674371090325536,0.008174047096028758,0.005863481911223966,0.6666666666666666,62
3,Downtrend / High-Vol,2h,3,0.01354310773291445,0.014170034981734858,0.005094788520330401,1.0,62
3,Downtrend / High-Vol,4h,3,0.005612454730596757,0.002500424040009719,0.005980201999030249,1.0,62
3,Downtrend / High-Vol,8h,3,0.006186072584637141,0.0029390624234704177,0.005260678703930171,1.0,62
4,Downtrend / High-Vol,30m,67,0.000627470302838772,6.753017418681395e-05,0.00440680461508901,0.5522388059701493,62
4,Downtrend / High-Vol,1h,67,0.0008193878051535979,0.0007780930576277711,0.004826367128616322,0.6268656716417911,62
4,Downtrend / High-Vol,2h,67,0.001197457938051743,0.0009804360850313998,0.006471404442877416,0.582089552238806,62
4,Downtrend / High-Vol,4h,67,0.001470935444792565,0.0016534009604445288,0.008083421121561301,0.5970149253731343,62
4,Downtrend / High-Vol,8h,67,0.00043246898934639765,0.000535983104654747,0.008444449928086333,0.5522388059701493,62
5,Ranging / Low-Vol,30m,464,-9.04690510157559e-05,-2.5305862054736394e-05,0.00309601651854983,0.4978448275862069,62
5,Ranging / Low-Vol,1h,463,-9.174723248339702e-05,3.215819341839676e-05,0.004400996977776674,0.5032397408207343,62
5,Ranging / Low-Vol,2h,462,-0.0003127204940108134,-7.874171270660923e-05,0.005505362804208876,0.49134199134199136,62
5,Ranging / Low-Vol,4h,461,-0.0004594822598606283,-0.0005961247644066248,0.007288490413474788,0.4403470715835141,62
5,Ranging / Low-Vol,8h,457,-0.0008396402163074023,-0.00046208785964907406,0.010500971272066714,0.4726477024070022,62
0,Ranging / Low-Vol,30m,692,6.914576199492419e-05,0.0001004239482451652,0.002744022402274582,0.5158959537572254,63
0,Ranging / Low-Vol,1h,692,1.0767870731658417e-05,6.502954432718866e-05,0.004163077916515128,0.5158959537572254,63
0,Ranging / Low-Vol,2h,691,-5.3822483274066084e-05,8.084572185218519e-05,0.006033457939255722,0.5108538350217077,63
0,Ranging / Low-Vol,4h,689,0.00016107402909550333,-2.178819401343901e-05,0.008589876019730321,0.4949201741654572,63
0,Ranging / Low-Vol,8h,684,0.0008248120649706565,8.782003493745805e-05,0.012685529339631617,0.5029239766081871,63
1,Ranging / Low-Vol,30m,437,2.3411693941674025e-05,3.945904284208268e-06,0.0023202076376433872,0.5011441647597255,63
1,Ranging / Low-Vol,1h,436,6.609707052119635e-05,-3.0548195781854304e-05,0.0031040691073192855,0.4908256880733945,63
1,Ranging / Low-Vol,2h,435,7.100672560954271e-05,0.00013519118368421346,0.004815463715257188,0.5149425287356322,63
1,Ranging / Low-Vol,4h,435,0.00021227363223006013,0.00035061640312505915,0.00821810838065877,0.5333333333333333,63
1,Ranging / Low-Vol,8h,435,0.000771108173929777,0.0008429548548249954,0.013087386530056703,0.5471264367816092,63
2,Downtrend / High-Vol,30m,2,-0.011126975896443625,-0.011126975896443625,0.0045109806013368114,0.0,63
2,Downtrend / High-Vol,1h,2,-0.01252709741924729,-0.01252709741924729,0.00972685437363996,0.0,63
2,Downtrend / High-Vol,2h,2,-0.007506744449963243,-0.007506744449963243,0.006405841575287674,0.0,63
2,Downtrend / High-Vol,4h,2,-0.012538597044012612,-0.012538597044012612,0.006667843776882343,0.0,63
2,Downtrend / High-Vol,8h,2,-0.008112059796604676,-0.008112059796604676,0.007279611651338946,0.0,63
3,Uptrend / High-Vol,30m,60,0.00199421669728664,0.001068278408641099,0.006180139939330482,0.5833333333333334,63
3,Uptrend / High-Vol,1h,60,0.00332352924967599,0.0017140557519148558,0.006731548032200354,0.6833333333333333,63
3,Uptrend / High-Vol,2h,60,0.004234478220606134,0.002423621433240264,0.00892099650929957,0.6666666666666666,63
3,Uptrend / High-Vol,4h,60,0.006028753562073005,0.005259427146572904,0.010831125370115722,0.65,63
3,Uptrend / High-Vol,8h,60,0.007866974041122531,0.0050001729237409975,0.015819566046718428,0.6166666666666667,63
4,Downtrend / High-Vol,30m,43,-0.0008505909569901356,-0.00020831846116209363,0.005737203699596177,0.46511627906976744,63
4,Downtrend / High-Vol,1h,43,-0.00018542805242655703,0.0006462318199051964,0.006951168617193659,0.6046511627906976,63
4,Downtrend / High-Vol,2h,43,0.0007055726988817205,0.002733661313607527,0.008430633637646895,0.6511627906976745,63
4,Downtrend / High-Vol,4h,43,0.0019249810242268157,0.002462229109740477,0.00954428906768406,0.6976744186046512,63
4,Downtrend / High-Vol,8h,42,0.001248864314841645,0.0027626390614239327,0.00822219608982783,0.5714285714285714,63
5,Ranging / Mid-Vol,30m,205,-4.046621177696694e-05,2.9685437125337444e-05,0.003726625936281127,0.5024390243902439,63
5,Ranging / Mid-Vol,1h,205,0.00013510912156056967,3.247158912600412e-05,0.005478132559060335,0.5073170731707317,63
5,Ranging / Mid-Vol,2h,205,0.0009886036042404932,0.0007056367985054379,0.007944493529979018,0.5463414634146342,63
5,Ranging / Mid-Vol,4h,203,0.0017182708618181657,0.0003212363317945943,0.011605606056871692,0.5320197044334976,63
5,Ranging / Mid-Vol,8h,201,0.0028108074079493286,-0.0004783928767206902,0.01455324619804597,0.48756218905472637,63
0,Ranging / Low-Vol,30m,330,-1.2834284701113814e-05,-4.4480014929959566e-05,0.002391742945950329,0.48484848484848486,64
0,Ranging / Low-Vol,1h,330,-5.4894543285259824e-05,-5.616029853428017e-05,0.003357684805958898,0.49696969696969695,64
0,Ranging / Low-Vol,2h,330,-0.00013634491366693944,-0.00015527710341967094,0.00469571975764381,0.48787878787878786,64
0,Ranging / Low-Vol,4h,330,-0.00047839721665731577,-4.7362193490663174e-05,0.006651065786842781,0.49696969696969695,64
0,Ranging / Low-Vol,8h,326,-0.0014259434399994568,-0.0005980147760364929,0.008956293485417127,0.450920245398773,64
1,Ranging / Mid-Vol,30m,363,1.3870427464667124e-05,-2.8510502348311206e-05,0.0022583465599774824,0.4931129476584022,64
1,Ranging / Mid-Vol,1h,363,5.603968385315034e-05,6.439919998513233e-05,0.003173145849715379,0.509641873278237,64
1,Ranging / Mid-Vol,2h,363,0.00019702045496383506,0.0005428050046933919,0.004329504882980595,0.5426997245179064,64
1,Ranging / Mid-Vol,4h,361,-0.000221823240538246,0.00026138441306500226,0.0062603146537489485,0.5290858725761773,64
1,Ranging / Mid-Vol,8h,357,-0.0005136417467449599,-0.00020364525067861905,0.008194920766519754,0.4789915966386555,64
2,Ranging / Low-Vol,30m,751,-2.036290191411639e-06,-1.3866085962987995e-05,0.0011204652454029533,0.49134487350199735,64
2,Ranging / Low-Vol,1h,750,2.0161953129819684e-05,-3.864701645817092e-06,0.0016997047963354822,0.49733333333333335,64
2,Ranging / Low-Vol,2h,748,3.4089055039960774e-05,-5.421655555348792e-05,0.002714972258501891,0.4786096256684492,64
2,Ranging / Low-Vol,4h,746,0.00021738871100938012,0.00014276062213980367,0.004092222385974216,0.5254691689008043,64
2,Ranging / Low-Vol,8h,746,0.00032770913114554525,0.00022777001536056218,0.005890323062041252,0.5254691689008043,64
4,Downtrend / High-Vol,30m,30,-0.0010809161333077337,-0.0008378074749249009,0.004545456045611051,0.4,64
4,Downtrend / High-Vol,1h,30,-0.00233320548384075,-0.0013889562980340386,0.006660431845155265,0.43333333333333335,64
4,Downtrend / High-Vol,2h,30,-0.0036210431531786824,-0.002161695991725665,0.008414568887215486,0.4,64
4,Downtrend / High-Vol,4h,30,-0.0022962466694374704,-0.002205311222459372,0.00815489706573976,0.4,64
4,Downtrend / High-Vol,8h,30,-0.002379452472359311,-0.0016102069239520844,0.007691815124039821,0.4,64
5,Uptrend / High-Vol,30m,13,-0.0007555250261257986,-0.0010581409839574007,0.005488317208982321,0.38461538461538464,64
5,Uptrend / High-Vol,1h,13,-0.002541391425155509,-0.0037970937372460156,0.007888857542064462,0.3076923076923077,64
5,Uptrend / High-Vol,2h,13,-0.008485315830018027,-0.008596326844934055,0.008521605355870944,0.15384615384615385,64
5,Uptrend / High-Vol,4h,13,-0.01416276022783254,-0.013905110934555154,0.012490706713053159,0.23076923076923078,64
5,Uptrend / High-Vol,8h,13,-0.013733006509932913,-0.011788750434426731,0.014237139684118745,0.23076923076923078,64
0,Downtrend / High-Vol,30m,54,-0.0014547672121597536,-0.000548649930176559,0.008107584347598682,0.4444444444444444,65
0,Downtrend / High-Vol,1h,53,-0.0028518449052363404,-0.0003875873658127915,0.010647688829257523,0.4716981132075472,65
0,Downtrend / High-Vol,2h,51,-0.0028107182815042975,-0.0003025031020182922,0.009259270073521566,0.47058823529411764,65
0,Downtrend / High-Vol,4h,47,-0.006178615611900192,-0.0006544793605023358,0.016519984045489326,0.46808510638297873,65
0,Downtrend / High-Vol,8h,39,-0.010521771855608519,-0.00013839872695164956,0.022074337256009994,0.48717948717948717,65
1,Ranging / Low-Vol,30m,661,-4.5494877428818054e-05,-6.353821919447e-05,0.0022643173474587684,0.4720121028744327,65
1,Ranging / Low-Vol,1h,661,-0.00015547883356916163,-0.00011385079950088084,0.0033881322438984117,0.46444780635400906,65
1,Ranging / Low-Vol,2h,661,-0.000289423133132704,-0.00027243681812727516,0.004949708043511761,0.43116490166414523,65
1,Ranging / Low-Vol,4h,661,-0.00028680248585077607,-0.0004812634776083513,0.007520047341442055,0.42208774583963693,65
1,Ranging / Low-Vol,8h,661,-0.0006983618606831397,-0.0007355996003806098,0.012160705200167357,0.4009077155824508,65
2,Ranging / Low-Vol,30m,724,-7.99424763798016e-05,-1.8805130188148667e-05,0.0017059547043231276,0.48756906077348067,65
2,Ranging / Low-Vol,1h,724,-6.854656247966802e-05,4.990034421492595e-05,0.0025967547062656082,0.5138121546961326,65
2,Ranging / Low-Vol,2h,724,-0.0002540715500904796,1.4716282139559667e-06,0.004868041561692045,0.5013812154696132,65
2,Ranging / Low-Vol,4h,724,-0.0004754965938290336,-0.00028767401109774937,0.007155132544100505,0.46408839779005523,65
2,Ranging / Low-Vol,8h,724,-0.0007862049759726434,-0.0005504912788127925,0.010292583008208796,0.4129834254143646,65
3,Downtrend / High-Vol,30m,13,0.003983475793066742,0.0005963830911195345,0.007936325514793844,0.6923076923076923,65
3,Downtrend / High-Vol,1h,13,0.00562179637886022,0.0035592400467940877,0.00971330164692947,0.6153846153846154,65
3,Downtrend / High-Vol,2h,13,0.006967246822653714,0.0014952235129666036,0.012533961368431611,0.5384615384615384,65
3,Downtrend / High-Vol,4h,13,0.002522565660434167,-0.0017598209933655795,0.01600755218563626,0.46153846153846156,65
3,Downtrend / High-Vol,8h,13,0.00028672695834590476,-0.0021357264589401126,0.00955732304226537,0.46153846153846156,65
4,Uptrend / High-Vol,30m,11,-0.001424314441003751,-0.0016354830761446948,0.0036302499790118285,0.36363636363636365,65
4,Uptrend / High-Vol,1h,11,-0.002439703202892057,-0.002405304227304228,0.0036697014248199215,0.2727272727272727,65
4,Uptrend / High-Vol,2h,11,-0.004107674324447818,-0.0025398930900077943,0.0050851981753324265,0.18181818181818182,65
4,Uptrend / High-Vol,4h,11,-0.00798155139038363,-0.008391608288729202,0.004865944824326971,0.09090909090909091,65
4,Uptrend / High-Vol,8h,11,-0.01407279143384408,-0.015100174151687185,0.00550022525780131,0.0,65
5,Uptrend / Mid-Vol,30m,24,0.0004416969867931571,-3.102659250320272e-05,0.003009433980330745,0.5,65
5,Uptrend / Mid-Vol,1h,24,0.0007000413765989588,-0.0002586649785394357,0.0038545590394325115,0.5,65
5,Uptrend / Mid-Vol,2h,24,6.591892376543266e-06,0.0003032433679530655,0.006201564557284231,0.5,65
5,Uptrend / Mid-Vol,4h,24,-0.0005317084688462407,-0.0024273331764739225,0.0068594190289410885,0.3333333333333333,65
5,Uptrend / Mid-Vol,8h,24,-0.0020727883671204004,-0.0036859744882375978,0.00905742917325344,0.375,65
0,Ranging / Low-Vol,30m,660,5.291195151326676e-05,2.2095773577035516e-05,0.0011192544173834198,0.5121212121212121,66
0,Ranging / Low-Vol,1h,659,0.00013477941002454388,1.5522894525332731e-06,0.0019109046500331802,0.5022761760242792,66
0,Ranging / Low-Vol,2h,657,0.0002925365776833234,3.955641810016175e-05,0.002764280856046333,0.5114155251141552,66
0,Ranging / Low-Vol,4h,653,0.0004468395524032805,0.00016944469206592316,0.003824089439246131,0.5313935681470138,66
0,Ranging / Low-Vol,8h,645,0.0002906790153684747,0.00011777440481353096,0.00560542935097989,0.5147286821705427,66
2,Ranging / Low-Vol,30m,342,0.00015804684891867292,-3.697947595249218e-06,0.002987095937905614,0.5,66
2,Ranging / Low-Vol,1h,342,-9.993265636106243e-05,-7.800772737720507e-05,0.004019047510799932,0.48830409356725146,66
2,Ranging / Low-Vol,2h,342,-2.6047260212734528e-05,1.10041173986275e-05,0.005303669634527792,0.5,66
2,Ranging / Low-Vol,4h,342,0.00017962101888951165,5.1250478043662895e-05,0.006571783249421521,0.5058479532163743,66
2,Ranging / Low-Vol,8h,342,0.0009554135372318644,0.000236214054420536,0.009380160531595981,0.5175438596491229,66
3,Ranging / Mid-Vol,30m,390,-6.483750141505413e-05,-2.9129768027935654e-05,0.0025049313517218953,0.49230769230769234,66
3,Ranging / Mid-Vol,1h,390,0.00010111739544405086,0.00022736644578014165,0.003301749379252951,0.5307692307692308,66
3,Ranging / Mid-Vol,2h,390,-5.9754577566163736e-05,0.0001962448996604138,0.004905469656855879,0.5205128205128206,66
3,Ranging / Mid-Vol,4h,390,-0.0001797185636808498,-6.775929819013982e-05,0.006866439716550382,0.4897435897435897,66
3,Ranging / Mid-Vol,8h,390,0.00027806334536102656,-0.0001436438440283183,0.009181280956282189,0.4846153846153846,66
4,Downtrend / High-Vol,30m,20,-0.00017164872629216177,-8.272215537541427e-05,0.003616760749243362,0.5,66
4,Downtrend / High-Vol,1h,20,0.0003210710424506935,0.00012324761484894253,0.00417703976720922,0.5,66
4,Downtrend / High-Vol,2h,20,0.0017100585407965774,0.0018499204282118598,0.004402775164524089,0.7,66
4,Downtrend / High-Vol,4h,20,0.001830618647568638,0.0003158125237856524,0.005990373551725074,0.55,66
4,Downtrend / High-Vol,8h,20,0.001647594400779262,-2.2747272838685717e-06,0.005983919157297514,0.5,66
5,Uptrend / High-Vol,30m,27,-0.0009261339627007749,-0.0006248519356581994,0.003945679763049426,0.37037037037037035,66
5,Uptrend / High-Vol,1h,27,-0.001139560048538468,-0.0002665777840586969,0.004359662275641761,0.48148148148148145,66
5,Uptrend / High-Vol,2h,27,-0.0017361294170507888,-0.000965270318623368,0.0047406021390821815,0.3333333333333333,66
5,Uptrend / High-Vol,4h,27,-0.0009082867828050502,-0.0012110146946806566,0.007813543401791988,0.48148148148148145,66
5,Uptrend / High-Vol,8h,27,-0.0023043574945113615,-0.003598313503575312,0.012330852294874097,0.4444444444444444,66
0,Ranging / Low-Vol,30m,352,0.00024075651015155084,0.00010990446473169158,0.0013891948841321543,0.5568181818181818,67
0,Ranging / Low-Vol,1h,352,0.0004833204967912437,0.00019410772422112643,0.0025154115112032836,0.5681818181818182,67
0,Ranging / Low-Vol,2h,352,0.0008616586018348118,0.00048563345429641913,0.004200523952229819,0.6022727272727273,67
0,Ranging / Low-Vol,4h,352,0.0009651337737593816,0.0006943902722609252,0.005789755776471854,0.6051136363636364,67
0,Ranging / Low-Vol,8h,351,0.0017908473160865332,0.0008460858647811875,0.008504219153492146,0.5954415954415955,67
1,Downtrend / High-Vol,30m,36,0.0009792809372273226,0.000786690128105505,0.0037044179407006747,0.5833333333333334,67
1,Downtrend / High-Vol,1h,36,0.0019771876850969644,0.0010344877727019863,0.004256236321534857,0.6111111111111112,67
1,Downtrend / High-Vol,2h,36,0.0021521295928445105,0.000803134551838447,0.006323601465077837,0.6111111111111112,67
1,Downtrend / High-Vol,4h,36,0.003781147690756449,0.0011556933185881135,0.008542905256054787,0.6666666666666666,67
1,Downtrend / High-Vol,8h,36,0.0041633299966780234,0.0038416829239142913,0.009277877625207383,0.7777777777777778,67
2,Ranging / Mid-Vol,30m,548,-6.059649023712335e-05,0.00018130767131019354,0.0027335509152191214,0.5328467153284672,67
2,Ranging / Mid-Vol,1h,547,1.4152970429396256e-05,0.00018099212587863178,0.0037386067387818606,0.5319926873857403,67
2,Ranging / Mid-Vol,2h,546,0.00027280348780511733,0.00033201459140563827,0.0054610934236456465,0.5402930402930403,67
2,Ranging / Mid-Vol,4h,543,0.0006724239002950137,0.0003528871056719396,0.007302096134679198,0.5359116022099447,67
2,Ranging / Mid-Vol,8h,539,0.002069579564706627,0.0012196968470483682,0.01168049384272275,0.5862708719851577,67
3,Ranging / Low-Vol,30m,472,0.00024986316698739273,2.54575802260959e-05,0.003995247286702382,0.5042372881355932,67
3,Ranging / Low-Vol,1h,472,0.00026432706182077183,-9.875097008915645e-05,0.00494096375815024,0.4872881355932203,67
3,Ranging / Low-Vol,2h,471,0.0003952133430862423,-7.72652645686378e-05,0.0054204119817044495,0.49256900212314225,67
3,Ranging / Low-Vol,4h,470,0.001253646461941537,0.0004277315828353778,0.008148413411392087,0.5297872340425532,67
3,Ranging / Low-Vol,8h,467,0.0021937322201154774,0.0009566482209866223,0.01269390822372556,0.556745182012848,67
4,Uptrend / High-Vol,30m,56,0.0008893013538464294,0.0006638388897108882,0.006743050320006067,0.5714285714285714,67
4,Uptrend / High-Vol,1h,56,0.0013245017623849822,0.0007719423503207423,0.009802418543051685,0.5535714285714286,67
4,Uptrend / High-Vol,2h,56,0.0026108697176533253,0.0001621669722462471,0.014354706583475638,0.5,67
4,Uptrend / High-Vol,4h,56,0.006335547536188686,6.830176124150711e-05,0.02258165674336035,0.5,67
4,Uptrend / High-Vol,8h,56,0.013715153336158137,0.0033689519482491548,0.0321411123759406,0.5892857142857143,67
5,Ranging / High-Vol,30m,23,-0.00019235521711991055,0.0014406971024687465,0.012272672915980288,0.5652173913043478,67
5,Ranging / High-Vol,1h,23,0.002187579487871067,0.002131738860043697,0.013129658147829747,0.6086956521739131,67
5,Ranging / High-Vol,2h,23,0.005553534034866373,0.0029118841919615335,0.017895851367665357,0.6086956521739131,67
5,Ranging / High-Vol,4h,23,0.008194661824873143,0.012596157311419276,0.021489692095911235,0.6956521739130435,67
5,Ranging / High-Vol,8h,23,0.009012845095365601,0.01245289413818007,0.012671462709462192,0.8260869565217391,67
0,Ranging / Mid-Vol,30m,596,0.00011931980779289177,0.00013987930380565672,0.002818207805786458,0.5234899328859061,68
0,Ranging / Mid-Vol,1h,596,0.0002009806027555883,8.158509105715694e-05,0.00423421216629265,0.5134228187919463,68
0,Ranging / Mid-Vol,2h,595,0.00026943381078687283,0.00024232131066348472,0.005601936907997685,0.5243697478991597,68
0,Ranging / Mid-Vol,4h,595,0.0004584704422774632,7.149462627786818e-05,0.008198452694794967,0.5025210084033613,68
0,Ranging / Mid-Vol,8h,590,0.0006868822911242796,-0.00079624272383505,0.011147872486575252,0.46271186440677964,68
1,Downtrend / High-Vol,30m,45,-0.0002979417594582164,-0.0004168545074509922,0.006073211838091448,0.4666666666666667,68
1,Downtrend / High-Vol,1h,45,0.0001339237836125859,0.0002261932338853967,0.006770078598663977,0.5777777777777777,68
1,Downtrend / High-Vol,2h,45,0.0013044696098732957,0.0008659578714045324,0.007370404292216638,0.5555555555555556,68
1,Downtrend / High-Vol,4h,45,0.0029536599042540245,0.006158037037424791,0.008681761228402163,0.6888888888888889,68
1,Downtrend / High-Vol,8h,45,0.003197123654605842,0.005954267272091585,0.013670673500038366,0.7111111111111111,68
2,Ranging / Low-Vol,30m,502,6.077219914671549e-05,1.527197693640403e-05,0.002943048154514702,0.5,68
2,Ranging / Low-Vol,1h,501,0.00013746510085452672,0.00016014679252052133,0.003960203118255172,0.5069860279441117,68
2,Ranging / Low-Vol,2h,501,0.00030808208504528103,-8.594293476882342e-05,0.005937812898972613,0.4930139720558882,68
2,Ranging / Low-Vol,4h,501,0.00042618213376539334,-0.00014202180236289053,0.008415566879967354,0.48902195608782434,68
2,Ranging / Low-Vol,8h,500,0.0011516659508740723,2.588861424790423e-05,0.011381551947644803,0.5,68
4,Ranging / Low-Vol,30m,238,-6.094931830354614e-06,-1.2711934697762217e-05,0.0013178790541335899,0.5,68
4,Ranging / Low-Vol,1h,238,8.468175511189093e-05,-2.071180005902562e-05,0.0018650672442101337,0.4957983193277311,68
4,Ranging / Low-Vol,2h,237,0.00019892647718316322,0.00026671634240216235,0.002704442512941564,0.540084388185654,68
4,Ranging / Low-Vol,4h,233,0.0007781626936267355,0.00046917444042726686,0.003828676076047509,0.592274678111588,68
4,Ranging / Low-Vol,8h,231,0.001540891319944193,0.0006505110752996757,0.0064513422683225635,0.5887445887445888,68
5,Uptrend / High-Vol,30m,58,2.14586391325525e-05,0.00017408531306006836,0.004269258724921681,0.5344827586206896,68
5,Uptrend / High-Vol,1h,58,-0.0006601700859533576,0.0007955447368450663,0.006553575075100103,0.5344827586206896,68
5,Uptrend / High-Vol,2h,58,-0.0011291253538814403,0.0018213446652488585,0.00996644628237735,0.5517241379310345,68
5,Uptrend / High-Vol,4h,58,-0.0013922827466003231,0.0002745667805186258,0.010265432974459693,0.5517241379310345,68
5,Uptrend / High-Vol,8h,58,-0.0004931621073282048,-0.0021995947285073925,0.012000475820732456,0.3620689655172414,68
0,Uptrend / High-Vol,30m,72,0.0010755374870643733,0.0007545017343044691,0.00507357001389113,0.5694444444444444,69
0,Uptrend / High-Vol,1h,72,0.0012526131749324154,0.0008297837024446864,0.005499718495827079,0.5972222222222222,69
0,Uptrend / High-Vol,2h,72,0.002237644432758411,0.002307876400696074,0.006389121169332575,0.625,69
0,Uptrend / High-Vol,4h,72,0.0035816919362411013,0.002123297670191704,0.009382043649776208,0.5833333333333334,69
0,Uptrend / High-Vol,8h,72,0.0028742042774886466,-0.0005353937438528078,0.010876421756393816,0.4722222222222222,69
1,Downtrend / High-Vol,30m,56,-0.00013304076653246938,6.4384488947411e-05,0.00612036969631752,0.5178571428571429,69
1,Downtrend / High-Vol,1h,56,-3.294130693230558e-05,0.0015957203716796542,0.007657270426386698,0.6071428571428571,69
1,Downtrend / High-Vol,2h,56,5.830465861394225e-05,0.00029514661220719773,0.008322587084592454,0.5357142857142857,69
1,Downtrend / High-Vol,4h,56,0.003261195226573786,0.004004219443552337,0.010159393850641794,0.625,69
1,Downtrend / High-Vol,8h,56,0.004526264184765395,0.004058982382693088,0.010365572720596886,0.6785714285714286,69
2,Ranging / Low-Vol,30m,538,9.737712531174869e-05,0.0001737812918056747,0.0029752423127421997,0.5204460966542751,69
2,Ranging / Low-Vol,1h,538,-3.493278063409404e-05,-1.1541844552986902e-05,0.004319198015270372,0.49814126394052044,69
2,Ranging / Low-Vol,2h,536,0.00018638706126517134,-6.414472217564082e-05,0.006130354253803863,0.4944029850746269,69
2,Ranging / Low-Vol,4h,536,0.0005768803488698188,0.0007788955795628993,0.008984838368013226,0.539179104477612,69
2,Ranging / Low-Vol,8h,533,0.0015402691530154282,0.0006670941336714975,0.012992212649753804,0.5347091932457786,69
3,Ranging / Mid-Vol,30m,620,-1.7958357272655186e-05,-1.0388671797478821e-05,0.0029120462366985555,0.4967741935483871,69
3,Ranging / Mid-Vol,1h,619,0.0002448220691557923,0.00010150538451370039,0.0042312434839220795,0.5137318255250404,69
3,Ranging / Mid-Vol,2h,619,0.00028962651701560293,0.0003465534688640304,0.006165416489881037,0.5201938610662359,69
3,Ranging / Mid-Vol,4h,618,0.00017377281517384817,3.5140997282745445e-05,0.00896358268960719,0.5048543689320388,69
3,Ranging / Mid-Vol,8h,614,0.0008041740470000849,0.000470219764087787,0.01304738907041082,0.5244299674267101,69
5,Ranging / Low-Vol,30m,201,2.691363532090826e-05,4.299256607254165e-05,0.0014562965039910673,0.527363184079602,69
5,Ranging / Low-Vol,1h,201,4.1564904058195375e-05,0.0001420995832610572,0.002480380709578057,0.5522388059701493,69
5,Ranging / Low-Vol,2h,201,5.0867258397022454e-05,9.132607753947752e-05,0.004132891967468288,0.527363184079602,69
5,Ranging / Low-Vol,4h,198,0.00027045374901401794,0.0005094418296058834,0.006771040934860566,0.5757575757575758,69
5,Ranging / Low-Vol,8h,197,5.185607225400637e-05,0.0010830445037246506,0.010923046418401538,0.583756345177665,69
0,Downtrend / High-Vol,30m,101,-0.00028723754915171876,0.0009139945351623879,0.007914999599670864,0.5643564356435643,70
0,Downtrend / High-Vol,1h,101,-1.56136743936725e-05,0.0017604769297392409,0.009964956336066578,0.5742574257425742,70
0,Downtrend / High-Vol,2h,100,-0.000548115105646545,0.001990354470331468,0.012870190649760038,0.57,70
0,Downtrend / High-Vol,4h,96,-0.0004436717301432765,0.00032918572053652895,0.015301292121011124,0.5208333333333334,70
0,Downtrend / High-Vol,8h,96,2.6711715450988827e-05,0.0027204224567407564,0.018219721787941456,0.59375,70
1,Ranging / Mid-Vol,30m,584,-0.00010985849039476358,-6.257497617134788e-05,0.003045866015266573,0.4863013698630137,70
1,Ranging / Mid-Vol,1h,584,-0.0002319535564483814,-0.00020259683883683266,0.004839087559779165,0.4811643835616438,70
1,Ranging / Mid-Vol,2h,583,-4.579418011545751e-05,-0.0001774911352505626,0.007649738064005276,0.48027444253859347,70
1,Ranging / Mid-Vol,4h,583,-0.00021171303804995328,-8.672856122338146e-05,0.011372948686093466,0.4957118353344768,70
1,Ranging / Mid-Vol,8h,581,-0.0005528883964336755,-4.685046573627005e-05,0.01577691008254376,0.4905335628227194,70
2,Ranging / Low-Vol,30m,151,0.00016330931909377348,0.0001927138106285753,0.0014132938371977947,0.5629139072847682,70
2,Ranging / Low-Vol,1h,151,0.0003125346594168328,0.00036203107035426285,0.0021204112104482474,0.5761589403973509,70
2,Ranging / Low-Vol,2h,151,0.0004775288774465044,0.0005600479885590204,0.0034014910556318125,0.5894039735099338,70
2,Ranging / Low-Vol,4h,151,0.00046558486310449673,0.0008821657980497832,0.004871878123194919,0.5562913907284768,70
2,Ranging / Low-Vol,8h,151,0.0009849128982244732,0.0016847107436763764,0.007259650700561478,0.6622516556291391,70
3,Ranging / High-Vol,30m,21,-0.0006107452895447874,-0.0008929378986906045,0.009494636800048478,0.42857142857142855,70
3,Ranging / High-Vol,1h,21,-2.5196826214400946e-05,0.00019883051956348652,0.013595183586199277,0.5238095238095238,70
3,Ranging / High-Vol,2h,21,0.00010081333646596473,-0.0021886719573611657,0.015379961387080109,0.42857142857142855,70
3,Ranging / High-Vol,4h,21,0.0018800123388567598,0.0017937912834824488,0.011863891046026448,0.6666666666666666,70
3,Ranging / High-Vol,8h,21,0.0011628617511183915,0.005305677005690512,0.013412086840883486,0.5714285714285714,70
4,Uptrend / High-Vol,30m,103,0.0012869912646250215,0.0011067827062003488,0.0058296239585936245,0.5533980582524272,70
4,Uptrend / High-Vol,1h,103,0.0018712872653208245,0.0005159650765147461,0.008373713864177111,0.5436893203883495,70
4,Uptrend / High-Vol,2h,103,0.0018868740681261974,0.001252274885082727,0.011171639621105314,0.5631067961165048,70
4,Uptrend / High-Vol,4h,103,0.0023403350255941217,0.0027439237569879538,0.014263071677685635,0.5728155339805825,70
4,Uptrend / High-Vol,8h,99,0.006147008315668393,0.0035274561706248875,0.01833614348978746,0.6161616161616161,70
5,Ranging / Low-Vol,30m,527,-9.004692643827531e-05,-5.765627711618038e-05,0.003309578696754516,0.4952561669829222,70
5,Ranging / Low-Vol,1h,526,-0.00018018158208689495,6.040021785391758e-05,0.004904476389625992,0.5076045627376425,70
5,Ranging / Low-Vol,2h,526,-0.00033515232358324106,-2.246118438620215e-05,0.007243376348548918,0.49429657794676807,70
5,Ranging / Low-Vol,4h,526,-0.0003100758954139581,-0.00027899304845213635,0.01102862768481865,0.49049429657794674,70
5,Ranging / Low-Vol,8h,524,-0.00044454929147493515,-0.00012794386272041436,0.016096317069441025,0.49809160305343514,70
0,Downtrend / High-Vol,30m,34,0.0004590776059381466,0.0013055374774193496,0.0057844579952032165,0.6176470588235294,71
0,Downtrend / High-Vol,1h,34,0.001502741187365362,0.0023348361196680045,0.007984260252693073,0.5882352941176471,71
0,Downtrend / High-Vol,2h,32,0.004572154515255056,0.0020044847511275776,0.0123566034280655,0.59375,71
0,Downtrend / High-Vol,4h,30,0.007382818762780078,0.006371901423297466,0.009022058844545463,0.8666666666666667,71
0,Downtrend / High-Vol,8h,24,0.014794507119108458,0.015028833229237648,0.009321127511204468,1.0,71
1,Ranging / Low-Vol,30m,674,5.665597636720757e-06,-2.4421089362292037e-05,0.0027715517298901736,0.4970326409495549,71
1,Ranging / Low-Vol,1h,673,0.0004213478482973504,0.00012425849332942107,0.004107791565200499,0.5304606240713224,71
1,Ranging / Low-Vol,2h,673,0.0010090511720661846,0.0004883066848080375,0.006044387853255829,0.5542347696879644,71
1,Ranging / Low-Vol,4h,672,0.001596262097287455,0.0007210066598597464,0.00830026252924312,0.5461309523809523,71
1,Ranging / Low-Vol,8h,672,0.003274322443956397,0.0012676649000527007,0.012326184242628489,0.5669642857142857,71
2,Ranging / High-Vol,30m,2,0.009377551120260286,0.009377551120260286,0.004697673266590208,1.0,71
2,Ranging / High-Vol,1h,2,0.008141367222794571,0.008141367222794571,0.010613735017726,0.5,71
2,Ranging / High-Vol,2h,2,-0.008245520614999613,-0.008245520614999613,0.003256665366323297,0.0,71
2,Ranging / High-Vol,4h,2,0.010476074678164693,0.010476074678164693,0.0076495596619086115,1.0,71
2,Ranging / High-Vol,8h,2,0.013808306237055312,0.013808306237055312,0.0034160252624060305,1.0,71
3,Uptrend / High-Vol,30m,106,0.0001835060422215166,0.00046510026977664154,0.006700771494959563,0.5188679245283019,71
3,Uptrend / High-Vol,1h,106,0.0008897991486699069,0.0001803247669949215,0.009076283816532372,0.5094339622641509,71
3,Uptrend / High-Vol,2h,106,0.0018500976532060032,0.0028055467353329533,0.00963014264613022,0.6037735849056604,71
3,Uptrend / High-Vol,4h,106,0.005808015379448978,0.004539693932493094,0.014307368701848414,0.7169811320754716,71
3,Uptrend / High-Vol,8h,106,0.01242450450751229,0.008219131872983176,0.015592061530501706,0.8584905660377359,71
4,Ranging / Low-Vol,30m,286,0.0005436126522637525,5.8490669242239335e-05,0.003276991787126037,0.5244755244755245,71
4,Ranging / Low-Vol,1h,286,0.0003160713004182285,-2.326894882553887e-05,0.004569713330228914,0.4965034965034965,71
4,Ranging / Low-Vol,2h,286,0.0006635649197227346,-0.0002460747207626568,0.006843699051012756,0.4825174825174825,71
4,Ranging / Low-Vol,4h,285,0.0010601589339321866,5.5175374475524563e-05,0.00920847527577638,0.5052631578947369,71
4,Ranging / Low-Vol,8h,284,0.002268265112422481,0.0005620268457251498,0.013231955833575079,0.5211267605633803,71
5,Ranging / Low-Vol,30m,289,0.000521548574147679,0.0003809439225932465,0.00275662309247603,0.5674740484429066,71
5,Ranging / Low-Vol,1h,289,0.0006839673915918263,0.000257553176775005,0.004106441643199259,0.5536332179930796,71
5,Ranging / Low-Vol,2h,289,0.00099910141866633,0.000455313850288519,0.006086173862112983,0.5432525951557093,71
5,Ranging / Low-Vol,4h,289,0.002678027594892018,0.000820011887274319,0.009266669679983002,0.5743944636678201,71
5,Ranging / Low-Vol,8h,288,0.005138947021112721,0.0030963099997434185,0.01387185769712436,0.6354166666666666,71
0,Downtrend / High-Vol,30m,63,-0.00036241840684225404,-0.00010003530100277658,0.010708365465543775,0.49206349206349204,72
0,Downtrend / High-Vol,1h,63,0.00017802515224516586,-0.00010215800263857489,0.012723038501517594,0.49206349206349204,72
0,Downtrend / High-Vol,2h,63,0.001438550654727309,0.003152080728073159,0.016594298666602076,0.6349206349206349,72
0,Downtrend / High-Vol,4h,63,0.0010750647858595735,0.0032820140046148083,0.021248256404470072,0.5555555555555556,72
0,Downtrend / High-Vol,8h,63,0.004251697363640447,0.006900288159322088,0.021328319638008218,0.6190476190476191,72
1,Ranging / Mid-Vol,30m,452,-4.050362902026802e-05,0.00010907765882794962,0.004865990762409075,0.5154867256637168,72
1,Ranging / Mid-Vol,1h,452,3.699241501156317e-05,0.00016309561206551138,0.007367307399360371,0.5066371681415929,72
1,Ranging / Mid-Vol,2h,452,-7.132139591027192e-05,0.0005358638813506289,0.010552093646451256,0.5309734513274337,72
1,Ranging / Mid-Vol,4h,452,0.0003976090331594013,0.0014149861947014841,0.014642515428830511,0.5685840707964602,72
1,Ranging / Mid-Vol,8h,451,0.0017348767493471163,0.0043202519260745476,0.02085070606532995,0.5787139689578714,72
2,Ranging / Low-Vol,30m,329,9.796494943194613e-06,6.534946270875253e-05,0.0026541055115747374,0.5167173252279635,72
2,Ranging / Low-Vol,1h,329,0.00020344774507057646,6.670469742431351e-05,0.004094474214874871,0.5106382978723404,72
2,Ranging / Low-Vol,2h,328,0.0005112180882463386,0.0003861713197501615,0.005990497041539097,0.5457317073170732,72
2,Ranging / Low-Vol,4h,327,0.0011423044453705285,0.0006049687600224729,0.009569767581486787,0.5412844036697247,72
2,Ranging / Low-Vol,8h,323,0.0011597271584629562,0.0009825854696448033,0.014365405424917163,0.5634674922600619,72
3,Ranging / Mid-Vol,30m,340,9.475650183723035e-05,0.00016375331430129592,0.00611271593586137,0.5147058823529411,72
3,Ranging / Mid-Vol,1h,340,0.0001235626337849408,0.00022892571019017538,0.008116298103559495,0.5264705882352941,72
3,Ranging / Mid-Vol,2h,340,0.00012172669453519384,0.0007457515825768368,0.010796590439721738,0.5352941176470588,72
3,Ranging / Mid-Vol,4h,340,3.224927297499935e-06,0.0011102250460846008,0.015814427701327908,0.5470588235294118,72
3,Ranging / Mid-Vol,8h,339,-0.0001262378599867634,0.001303154395152717,0.02250407435866405,0.5309734513274337,72
4,Uptrend / High-Vol,30m,45,0.000285534214347057,-8.710618417318017e-05,0.010628243491366788,0.4888888888888889,72
4,Uptrend / High-Vol,1h,45,0.00011759969635751272,0.002268643133366055,0.012764554920142269,0.6444444444444445,72
4,Uptrend / High-Vol,2h,45,0.0007851208640580864,0.0024414297556933917,0.01585088653605607,0.6,72
4,Uptrend / High-Vol,4h,45,0.0038570781121690977,0.0023025159285836594,0.018318566684103303,0.6,72
4,Uptrend / High-Vol,8h,45,0.007772938999666737,0.00896743205597339,0.020905382443792,0.6222222222222222,72
5,Ranging / Low-Vol,30m,258,0.000530664416199294,0.00014396647430547915,0.0033037555033070113,0.5310077519379846,72
5,Ranging / Low-Vol,1h,257,0.0005713953975536937,0.0004450902130095358,0.004910701167130977,0.5525291828793775,72
5,Ranging / Low-Vol,2h,256,0.0010804738641348455,0.0007712610948766851,0.007325231889820815,0.5625,72
5,Ranging / Low-Vol,4h,253,0.0015226866583807697,0.001003454335306131,0.010915518196541801,0.5573122529644269,72
5,Ranging / Low-Vol,8h,251,0.0022524597131843398,0.0012988640461752965,0.015429418698414736,0.5577689243027888,72
0,Downtrend / High-Vol,30m,166,-0.0002188744930608787,0.0005054646149007525,0.006265038397681316,0.5481927710843374,73
0,Downtrend / High-Vol,1h,166,-0.0001533983442026838,0.0005869097894759534,0.008526973448684015,0.536144578313253,73
0,Downtrend / High-Vol,2h,166,-0.000575191714311112,0.00016593931168884524,0.010195908369975566,0.5060240963855421,73
0,Downtrend / High-Vol,4h,164,-0.002650289548609921,-0.0011875287482974173,0.015304694260740347,0.4573170731707317,73
0,Downtrend / High-Vol,8h,160,-0.0008847070570266347,0.0009781604480503248,0.01853750359963312,0.53125,73
1,Ranging / Mid-Vol,30m,609,-8.094742330889366e-05,7.621017772407868e-07,0.003929030708918692,0.5008210180623974,73
1,Ranging / Mid-Vol,1h,608,-0.00022584100517573558,-8.279853632231493e-05,0.006271234387827534,0.4934210526315789,73
1,Ranging / Mid-Vol,2h,608,-0.0007728306470163374,-0.00037913643117892804,0.009059741828344417,0.4654605263157895,73
1,Ranging / Mid-Vol,4h,606,-0.0010715895231788045,-0.00028956262221679907,0.011524401514787716,0.46534653465346537,73
1,Ranging / Mid-Vol,8h,604,-0.0017959954562903632,-0.0006965269858154599,0.01686345068360877,0.48013245033112584,73
2,Ranging / High-Vol,30m,25,0.0005165268971598636,-7.827782598823774e-05,0.012453422166115854,0.48,73
2,Ranging / High-Vol,1h,25,0.001450274497069728,4.080245363624613e-05,0.015555471746056588,0.52,73
2,Ranging / High-Vol,2h,25,0.007528762368252373,0.0026177739396420208,0.018503796029324948,0.64,73
2,Ranging / High-Vol,4h,25,0.016039301682108587,0.011343412965430844,0.02029838467354634,0.84,73
2,Ranging / High-Vol,8h,25,0.022312962612863033,0.020098600052314453,0.02359861474865506,0.84,73
3,Ranging / Low-Vol,30m,512,-0.00015216111257703932,-0.00014440428992212873,0.0037346717839453992,0.484375,73
3,Ranging / Low-Vol,1h,512,-0.0003250978561319222,-4.7335023720229685e-05,0.005385341535606242,0.498046875,73
3,Ranging / Low-Vol,2h,512,-0.0004577529125362398,-0.00028465761311391446,0.008055677598976702,0.484375,73
3,Ranging / Low-Vol,4h,512,-0.0011163610873082506,-0.0005678206091577209,0.011834896020485949,0.451171875,73
3,Ranging / Low-Vol,8h,510,-0.002981088440033737,-0.0008194452078731373,0.017106742794089833,0.46078431372549017,73
4,Ranging / Low-Vol,30m,22,-0.00013246030745288223,-0.00027306298253915173,0.0022311260555687345,0.45454545454545453,73
4,Ranging / Low-Vol,1h,22,-0.00041665421985737083,-5.097077706306408e-05,0.004364486946682692,0.5,73
4,Ranging / Low-Vol,2h,22,-0.0012083645052827017,5.6408355320058945e-06,0.007109830265052293,0.5,73
4,Ranging / Low-Vol,4h,22,-0.0024114507676537304,0.002925828029251676,0.011120755601905416,0.5454545454545454,73
4,Ranging / Low-Vol,8h,22,-0.013743682558162475,-0.0007673818096538554,0.02348368292396088,0.45454545454545453,73
5,Uptrend / High-Vol,30m,105,-4.531398409835809e-05,-0.0004002287162858664,0.005812022856601327,0.44761904761904764,73
5,Uptrend / High-Vol,1h,105,-0.00016109617343382576,-0.0009468010369335644,0.008044182814344663,0.44761904761904764,73
5,Uptrend / High-Vol,2h,103,8.277798783313072e-05,-0.0006840885837497979,0.00949043192398209,0.47572815533980584,73
5,Uptrend / High-Vol,4h,103,0.00023108847611545623,-0.0014112641428809525,0.011390565300012043,0.44660194174757284,73
5,Uptrend / High-Vol,8h,103,0.00014854975454022155,-0.0004508194925509912,0.013496805325525763,0.4854368932038835,73
0,Ranging / High-Vol,30m,5,-0.0005644582227528616,0.002622305483624743,0.006607710167865588,0.6,74
0,Ranging / High-Vol,1h,5,-0.0018974484019977922,-0.0009464035013522221,0.008978959008750727,0.4,74
0,Ranging / High-Vol,2h,5,0.003550160619063192,0.007318649901961294,0.010183642242782363,0.6,74
0,Ranging / High-Vol,4h,5,0.011247570200414003,0.013901427508713482,0.0108173238755762,0.8,74
0,Ranging / High-Vol,8h,5,-0.0028382730893895315,-0.002201138265601088,0.009273005904561992,0.4,74
1,Ranging / Mid-Vol,30m,623,-0.00021055717644998163,-0.0002504493335759861,0.003224424387779993,0.46869983948635635,74
1,Ranging / Mid-Vol,1h,623,-0.00016419682371466193,-0.00026352360900006033,0.004619561945663095,0.46869983948635635,74
1,Ranging / Mid-Vol,2h,621,0.00021554404821300468,0.0002784601704224343,0.006523291787874128,0.5201288244766505,74
1,Ranging / Mid-Vol,4h,618,0.00043150959563342556,0.0005041397057192754,0.009555473618822703,0.5372168284789643,74
1,Ranging / Mid-Vol,8h,614,0.0009088274797322326,0.0004457164614652953,0.014034265390826138,0.5293159609120521,74
2,Ranging / Low-Vol,30m,117,0.00022518495070933398,1.1288050499658198e-05,0.001433463336309667,0.5042735042735043,74
2,Ranging / Low-Vol,1h,117,0.00042110266354665433,0.0004114671560095928,0.0018765456404465487,0.5811965811965812,74
2,Ranging / Low-Vol,2h,117,0.0005348698506053763,0.0005443798225428509,0.0024819075234820014,0.6068376068376068,74
2,Ranging / Low-Vol,4h,117,0.0012349645171864658,0.0013412654797271273,0.003979710566614028,0.6495726495726496,74
2,Ranging / Low-Vol,8h,117,0.0012890234964665188,0.0011984977240828698,0.008567771905530569,0.6495726495726496,74
3,Downtrend / High-Vol,30m,76,0.00020494926930087214,0.0007446849675538658,0.004657835595924634,0.5394736842105263,74
3,Downtrend / High-Vol,1h,76,0.0004614575002950027,0.0010781966007566979,0.005731986309825363,0.5657894736842105,74
3,Downtrend / High-Vol,2h,76,8.985355314954602e-05,0.0002779991152390693,0.007803649557861843,0.5263157894736842,74
3,Downtrend / High-Vol,4h,76,-0.0008285724154754329,-0.00015257476758634425,0.007784639527912724,0.47368421052631576,74
3,Downtrend / High-Vol,8h,75,0.0013251703457294658,0.0006016142683868964,0.009565728728991038,0.5466666666666666,74
4,Uptrend / High-Vol,30m,102,0.0005469474977388874,0.0002334581512171141,0.005726884749078537,0.5392156862745098,74
4,Uptrend / High-Vol,1h,102,0.0006639137276166953,0.0002967417720824983,0.007472268737842631,0.5294117647058824,74
4,Uptrend / High-Vol,2h,102,0.0015565206653124458,0.0006908546086350498,0.00947216498252016,0.5392156862745098,74
4,Uptrend / High-Vol,4h,102,0.004690277841074135,0.0035102190064462135,0.0121254571268018,0.6568627450980392,74
4,Uptrend / High-Vol,8h,102,0.007792744511809152,0.006402217809314159,0.01628723557264615,0.6274509803921569,74
5,Ranging / Low-Vol,30m,564,0.00026169465756030355,0.00025279214390216964,0.0033699736159948966,0.5336879432624113,74
5,Ranging / Low-Vol,1h,563,0.00032138729980904545,0.00020497853862089244,0.005051124566946976,0.522202486678508,74
5,Ranging / Low-Vol,2h,563,0.00012800796499259546,7.020901904475352e-05,0.007417288354109328,0.5062166962699822,74
5,Ranging / Low-Vol,4h,562,8.87854333326666e-05,6.62666346906704e-05,0.010461144158926952,0.5071174377224199,74
5,Ranging / Low-Vol,8h,559,0.0006245836700583605,0.0005031643029660415,0.01469094774882532,0.5259391771019678,74
0,Ranging / Low-Vol,30m,605,6.09047298299168e-05,-4.6050144778320146e-05,0.002516227667095044,0.4925619834710744,75
0,Ranging / Low-Vol,1h,605,2.0048345104865953e-06,-0.00010902231828957554,0.00343135796982633,0.48760330578512395,75
0,Ranging / Low-Vol,2h,605,-4.259665706456123e-05,-0.00015752236793531438,0.005041508958529567,0.47603305785123967,75
0,Ranging / Low-Vol,4h,603,-0.0002742489812593636,-0.00026479222809605574,0.006746244651868672,0.47761194029850745,75
0,Ranging / Low-Vol,8h,600,-0.0008111873176054049,-5.6183315581215254e-05,0.009905884627552331,0.49,75
1,Uptrend / Mid-Vol,30m,54,-0.0003699868296406516,-0.0007168717066861063,0.0031192010009600084,0.4444444444444444,75
1,Uptrend / Mid-Vol,1h,53,-0.0013188233942832606,-0.0019172775668589992,0.004773502001078435,0.32075471698113206,75
1,Uptrend / Mid-Vol,2h,51,-0.001907746141481479,-0.00195037697419842,0.00618434132743331,0.29411764705882354,75
1,Uptrend / Mid-Vol,4h,51,-0.002982117235746689,-0.0023885577062667807,0.009407761339583712,0.35294117647058826,75
1,Uptrend / Mid-Vol,8h,51,-0.004122153011194789,-0.0018768849359585005,0.010739983315730273,0.37254901960784315,75
2,Ranging / Low-Vol,30m,683,-5.060771595219705e-05,3.6831706541562426e-05,0.0023954331634815015,0.5153733528550513,75
2,Ranging / Low-Vol,1h,683,-2.5570823880335086e-05,7.371419483881425e-05,0.0034882052455019997,0.5183016105417276,75
2,Ranging / Low-Vol,2h,683,-0.00023120506289859555,-3.273710751372505e-05,0.005086001790097745,0.49487554904831627,75
2,Ranging / Low-Vol,4h,681,-0.0004025933860276766,5.036675731595608e-05,0.007224471859645889,0.5051395007342144,75
2,Ranging / Low-Vol,8h,676,-0.0007143108239396224,6.4249535634886e-05,0.009852304012224703,0.5029585798816568,75
3,Downtrend / High-Vol,30m,89,-0.0006325143643257148,0.00012837380415398059,0.005053248417877316,0.5168539325842697,75
3,Downtrend / High-Vol,1h,89,-0.0007516650996935306,0.0004973755791244372,0.006940643909352553,0.5168539325842697,75
3,Downtrend / High-Vol,2h,89,-0.00023091878703077146,0.0010360693757149875,0.007563502837551216,0.5842696629213483,75
3,Downtrend / High-Vol,4h,89,-0.0004813234436385751,0.0006808339782917727,0.009668948963307703,0.5280898876404494,75
3,Downtrend / High-Vol,8h,89,-0.0012435134606846772,0.00027730441123807736,0.01448720492274742,0.5168539325842697,75
5,Uptrend / High-Vol,30m,8,6.0994209122977594e-05,-0.0004478830515193266,0.0037195709292308244,0.5,75
5,Uptrend / High-Vol,1h,8,0.0008245639044059949,-0.00043368916547059655,0.005569188371350031,0.375,75
5,Uptrend / High-Vol,2h,8,0.0015831382382414105,0.0030900340952140226,0.006208734087859625,0.625,75
5,Uptrend / High-Vol,4h,8,-0.00040305038576171626,0.00439383462430154,0.00840220644224793,0.625,75
5,Uptrend / High-Vol,8h,8,-0.008603012990578973,-0.011505381862148667,0.01410467625476414,0.25,75
0,Uptrend / High-Vol,30m,103,0.0002409632085833428,0.00033514639645559896,0.004729996600896237,0.5145631067961165,76
0,Uptrend / High-Vol,1h,103,0.0003545772493240193,-5.0741384125529976e-05,0.005194077117080482,0.4854368932038835,76
0,Uptrend / High-Vol,2h,103,0.0013590141209819935,0.0010389265927166491,0.0068260510702734395,0.5825242718446602,76
0,Uptrend / High-Vol,4h,103,0.0030630847376012845,0.002467198200021059,0.010484493947615069,0.6407766990291263,76
0,Uptrend / High-Vol,8h,103,0.00047535169331464874,0.0009874249342942676,0.015417786961945389,0.6019417475728155,76
1,Downtrend / Mid-Vol,30m,145,-0.00029395037884815317,0.0001438068194090647,0.005593727766299112,0.5103448275862069,76
1,Downtrend / Mid-Vol,1h,145,-0.0004475093253530644,0.00014029672780857538,0.00756333122241984,0.5241379310344828,76
1,Downtrend / Mid-Vol,2h,144,-0.0008992114188173744,6.443713723136568e-05,0.009870956665480584,0.5208333333333334,76
1,Downtrend / Mid-Vol,4h,143,-0.00014542587689657762,0.00014847885957536278,0.013357930437955131,0.5174825174825175,76
1,Downtrend / Mid-Vol,8h,140,-0.0006272189826055374,-0.0016131986391361153,0.01730736426770712,0.44285714285714284,76
2,Ranging / Low-Vol,30m,60,6.523320194270117e-05,6.403912551355972e-05,0.0015228495208878866,0.5166666666666667,76
2,Ranging / Low-Vol,1h,60,0.000508862694515333,3.421461301833517e-06,0.0026675317044349074,0.5,76
2,Ranging / Low-Vol,2h,60,0.0007668113923435212,0.00036222802473329097,0.004410778190526788,0.6,76
2,Ranging / Low-Vol,4h,60,0.0015933125243453065,0.001837840253513079,0.008399312486609524,0.5833333333333334,76
2,Ranging / Low-Vol,8h,60,0.005191079068296271,0.007852282867412796,0.011199073400978933,0.6833333333333333,76
3,Ranging / Mid-Vol,30m,677,5.4326165232264924e-05,0.00021822073980359846,0.003356829640148118,0.5317577548005908,76
3,Ranging / Mid-Vol,1h,676,0.00012390912352213036,0.00026259757225588487,0.005023257261506436,0.5266272189349113,76
3,Ranging / Mid-Vol,2h,675,0.0002654812269073087,0.00038795721747675316,0.007418855985236844,0.5303703703703704,76
3,Ranging / Mid-Vol,4h,674,4.030583058248076e-05,0.0006786740891762122,0.010438118532827372,0.5385756676557863,76
3,Ranging / Mid-Vol,8h,671,0.00028304252441253055,0.0003709461653151891,0.01526979184013778,0.5126676602086438,76
4,Ranging / Low-Vol,30m,469,1.1203341912820042e-05,1.520396525478418e-05,0.003595435266056176,0.5010660980810234,76
4,Ranging / Low-Vol,1h,469,-2.0158432680831386e-05,3.4313299915211815e-05,0.0049698897186024995,0.511727078891258,76
4,Ranging / Low-Vol,2h,469,-0.00027254969850776364,7.459023079547933e-05,0.0068605414037437975,0.509594882729211,76
4,Ranging / Low-Vol,4h,469,-0.0005672676091907653,-0.00012081165183452924,0.010087596659561712,0.4904051172707889,76
4,Ranging / Low-Vol,8h,467,-0.00046176286177958975,0.0004532792386839901,0.015446999118130484,0.5139186295503212,76
5,Downtrend / High-Vol,30m,33,5.525695781547356e-05,0.00028140280566901765,0.005951076703632165,0.5151515151515151,76
5,Downtrend / High-Vol,1h,33,-0.0005518690922004033,-0.0006571156152652691,0.008598675844001483,0.45454545454545453,76
5,Downtrend / High-Vol,2h,33,-0.00028250361986098034,0.00023124443855238042,0.009515820452326169,0.5151515151515151,76
5,Downtrend / High-Vol,4h,31,0.0008936511475928383,0.00580439230879648,0.015207406547753398,0.6129032258064516,76
5,Downtrend / High-Vol,8h,31,0.009272360399176106,0.01416329369866709,0.02240400280435287,0.6451612903225806,76
0,Ranging / Low-Vol,30m,505,0.00012530155305234494,0.00018598348560949773,0.00403206631155863,0.5207920792079208,77
0,Ranging / Low-Vol,1h,505,-0.0002602234368943638,-0.00015482160348412322,0.006003685023165729,0.48514851485148514,77
0,Ranging / Low-Vol,2h,505,-0.0006702324049890288,-8.182339386308968e-05,0.010034906653183533,0.4910891089108911,77
0,Ranging / Low-Vol,4h,505,-0.0011340074422912163,-0.00011203320770114544,0.01362076919401219,0.4891089108910891,77
0,Ranging / Low-Vol,8h,504,-0.0016848624046392263,-0.0005900190592580401,0.018324158113762676,0.48412698412698413,77
1,Ranging / Mid-Vol,30m,586,-0.00011839281048725805,7.472349058712524e-05,0.0035972257724087944,0.5136518771331058,77
1,Ranging / Mid-Vol,1h,586,0.00011371026780733442,0.0002819917917546988,0.005264540558648181,0.5255972696245734,77
1,Ranging / Mid-Vol,2h,586,2.195242423479149e-06,0.0004234095979658292,0.008049176846113922,0.5324232081911263,77
1,Ranging / Mid-Vol,4h,585,-0.0004347049763767202,3.5835141662943215e-05,0.012191156510739052,0.5008547008547009,77
1,Ranging / Mid-Vol,8h,580,-0.0015676293311660593,0.0006508852900077855,0.017666759970762117,0.5241379310344828,77
2,Ranging / High-Vol,30m,51,-0.0004487090655534573,0.0004898732890126212,0.01590127443654028,0.5294117647058824,77
2,Ranging / High-Vol,1h,51,-0.0008086225649371391,-0.0015462246632971244,0.021427140444292996,0.4117647058823529,77
2,Ranging / High-Vol,2h,51,-0.0015118595445931058,-0.0034421571258089756,0.029594433931473693,0.39215686274509803,77
2,Ranging / High-Vol,4h,51,-0.0013191414076231713,-0.008125319860525337,0.03766685039419514,0.37254901960784315,77
2,Ranging / High-Vol,8h,51,0.008172717834283794,0.011662586888219195,0.04206545763521693,0.5686274509803921,77
3,Downtrend / High-Vol,30m,153,-0.0005497165831663711,-0.0003026873776672545,0.0069841972347776645,0.47058823529411764,77
3,Downtrend / High-Vol,1h,153,-0.0007424245410992239,-3.4427555819505073e-05,0.010244494547337281,0.49673202614379086,77
3,Downtrend / High-Vol,2h,153,-0.00047807841144055643,0.0010431195639881707,0.012420957880018766,0.5555555555555556,77
3,Downtrend / High-Vol,4h,153,-0.00040770041968058146,0.0015035609331359723,0.01871793299882266,0.5555555555555556,77
3,Downtrend / High-Vol,8h,153,-0.0016908859114484428,0.0018789942713830499,0.0293575587657107,0.5620915032679739,77
4,Ranging / Low-Vol,30m,69,9.73105246531062e-06,0.00019077698211766858,0.0019114628277978175,0.5217391304347826,77
4,Ranging / Low-Vol,1h,68,-6.781159527476345e-05,0.00013213207433970808,0.0024680350619248875,0.5441176470588235,77
4,Ranging / Low-Vol,2h,66,-0.00021721661335235868,-0.00025712132872346416,0.003134585240063958,0.4696969696969697,77
4,Ranging / Low-Vol,4h,63,0.0007183100224739044,0.0004940979051202277,0.0037808075586287485,0.5555555555555556,77
4,Ranging / Low-Vol,8h,61,0.0009359883753077026,0.0010609913368355706,0.0034439932471617787,0.5573770491803278,77
5,Uptrend / High-Vol,30m,123,0.0001774699382247839,-0.000712716574314598,0.005531404023937291,0.42276422764227645,77
5,Uptrend / High-Vol,1h,123,0.0003385484960613956,-0.00012092432826804611,0.007532790293584195,0.4796747967479675,77
5,Uptrend / High-Vol,2h,123,0.0011858275054414658,0.0003501117022874922,0.009655165886823582,0.5040650406504065,77
5,Uptrend / High-Vol,4h,123,0.0018336489081149914,-0.0010458968569153626,0.013318399140243053,0.4715447154471545,77
5,Uptrend / High-Vol,8h,123,0.0014716311088427685,-0.0005769007603522169,0.021462098018568916,0.4959349593495935,77
0,Ranging / Low-Vol,30m,553,8.777811266160034e-05,3.0416858486148612e-05,0.0031705706065425147,0.5009041591320073,78
0,Ranging / Low-Vol,1h,552,0.0001062938951072593,-1.790649372779285e-05,0.004260255281436579,0.49818840579710144,78
0,Ranging / Low-Vol,2h,550,5.7295624529213026e-05,0.0002635292267259004,0.006266857155248272,0.5163636363636364,78
0,Ranging / Low-Vol,4h,549,0.00048811960220545165,-1.9812841559385674e-05,0.008860217215880468,0.4936247723132969,78
0,Ranging / Low-Vol,8h,546,0.0012511989446411583,0.0006707293605119347,0.012489908170473336,0.532967032967033,78
1,Uptrend / High-Vol,30m,39,0.00011950283388241536,0.0003453220343629937,0.006244378624869767,0.5128205128205128,78
1,Uptrend / High-Vol,1h,39,7.530974164223399e-05,0.0006219352365679498,0.009738727802753793,0.5128205128205128,78
1,Uptrend / High-Vol,2h,39,-0.0011614124266778995,0.0011063215383337877,0.013263497150322382,0.5384615384615384,78
1,Uptrend / High-Vol,4h,39,-0.0014918539236170876,0.0030020394070344736,0.015159385114057419,0.6153846153846154,78
1,Uptrend / High-Vol,8h,39,-0.0038650468371583583,-0.00041757541651854524,0.017755332737029048,0.4358974358974359,78
2,Ranging / Low-Vol,30m,644,3.655171604283433e-05,-6.137955728124922e-05,0.0029423869662895488,0.4860248447204969,78
2,Ranging / Low-Vol,1h,644,7.577763730816634e-05,0.00011047039372513723,0.004211441150449628,0.5170807453416149,78
2,Ranging / Low-Vol,2h,644,0.00017833237833578386,8.394647563036983e-05,0.005780838782204661,0.5093167701863354,78
2,Ranging / Low-Vol,4h,641,0.00026634678599834295,3.284374754208841e-05,0.008599951360110667,0.5085803432137286,78
2,Ranging / Low-Vol,8h,637,0.001069892752920956,0.0010113754380594031,0.012347312765437804,0.5353218210361067,78
3,Uptrend / Mid-Vol,30m,104,-0.00020064262592805598,-0.00022731773456641235,0.004123756964893563,0.46153846153846156,78
3,Uptrend / Mid-Vol,1h,104,-0.00015691246674372965,-0.000890166063357789,0.005303419336764421,0.4326923076923077,78
3,Uptrend / Mid-Vol,2h,104,3.477471303364305e-05,-0.00028244678951239166,0.005902568575464066,0.47115384615384615,78
3,Uptrend / Mid-Vol,4h,104,-4.202745916459527e-05,-0.0008215818184549306,0.0081268556557688,0.41346153846153844,78
3,Uptrend / Mid-Vol,8h,104,6.118272863697705e-05,-0.0014688819395889396,0.010847436519870478,0.4230769230769231,78
4,Downtrend / High-Vol,30m,4,-0.0032504472351551073,-0.002272162485716933,0.004011926451126111,0.25,78
4,Downtrend / High-Vol,1h,4,-0.006279878304441766,-0.0065008944703102145,0.0057570335313626856,0.25,78
4,Downtrend / High-Vol,2h,4,-0.006492391218241078,-0.007077662174448385,0.006181489862578976,0.25,78
4,Downtrend / High-Vol,4h,4,-0.016202354562455668,-0.014883608484811184,0.006506816139855064,0.0,78
4,Downtrend / High-Vol,8h,4,-0.011934760860195404,-0.0130592531445064,0.007623466408467178,0.0,78
5,Downtrend / High-Vol,30m,95,0.0003006878225116974,0.0005656315425230929,0.004100875914442944,0.5578947368421052,78
5,Downtrend / High-Vol,1h,95,0.0007928972780033922,0.000904003117426555,0.004878604243889489,0.5578947368421052,78
5,Downtrend / High-Vol,2h,95,0.0022942002104421426,0.0017890122876984549,0.007877034367036805,0.6210526315789474,78
5,Downtrend / High-Vol,4h,95,0.0034547844125868503,0.0018077495559420953,0.009708562325030921,0.6526315789473685,78
5,Downtrend / High-Vol,8h,94,0.001627030318046029,0.002033908052241351,0.01302651567361685,0.574468085106383,78
0,Uptrend / Mid-Vol,30m,100,0.00034825402615709325,0.00016547594588534054,0.003916508001128916,0.52,79
0,Uptrend / Mid-Vol,1h,100,0.00032272285354641996,-0.00019047979103525847,0.0045952529731974065,0.49,79
0,Uptrend / Mid-Vol,2h,100,3.5658119143953116e-05,-0.0005030184930037152,0.006393811077890577,0.47,79
0,Uptrend / Mid-Vol,4h,100,0.0009184815412860025,0.00011476563730461464,0.009786038327029808,0.53,79
0,Uptrend / Mid-Vol,8h,100,0.0013514525674519894,-0.00011397257078993306,0.011586279240820847,0.5,79
1,Downtrend / High-Vol,30m,4,-0.006119395884151224,-0.005076815891071007,0.011580193566402929,0.5,79
1,Downtrend / High-Vol,1h,4,-0.006796096631987325,-0.0022455752865644385,0.018902860233890442,0.5,79
1,Downtrend / High-Vol,2h,4,0.001752329304068212,0.004459300792449383,0.017597403254191894,0.5,79
1,Downtrend / High-Vol,4h,4,0.007231913559847314,0.00925466793607388,0.013244742432757993,0.75,79
1,Downtrend / High-Vol,8h,4,0.004244179791074387,0.0072503155538994335,0.01493252597745773,0.75,79
2,Ranging / Low-Vol,30m,678,0.00010894440020460155,7.623483351260063e-05,0.002554051172366165,0.5147492625368731,79
2,Ranging / Low-Vol,1h,678,0.00027738134552400323,0.00020380887397486447,0.0039017637488869945,0.5250737463126843,79
2,Ranging / Low-Vol,2h,677,0.0002982690931179521,0.00027903493847603045,0.005227257779695237,0.5302806499261448,79
2,Ranging / Low-Vol,4h,675,0.0005241836663881722,0.0005345529186175924,0.0070748396200662625,0.5392592592592592,79
2,Ranging / Low-Vol,8h,673,0.0010578663726145178,0.0009679962047073332,0.010558713632020635,0.5676077265973254,79
3,Uptrend / High-Vol,30m,12,-5.997253833471087e-05,-0.001208182589545359,0.004573847286331592,0.4166666666666667,79
3,Uptrend / High-Vol,1h,12,-0.00019175247564244083,-0.0012481965541182305,0.005261462508749363,0.4166666666666667,79
3,Uptrend / High-Vol,2h,12,-0.00036396429999419055,-0.0007563156604017962,0.00544764424694285,0.4166666666666667,79
3,Uptrend / High-Vol,4h,12,-2.4493910825225857e-05,-0.0011837951711548556,0.006507715660407985,0.4166666666666667,79
3,Uptrend / High-Vol,8h,12,0.006221820283509445,0.007056373470207156,0.0064371292167743135,0.9166666666666666,79
4,Ranging / Low-Vol,30m,613,5.4595730715176194e-05,-3.107842705674102e-05,0.0029141554340981765,0.4893964110929853,79
4,Ranging / Low-Vol,1h,612,3.937322226145665e-05,0.00014411565689176342,0.0038810122166295386,0.5261437908496732,79
4,Ranging / Low-Vol,2h,611,0.00035442170663812963,0.0003153043540358169,0.005465342972130165,0.530278232405892,79
4,Ranging / Low-Vol,4h,609,0.0006661614477465955,0.0003597276331461785,0.007245500912064415,0.5336617405582923,79
4,Ranging / Low-Vol,8h,605,0.0010261552791127311,0.0009347242382293786,0.010406106925786814,0.543801652892562,79
5,Downtrend / High-Vol,30m,80,-0.00016221295587068863,0.0009225728333328576,0.0051864183872494295,0.525,79
5,Downtrend / High-Vol,1h,80,-6.484341662345016e-05,-0.0002814896823606361,0.006015352481269722,0.4625,79
5,Downtrend / High-Vol,2h,80,-0.00011785661379613011,0.0003771366787699293,0.007779136578252925,0.5375,79
5,Downtrend / High-Vol,4h,80,-0.0007709483477046142,-0.00019548703386718103,0.010562634470113163,0.5,79
5,Downtrend / High-Vol,8h,78,0.0005580765383818276,8.20565990693467e-05,0.012689860761864296,0.5,79
0,Ranging / Mid-Vol,30m,595,0.00015121606422126925,0.0001341320065026963,0.003645260987502597,0.5226890756302521,80
0,Ranging / Mid-Vol,1h,594,0.00022741230997104246,0.0003241684948784851,0.0051453790676913155,0.5269360269360269,80
0,Ranging / Mid-Vol,2h,593,0.0008697716957556395,0.0007246361458346229,0.00695302876830975,0.5598650927487352,80
0,Ranging / Mid-Vol,4h,593,0.0021545025330964923,0.0009913433887192014,0.010283388384824314,0.5750421585160203,80
0,Ranging / Mid-Vol,8h,590,0.004098701233475846,0.0027731744794934343,0.01505619971501175,0.5898305084745763,80
1,Ranging / Low-Vol,30m,508,0.0002024618303342609,0.0001872881335547305,0.003847936889595994,0.5374015748031497,80
1,Ranging / Low-Vol,1h,508,0.0005070411087542609,0.00046036730267662307,0.005279573565608091,0.5393700787401575,80
1,Ranging / Low-Vol,2h,507,0.0011326804381161326,0.0007397766683876483,0.007611976892088537,0.5660749506903353,80
1,Ranging / Low-Vol,4h,507,0.002161886999356437,0.0013929154530512022,0.011022965703006964,0.571992110453649,80
1,Ranging / Low-Vol,8h,502,0.0045955618371840284,0.0026651791504592737,0.01520362826154183,0.6175298804780877,80
2,Uptrend / High-Vol,30m,155,0.0003031194470822247,-8.143189522336058e-05,0.005983596620291347,0.49032258064516127,80
2,Uptrend / High-Vol,1h,155,0.0007582264547717466,0.0001911754120040854,0.008715805423728256,0.535483870967742,80
2,Uptrend / High-Vol,2h,155,0.0005464159527802265,0.00026746376395436755,0.01293740879572912,0.5096774193548387,80
2,Uptrend / High-Vol,4h,155,0.0003060890725112154,-0.0021395026576982445,0.0177416472624806,0.47096774193548385,80
2,Uptrend / High-Vol,8h,155,0.0003488076023115681,0.0004003156404142061,0.018744187448529407,0.5225806451612903,80
3,Downtrend / High-Vol,30m,119,0.0007120827913001659,0.00040077394076654116,0.005500288268588673,0.5042016806722689,80
3,Downtrend / High-Vol,1h,119,0.0012131680946628482,0.0019672506242027765,0.007231079078672272,0.5882352941176471,80
3,Downtrend / High-Vol,2h,119,0.0012569660485293587,0.0014059188904642639,0.009440566740741285,0.5714285714285714,80
3,Downtrend / High-Vol,4h,119,0.0031964591502961657,0.0036127352266781543,0.011236602582802813,0.6218487394957983,80
3,Downtrend / High-Vol,8h,119,0.007675973622343162,0.007010183159637862,0.01729284610765178,0.680672268907563,80
4,Ranging / Low-Vol,30m,52,-0.00033210199343795073,-0.00036008241650087314,0.0012102185718418032,0.40384615384615385,80
4,Ranging / Low-Vol,1h,52,-0.0006909633306960449,-0.00048206291756081043,0.002050100554913235,0.38461538461538464,80
4,Ranging / Low-Vol,2h,52,-0.0014298499052552726,-0.000954956687653663,0.002637253163309174,0.28846153846153844,80
4,Ranging / Low-Vol,4h,48,-0.0029079849856502213,-0.0022314198118174033,0.004581872397999119,0.22916666666666666,80
4,Ranging / Low-Vol,8h,48,-0.005983147621562342,-0.005689520507310419,0.0059196573074096325,0.14583333333333334,80
5,Ranging / High-Vol,30m,10,0.0006721939809903432,0.003437458138737526,0.006643168948041595,0.7,80
5,Ranging / High-Vol,1h,10,0.0012088703802131562,-0.0021254069821363686,0.009087044191398296,0.4,80
5,Ranging / High-Vol,2h,10,0.0032078479652136948,0.005044901185916828,0.005922050142721823,0.7,80
5,Ranging / High-Vol,4h,10,-0.00511793593801837,-0.001973474723275359,0.015223968535790356,0.5,80
5,Ranging / High-Vol,8h,10,-0.013069590679782195,-0.014752518769220124,0.010612031966507741,0.1,80
0,Ranging / Low-Vol,30m,512,0.0001584021213129859,0.0002858435399417658,0.003235688914114612,0.546875,81
0,Ranging / Low-Vol,1h,511,0.00011689345461367652,0.000359378667997845,0.004810818079109151,0.5303326810176126,81
0,Ranging / Low-Vol,2h,509,0.0001841878376273143,0.00014607720241244238,0.007327671146630884,0.518664047151277,81
0,Ranging / Low-Vol,4h,507,-0.0001343997839329622,0.00036850956760225984,0.010136194263299701,0.534516765285996,81
0,Ranging / Low-Vol,8h,505,-0.0010417497852471353,0.0004908128488860797,0.015623147231210704,0.5306930693069307,81
1,Ranging / Low-Vol,30m,596,-5.3646458821857875e-05,-4.326524039743873e-05,0.0032701908840839793,0.49328859060402686,81
1,Ranging / Low-Vol,1h,596,4.5719163473194705e-05,6.345102762317367e-05,0.0049093235038433145,0.511744966442953,81
1,Ranging / Low-Vol,2h,596,0.00016933479002308324,0.00022594572646461586,0.007163483817045735,0.5201342281879194,81
1,Ranging / Low-Vol,4h,594,-1.3389564806318826e-05,0.00037110283111729814,0.010312812181905317,0.5218855218855218,81
1,Ranging / Low-Vol,8h,591,-0.0003218603488528242,0.0011235692217184123,0.014637359386412863,0.544839255499154,81
2,Downtrend / High-Vol,30m,8,0.004830955815066984,0.0028946211012668144,0.008573816112911779,0.625,81
2,Downtrend / High-Vol,1h,8,0.006119341779777132,0.004737135434869977,0.010626911973530523,0.625,81
2,Downtrend / High-Vol,2h,8,0.007280827193424821,0.008681206607946912,0.010543858731878112,0.75,81
2,Downtrend / High-Vol,4h,8,0.008239753493352708,0.004291155498629351,0.01210464220318546,0.875,81
2,Downtrend / High-Vol,8h,8,0.01299712858197255,0.010350015273372648,0.012296633561695651,0.875,81
3,Uptrend / High-Vol,30m,56,0.001151189231127844,0.000682074972457869,0.004717587122563909,0.5892857142857143,81
3,Uptrend / High-Vol,1h,56,0.0018691692073119967,0.0020008294386268943,0.006149997788655925,0.625,81
3,Uptrend / High-Vol,2h,56,0.002854328967858263,0.002378669271394074,0.007502939639903829,0.6607142857142857,81
3,Uptrend / High-Vol,4h,56,0.0007278846443095066,0.0018507822419149278,0.008656347194128293,0.5714285714285714,81
3,Uptrend / High-Vol,8h,56,0.004238804884759758,0.0035533936176372904,0.015736918703380454,0.6428571428571429,81
4,Downtrend / High-Vol,30m,192,-0.0006276153362405149,-0.0007868711515977012,0.006769055210311517,0.4635416666666667,81
4,Downtrend / High-Vol,1h,192,-0.0008221704993898552,0.00023872482408382467,0.008789934256578565,0.5260416666666666,81
4,Downtrend / High-Vol,2h,192,-0.0008409835404759036,-0.00026352586120914623,0.011360638144057371,0.484375,81
4,Downtrend / High-Vol,4h,192,-4.154964763854648e-05,-1.2382702230695486e-05,0.015657851766984743,0.4947916666666667,81
4,Downtrend / High-Vol,8h,189,0.0007217346026366604,0.002225203203584769,0.015792903400207087,0.5767195767195767,81
5,Uptrend / Mid-Vol,30m,123,-0.0005167487202989583,-0.0006852889133828199,0.005394763202873452,0.43089430894308944,81
5,Uptrend / Mid-Vol,1h,123,-0.001154734681131514,-0.0011036455655055732,0.007801926614257104,0.43902439024390244,81
5,Uptrend / Mid-Vol,2h,123,-0.002981250194798739,-0.0027121048918203883,0.009743479884869883,0.37398373983739835,81
5,Uptrend / Mid-Vol,4h,123,-0.0019027164301041234,-0.004051925002515944,0.0146467561416108,0.4065040650406504,81
5,Uptrend / Mid-Vol,8h,123,-0.0012153645431170663,-0.0021248302465721736,0.017108715921660692,0.44715447154471544,81
0,Ranging / Low-Vol,30m,392,-8.980833132768826e-05,-0.00015480653228383545,0.0025519753950777606,0.4642857142857143,82
0,Ranging / Low-Vol,1h,392,-0.00017695703768291147,-0.0002713009170616232,0.003794359809916198,0.45918367346938777,82
0,Ranging / Low-Vol,2h,392,0.00021777658703000456,3.108102563764703e-05,0.006003325099063499,0.5051020408163265,82
0,Ranging / Low-Vol,4h,392,0.0004669686824821645,-1.1479357509891486e-05,0.008419959716474532,0.49744897959183676,82
0,Ranging / Low-Vol,8h,392,-0.00023833943644072946,0.0003064071312435246,0.013289702232151208,0.5153061224489796,82
1,Downtrend / High-Vol,30m,95,0.00044622603714500623,0.0006237828425632586,0.007248090940911626,0.5368421052631579,82
1,Downtrend / High-Vol,1h,95,0.0001294129106736588,-0.00028278757337574234,0.009232337924814227,0.4631578947368421,82
1,Downtrend / High-Vol,2h,95,-0.0012158130256183484,0.0005103828396624266,0.01268835482943192,0.5157894736842106,82
1,Downtrend / High-Vol,4h,92,-0.00031427936904928814,0.0012481809226514429,0.014910905357085774,0.5217391304347826,82
1,Downtrend / High-Vol,8h,89,0.0020616966837962193,0.00131467929217699,0.022923360830672743,0.5617977528089888,82
2,Ranging / High-Vol,30m,17,-0.0008711017232506472,-0.0007570256927849073,0.009142149464341876,0.47058823529411764,82
2,Ranging / High-Vol,1h,17,-0.000830541982218403,-0.0008895051662047848,0.009981033650148432,0.47058823529411764,82
2,Ranging / High-Vol,2h,17,0.0016302701529553206,0.001544381748219692,0.009635586963019784,0.5882352941176471,82
2,Ranging / High-Vol,4h,17,-8.595695931735246e-05,0.001504701530134156,0.010709438308473491,0.5294117647058824,82
2,Ranging / High-Vol,8h,17,0.00728904167064915,0.003530483718106936,0.040654416390182656,0.5294117647058824,82
3,Ranging / Low-Vol,30m,577,0.00017642550863504182,0.00011610741949752423,0.003912692806878764,0.5199306759098787,82
3,Ranging / Low-Vol,1h,577,0.0005163263487554739,0.00031340065249629845,0.0050229542419413286,0.537261698440208,82
3,Ranging / Low-Vol,2h,576,0.0004859906499508225,0.0003494966218244855,0.006973094783760865,0.5277777777777778,82
3,Ranging / Low-Vol,4h,576,0.0008485697758546394,0.00047285658233953143,0.00985765341398021,0.5416666666666666,82
3,Ranging / Low-Vol,8h,575,0.0012237777368254831,0.000935704784195579,0.014237454287967893,0.5408695652173913,82
4,Ranging / Mid-Vol,30m,329,0.00010212403291497348,0.00015024334816082785,0.004485452725754447,0.513677811550152,82
4,Ranging / Mid-Vol,1h,328,-6.711962493587707e-05,0.00021056241536587805,0.007216425603538159,0.5182926829268293,82
4,Ranging / Mid-Vol,2h,327,0.0005799780415023985,0.0007496131964845887,0.0088921304784042,0.5504587155963303,82
4,Ranging / Mid-Vol,4h,326,0.0008902297265143896,0.000606142115434416,0.01440013522631269,0.5368098159509203,82
4,Ranging / Mid-Vol,8h,322,0.0021063605254952817,0.0007895731216409629,0.017124900796717794,0.5248447204968945,82
5,Uptrend / High-Vol,30m,77,-0.0005111357268871063,-0.000990709544941737,0.004947671143457528,0.4675324675324675,82
5,Uptrend / High-Vol,1h,77,-0.0004708053180783521,-0.0009151610091446827,0.005902337598634943,0.45454545454545453,82
5,Uptrend / High-Vol,2h,77,-0.0015996151838285838,-0.0007066228306893407,0.008809844326879777,0.4675324675324675,82
5,Uptrend / High-Vol,4h,77,-0.003398888754698382,-0.00161262184778721,0.013013620084810515,0.44155844155844154,82
5,Uptrend / High-Vol,8h,77,-0.0013651393963926338,0.0008577011738299944,0.014575628438108957,0.5584415584415584,82
0,Downtrend / High-Vol,30m,11,-0.0003756709364798832,0.0007200000539206997,0.0064710615122248825,0.5454545454545454,83
0,Downtrend / High-Vol,1h,11,-0.002327971034455216,-0.0006129389208027192,0.0056787783343410485,0.36363636363636365,83
0,Downtrend / High-Vol,2h,11,-0.005746187331786052,-0.005967246382521552,0.00890617192914386,0.2727272727272727,83
0,Downtrend / High-Vol,4h,11,-0.011109428539931476,-0.015631950689071417,0.015280104201268713,0.36363636363636365,83
0,Downtrend / High-Vol,8h,11,0.0008934319526930003,0.0007571794174872082,0.02026679043606481,0.5454545454545454,83
1,Ranging / Low-Vol,30m,571,2.4491931066558936e-06,0.0001382701447063539,0.002724217551720053,0.5341506129597198,83
1,Ranging / Low-Vol,1h,570,4.25629516670175e-06,6.170398547311606e-05,0.003798133574352815,0.5105263157894737,83
1,Ranging / Low-Vol,2h,569,-0.0005738960641070251,0.0001922414740924694,0.005888093197330284,0.5202108963093146,83
1,Ranging / Low-Vol,4h,567,-0.0015760418377200912,-0.00044009804618561077,0.008954840268746215,0.455026455026455,83
1,Ranging / Low-Vol,8h,567,-0.0028105903599211627,-0.000828829210272275,0.012905102447393851,0.4462081128747795,83
2,Downtrend / High-Vol,30m,166,-0.000871319479694942,-0.0006584522565509232,0.00621353549902504,0.45180722891566266,83
2,Downtrend / High-Vol,1h,166,-0.0012984716342280013,-0.0005114564535633193,0.008744539496724523,0.46987951807228917,83
2,Downtrend / High-Vol,2h,166,-0.0012552165068383647,0.00054103205575462,0.01154439739674133,0.5240963855421686,83
2,Downtrend / High-Vol,4h,166,-0.0010302799476324125,0.0017324436224646078,0.015156739946934736,0.5662650602409639,83
2,Downtrend / High-Vol,8h,166,-0.003883665871338914,-0.0009116811170306605,0.022642133366189234,0.4819277108433735,83
3,Uptrend / High-Vol,30m,61,0.0008736510915993709,0.0007000062512361183,0.00589890550062052,0.5409836065573771,83
3,Uptrend / High-Vol,1h,61,0.0011422390919961704,0.0001068144796931847,0.008346514685605877,0.5245901639344263,83
3,Uptrend / High-Vol,2h,61,0.0022245371913992727,0.0024526226517824767,0.011310647840656112,0.6065573770491803,83
3,Uptrend / High-Vol,4h,59,0.004825541493367238,0.002210292308570061,0.019791875367510592,0.576271186440678,83
3,Uptrend / High-Vol,8h,51,0.009973936924700404,0.006463588691822508,0.027361422560169622,0.6666666666666666,83
4,Uptrend / Mid-Vol,30m,39,-0.0003427056150033518,-0.0009845206903200676,0.0064670707834212264,0.38461538461538464,83
4,Uptrend / Mid-Vol,1h,39,3.582215894349671e-05,-0.0012166695892048551,0.00859781906760219,0.4358974358974359,83
4,Uptrend / Mid-Vol,2h,39,-0.0016389024524295374,-0.0021743691314419777,0.010947764338597938,0.3333333333333333,83
4,Uptrend / Mid-Vol,4h,39,-0.0017259122582103624,7.87888311162277e-05,0.01183371996358896,0.5128205128205128,83
4,Uptrend / Mid-Vol,8h,39,-0.0028160759503208965,-0.0012838942217090477,0.019114589146059603,0.38461538461538464,83
5,Ranging / Low-Vol,30m,495,-0.0001723568024010353,-7.62928781838923e-06,0.002940540792269414,0.498989898989899,83
5,Ranging / Low-Vol,1h,495,-0.0004487828107229958,-0.00032597703763315167,0.004539812498529681,0.4686868686868687,83
5,Ranging / Low-Vol,2h,494,-0.0005272924141255305,-6.385805715680704e-05,0.007054640743330479,0.48582995951417,83
5,Ranging / Low-Vol,4h,494,-0.0012226352928171702,-0.00048221995065311773,0.009632478273673282,0.4473684210526316,83
5,Ranging / Low-Vol,8h,494,-0.0026564177758588116,-0.001648527880562689,0.014300703679352083,0.4311740890688259,83
0,Ranging / Mid-Vol,30m,574,-0.00016221240818283978,-3.1739375542017e-05,0.003673788691877487,0.49825783972125437,84
0,Ranging / Mid-Vol,1h,574,-8.22514961741044e-05,0.00027531927808688295,0.005025806024894158,0.5156794425087108,84
0,Ranging / Mid-Vol,2h,573,-0.00025415273414425976,6.765850389456318e-05,0.006986418201941697,0.506108202443281,84
0,Ranging / Mid-Vol,4h,569,-0.00048690142888957797,-3.818863202553757e-06,0.009666303497758481,0.4991212653778559,84
0,Ranging / Mid-Vol,8h,564,-0.00010908137956893522,0.0003912462058188737,0.01608398657623765,0.5141843971631206,84
1,Ranging / Low-Vol,30m,109,-0.00013382568928738483,-5.74733858371701e-05,0.0010160259955239485,0.47706422018348627,84
1,Ranging / Low-Vol,1h,109,-0.0002538599803523976,-6.645215281331218e-05,0.0015946717730157475,0.46788990825688076,84
1,Ranging / Low-Vol,2h,109,-0.0006132264840924826,-0.0003417837260748513,0.002467943888596396,0.44036697247706424,84
1,Ranging / Low-Vol,4h,109,-0.0017885109656098628,2.60347706859676e-05,0.005442959494024969,0.5137614678899083,84
1,Ranging / Low-Vol,8h,109,-0.001817161585878132,-0.0008035112661417543,0.00855133630016245,0.3853211009174312,84
2,Ranging / Low-Vol,30m,502,4.688316999639345e-05,0.00018190287818597994,0.0037625622969736853,0.5358565737051793,84
2,Ranging / Low-Vol,1h,501,-0.00014502895983546752,-0.00016605600978358837,0.0056549936307159765,0.48502994011976047,84
2,Ranging / Low-Vol,2h,500,-2.5818615088127217e-05,0.00034437427704236967,0.007867349252835668,0.532,84
2,Ranging / Low-Vol,4h,500,0.0003505107688196567,0.0002742238692974297,0.01250426306749369,0.516,84
2,Ranging / Low-Vol,8h,497,0.00044482024273827784,0.0005659095942469605,0.018737856894156236,0.5171026156941649,84
3,Downtrend / High-Vol,30m,147,-0.00014794045118425835,-0.0002511063518628731,0.006663804351551195,0.4897959183673469,84
3,Downtrend / High-Vol,1h,147,0.00011351486380833828,0.000652273270299375,0.009093276836513344,0.5306122448979592,84
3,Downtrend / High-Vol,2h,147,0.0014313877673085011,0.0021340728448926427,0.011624995111547113,0.6054421768707483,84
3,Downtrend / High-Vol,4h,147,0.0035776494717391937,0.002997612652045234,0.017904361550366718,0.5578231292517006,84
3,Downtrend / High-Vol,8h,147,0.0028037459798776,0.002139425193737665,0.022323605715436488,0.54421768707483,84
4,Ranging / High-Vol,30m,44,0.00015676894169702749,0.002076403323534315,0.01047375851307589,0.5227272727272727,84
4,Ranging / High-Vol,1h,44,-0.0002467927122110939,0.001233441858093265,0.012514492483309327,0.5909090909090909,84
4,Ranging / High-Vol,2h,44,-0.002162367788227325,0.003079867253618751,0.014963590114548654,0.5681818181818182,84
4,Ranging / High-Vol,4h,44,-0.008338223705045373,-0.004178090104295151,0.021483632728670973,0.38636363636363635,84
4,Ranging / High-Vol,8h,44,-0.01627946618506846,-0.013652774079676355,0.02498364022742372,0.2727272727272727,84
5,Uptrend / High-Vol,30m,111,0.000705969785264053,0.00046660303716627993,0.0060982138019744295,0.5135135135135135,84
5,Uptrend / High-Vol,1h,111,0.000927031154425558,-0.000147140976283211,0.010420996744133196,0.4954954954954955,84
5,Uptrend / High-Vol,2h,111,0.00022432569651613924,0.0008034121902991131,0.017918360104670166,0.5675675675675675,84
5,Uptrend / High-Vol,4h,111,-0.0006369293329214414,-0.0004126471080230232,0.0197071913952368,0.4864864864864865,84
5,Uptrend / High-Vol,8h,111,-0.0007940696318834758,-0.0019023639425714833,0.022638104737085444,0.4774774774774775,84
0,Ranging / Low-Vol,30m,525,0.00011044722884918878,0.0001343085019893664,0.00329784299185099,0.5314285714285715,85
0,Ranging / Low-Vol,1h,525,0.00014083968055418592,0.0001410675679736073,0.004760542952177101,0.518095238095238,85
0,Ranging / Low-Vol,2h,523,0.00035474377591108953,0.0003169396779565403,0.006698192930114034,0.5277246653919694,85
0,Ranging / Low-Vol,4h,521,0.00013457858826717228,0.0006175464289803756,0.010442056967105116,0.5393474088291746,85
0,Ranging / Low-Vol,8h,516,0.0006785098780787551,0.0009658740612392691,0.014083006311909759,0.5426356589147286,85
1,Ranging / Mid-Vol,30m,565,-1.304271477494138e-05,1.157088389902583e-05,0.003343831284548458,0.5026548672566372,85
1,Ranging / Mid-Vol,1h,564,0.00012733688699264202,-0.00013045075734741118,0.0047954601715011124,0.48226950354609927,85
1,Ranging / Mid-Vol,2h,564,0.0002550242423555679,0.00017203520140540718,0.007344871562960027,0.5106382978723404,85
1,Ranging / Mid-Vol,4h,562,0.0006683804758987039,0.0006571592707782514,0.009895757119538478,0.5373665480427047,85
1,Ranging / Mid-Vol,8h,559,0.0014989710295466273,0.0005332499969235016,0.013940848402967377,0.5259391771019678,85
2,Ranging / Low-Vol,30m,119,1.4482296010890937e-05,-5.9560753639331665e-05,0.0014624478321185734,0.47058823529411764,85
2,Ranging / Low-Vol,1h,119,2.4705238305531453e-06,-0.000306408244258094,0.001971467372278207,0.42016806722689076,85
2,Ranging / Low-Vol,2h,119,-7.434778118651119e-05,-0.00018518238229070505,0.0029420698304593916,0.47058823529411764,85
2,Ranging / Low-Vol,4h,119,-0.00020996654623948996,-0.0003302984794402164,0.004845482133305193,0.42016806722689076,85
2,Ranging / Low-Vol,8h,119,0.0003426751400826775,-0.0007743705543070689,0.008489880598475557,0.3865546218487395,85
3,Downtrend / High-Vol,30m,107,0.0003425008480448488,0.00030014509860798455,0.007033507439949462,0.5327102803738317,85
3,Downtrend / High-Vol,1h,107,0.00018198274670819326,0.0010470249710472501,0.009359656797539967,0.5420560747663551,85
3,Downtrend / High-Vol,2h,107,-0.0003485091648902048,0.001880187756350793,0.012332296070379542,0.5514018691588785,85
3,Downtrend / High-Vol,4h,107,0.0018056274493761096,0.0024213665826398056,0.014345752260957138,0.5887850467289719,85
3,Downtrend / High-Vol,8h,107,0.0021141332920763265,0.004499598666839688,0.022260105328309066,0.5887850467289719,85
4,Uptrend / High-Vol,30m,113,0.00015985789250818754,-0.00016795227415045133,0.005617271933353903,0.48672566371681414,85
4,Uptrend / High-Vol,1h,113,0.0005705322207417717,-0.0003838398395163978,0.007219135510938774,0.4778761061946903,85
4,Uptrend / High-Vol,2h,113,0.0016115800540851591,0.0007568044906545168,0.00977292416072619,0.5398230088495575,85
4,Uptrend / High-Vol,4h,113,0.0031144737933167434,0.001639432516730821,0.015829985903728548,0.6194690265486725,85
4,Uptrend / High-Vol,8h,113,0.004940203454664266,0.005174093913437261,0.021350962377177308,0.584070796460177,85
5,Ranging / High-Vol,30m,10,0.002357848555381814,0.00042111924279808477,0.007935617922854877,0.5,85
5,Ranging / High-Vol,1h,10,0.003203876059792421,-0.0006582795182099588,0.009324691299495211,0.5,85
5,Ranging / High-Vol,2h,10,0.0057775350216415335,0.006914475519846697,0.010316692578622753,0.7,85
5,Ranging / High-Vol,4h,10,0.00789631405493072,0.006648153878608731,0.01022040352980657,0.8,85
5,Ranging / High-Vol,8h,10,0.00044290355815768123,-0.0019954994019535377,0.010551911959993217,0.4,85
0,Downtrend / High-Vol,30m,46,0.0004814418494541088,0.0003311928728946256,0.0036252735388462905,0.5434782608695652,86
0,Downtrend / High-Vol,1h,46,0.0015594657359906828,0.0021241206400741675,0.0049909906286681105,0.717391304347826,86
0,Downtrend / High-Vol,2h,46,0.003062669577295034,0.003142413881334072,0.0063380047812863225,0.7608695652173914,86
0,Downtrend / High-Vol,4h,46,0.0023846025239513597,0.002512726450754954,0.008106723010213627,0.6304347826086957,86
0,Downtrend / High-Vol,8h,46,0.003542384368013583,0.001650853880345693,0.011225816784683,0.6086956521739131,86
1,Ranging / Low-Vol,30m,715,0.0001273413096000866,0.00010092382411919232,0.0024709174860612607,0.5258741258741259,86
1,Ranging / Low-Vol,1h,715,0.00018519267796685134,7.371881236117872e-05,0.003501879772588227,0.5146853146853146,86
1,Ranging / Low-Vol,2h,713,0.00021742832059536593,0.0001742546718137561,0.0050162658360281024,0.517531556802244,86
1,Ranging / Low-Vol,4h,710,0.000717675434812738,0.00021979088351198328,0.006892856370041729,0.5154929577464789,86
1,Ranging / Low-Vol,8h,704,0.0007968643588637248,-0.00012141952621558261,0.009264897238648246,0.4914772727272727,86
2,Uptrend / High-Vol,30m,6,-0.001135489959126268,-0.0011446620464727886,0.0014514804838721286,0.3333333333333333,86
2,Uptrend / High-Vol,1h,6,2.481335196987307e-05,0.000576312995029582,0.001858058208603107,0.5,86
2,Uptrend / High-Vol,2h,6,-0.001672122326239034,0.0005624076790446964,0.007607324587171294,0.5,86
2,Uptrend / High-Vol,4h,6,-0.0003816467602373308,0.0013800685191460715,0.013972409664340931,0.5,86
2,Uptrend / High-Vol,8h,6,0.012478308562355878,0.018247649461015314,0.018639818005232654,0.6666666666666666,86
4,Ranging / Low-Vol,30m,611,-8.87678941566582e-05,-5.55269686142168e-05,0.002555282304771394,0.49427168576104746,86
4,Ranging / Low-Vol,1h,610,-5.2115781228131304e-05,1.0325643775566107e-05,0.003656891090209697,0.5,86
4,Ranging / Low-Vol,2h,610,0.00015836483010239928,-0.00013817512666403076,0.005144270131900684,0.4819672131147541,86
4,Ranging / Low-Vol,4h,609,0.0003007416161472757,-0.00014758820002391815,0.007152150061571385,0.49917898193760263,86
4,Ranging / Low-Vol,8h,607,0.0008337335394043971,0.00022647920601670535,0.009534405021849058,0.5090609555189456,86
5,Uptrend / Mid-Vol,30m,109,0.000472880283365668,0.0005725876157480769,0.004422485146064435,0.5596330275229358,86
5,Uptrend / Mid-Vol,1h,109,0.0003135179291803689,0.0008597501532232599,0.006131922335145954,0.5688073394495413,86
5,Uptrend / Mid-Vol,2h,109,0.00023851401380825635,0.0008773113444053848,0.007955993490081055,0.5504587155963303,86
5,Uptrend / Mid-Vol,4h,109,6.03785469778148e-05,7.668370017199777e-06,0.008821480359996137,0.5045871559633027,86
5,Uptrend / Mid-Vol,8h,109,0.0025016710195447864,0.003366086166941784,0.010753068251952741,0.6788990825688074,86
0,Uptrend / High-Vol,30m,25,-0.0002747444748031569,-0.00028556229259990573,0.002789449901463447,0.36,87
0,Uptrend / High-Vol,1h,25,0.000890741934505499,-0.0002818992818749422,0.005623151422482687,0.44,87
0,Uptrend / High-Vol,2h,25,0.0018152940952026596,0.000703291652401461,0.008395252935074721,0.52,87
0,Uptrend / High-Vol,4h,25,0.005125589148730114,0.0012820746054806875,0.011314817284630366,0.56,87
0,Uptrend / High-Vol,8h,25,0.00712197407239806,0.009464080947021003,0.013411883911085562,0.64,87
1,Ranging / Low-Vol,30m,507,7.4151869103946e-05,0.00011273046508541995,0.002515474456701737,0.514792899408284,87
1,Ranging / Low-Vol,1h,507,3.4436176350546654e-05,8.015012243589581e-05,0.0036332129460429057,0.5226824457593688,87
1,Ranging / Low-Vol,2h,507,-0.00012005651137541657,0.00014644574386224463,0.005150319176396102,0.5207100591715976,87
1,Ranging / Low-Vol,4h,505,-0.00022786469725423274,0.00023511598029024583,0.007455982570982849,0.5168316831683168,87
1,Ranging / Low-Vol,8h,503,-0.0002866321302315572,0.0005131677036249727,0.010721413693756053,0.5129224652087475,87
2,Ranging / Low-Vol,30m,269,2.5836363340164916e-05,6.825572956614678e-06,0.0013637529927433808,0.5055762081784386,87
2,Ranging / Low-Vol,1h,269,2.954028842046547e-05,2.0684236403667455e-05,0.0020364442710488952,0.5130111524163569,87
2,Ranging / Low-Vol,2h,269,0.00017739337941535403,-7.823136973250655e-05,0.0033736175984939937,0.49070631970260226,87
2,Ranging / Low-Vol,4h,269,0.0007235927792050548,-0.00014303273497695557,0.005046891422079998,0.4944237918215613,87
2,Ranging / Low-Vol,8h,269,0.00023778671776118572,0.00010442504451901868,0.0067333545694814685,0.5204460966542751,87
3,Ranging / Mid-Vol,30m,591,-1.1427649968800748e-05,6.99978650509081e-06,0.002772631244155951,0.5008460236886633,87
3,Ranging / Mid-Vol,1h,590,2.3898557724611856e-05,-7.042481178753945e-05,0.0034738273306190613,0.488135593220339,87
3,Ranging / Mid-Vol,2h,588,0.0001810894254522242,0.00017654133466216138,0.004829875337229468,0.5272108843537415,87
3,Ranging / Mid-Vol,4h,586,7.093482110816414e-05,0.0004182281473452676,0.006667783002511923,0.5341296928327645,87
3,Ranging / Mid-Vol,8h,580,0.00018601139256978062,0.0007139033786662807,0.010345366353885074,0.5293103448275862,87
4,Ranging / High-Vol,30m,1,0.00394281519888473,0.00394281519888473,0.0,1.0,87
4,Ranging / High-Vol,1h,1,0.005441535142249876,0.005441535142249876,0.0,1.0,87
4,Ranging / High-Vol,2h,1,0.007590966292893242,0.007590966292893242,0.0,1.0,87
4,Ranging / High-Vol,4h,1,0.015838041449310225,0.015838041449310225,0.0,1.0,87
4,Ranging / High-Vol,8h,1,0.02976020066861018,0.02976020066861018,0.0,1.0,87
5,Downtrend / High-Vol,30m,46,-0.00018947104372990037,-0.00048303781576386484,0.004597218655636358,0.43478260869565216,87
5,Downtrend / High-Vol,1h,46,-0.00033806008107053185,-0.00031442815274296265,0.006598084668739347,0.41304347826086957,87
5,Downtrend / High-Vol,2h,46,-0.0008494853931183978,-0.0010889802784364022,0.008735686954430314,0.41304347826086957,87
5,Downtrend / High-Vol,4h,46,-0.0008124550262269065,0.0004225217332489706,0.012536313940889611,0.5434782608695652,87
5,Downtrend / High-Vol,8h,46,0.004847812392619743,0.00673561066078765,0.01478034771867353,0.6956521739130435,87
0,Ranging / Low-Vol,30m,663,4.936369171994931e-05,8.997411020317259e-05,0.002223696470809785,0.5173453996983409,88
0,Ranging / Low-Vol,1h,662,8.180802476833955e-05,0.00015979992285508615,0.003280586964177459,0.5377643504531722,88
0,Ranging / Low-Vol,2h,661,8.754981164030817e-05,0.00011830144042157542,0.004463609310887878,0.518910741301059,88
0,Ranging / Low-Vol,4h,660,0.0001616826137284146,3.0299844305581303e-05,0.006112359379777816,0.503030303030303,88
0,Ranging / Low-Vol,8h,657,0.0006238696630539194,0.0006379563285641154,0.009242136984400415,0.5403348554033486,88
1,Ranging / Low-Vol,30m,740,3.709492218256692e-05,9.134775807861928e-05,0.002136829516359043,0.5148648648648648,88
1,Ranging / Low-Vol,1h,740,0.00010099440587122212,-1.5808938539585426e-05,0.0029839412790708367,0.4972972972972973,88
1,Ranging / Low-Vol,2h,739,0.000249399848233919,0.00014209455365055135,0.0043246915298595055,0.5115020297699594,88
1,Ranging / Low-Vol,4h,736,0.00046884899175192934,0.00024772971599063,0.0058942296478575245,0.5271739130434783,88
1,Ranging / Low-Vol,8h,731,0.0009083001973692313,0.0007499711558320854,0.008586841453173547,0.5595075239398085,88
2,Uptrend / High-Vol,30m,4,0.00013068239224622857,-0.0005934483676579561,0.004209585751880512,0.5,88
2,Uptrend / High-Vol,1h,4,-0.000902693111975772,-0.0005864661621961531,0.00213739323228224,0.5,88
2,Uptrend / High-Vol,2h,4,-0.0027239010297170907,-0.0036424158354826375,0.0018852955874509123,0.25,88
2,Uptrend / High-Vol,4h,4,0.0015361034196774703,0.00246734613496713,0.0037503396248430017,0.75,88
2,Uptrend / High-Vol,8h,4,0.014951430835437485,0.014592426137285841,0.002614196366684483,1.0,88
3,Uptrend / Mid-Vol,30m,51,0.0003979717790648412,0.0007842810478599915,0.003631525034500955,0.5294117647058824,88
3,Uptrend / Mid-Vol,1h,51,0.0005942062376432865,-0.00032787844835802105,0.004392168040619908,0.49019607843137253,88
3,Uptrend / Mid-Vol,2h,51,0.0015462419561979351,0.00135888893588465,0.005997865742990981,0.6274509803921569,88
3,Uptrend / Mid-Vol,4h,51,0.003983802485981966,0.0024319703001030035,0.008504867709224408,0.6078431372549019,88
3,Uptrend / Mid-Vol,8h,51,0.004665643316607046,0.00238856601514037,0.012013811252334828,0.6274509803921569,88
4,Downtrend / High-Vol,30m,29,-0.00013299630067434192,0.0002898784854128422,0.0030685862688383464,0.5517241379310345,88
4,Downtrend / High-Vol,1h,29,-2.9488777033111153e-05,0.00031014171452703465,0.004041430145853052,0.5172413793103449,88
4,Downtrend / High-Vol,2h,29,9.826949427661912e-05,-0.0004091264938352879,0.004945714730767635,0.4827586206896552,88
4,Downtrend / High-Vol,4h,29,-0.0003634642026471932,-0.000429640501009132,0.006020713778635175,0.4827586206896552,88
4,Downtrend / High-Vol,8h,29,0.001803358893666838,-0.00029445607052558387,0.008261390026522836,0.4827586206896552,88
0,Downtrend / High-Vol,30m,62,-0.00019436281208782698,-0.0004107601427882912,0.003354168566987017,0.46774193548387094,89
0,Downtrend / High-Vol,1h,62,-0.00020245706499968303,-0.0003032899862143168,0.004245230062113364,0.4838709677419355,89
0,Downtrend / High-Vol,2h,62,-2.089225489461612e-05,-0.0002967628836341163,0.004353669266598221,0.4838709677419355,89
0,Downtrend / High-Vol,4h,62,-0.0010754803342921562,-0.0006978345757460147,0.004658040698435452,0.41935483870967744,89
0,Downtrend / High-Vol,8h,62,-0.002915814991715241,-0.003220133507111811,0.006945367938784608,0.3387096774193548,89
1,Ranging / Low-Vol,30m,651,-6.977355018599556e-05,-0.00010793283392729336,0.0025065009133511664,0.4838709677419355,89
1,Ranging / Low-Vol,1h,650,-0.0001643114021959983,-0.00013322783115388148,0.003501949547325079,0.47846153846153844,89
1,Ranging / Low-Vol,2h,649,-0.00032495737081503185,-0.0002067267337384493,0.005092032683461633,0.4745762711864407,89
1,Ranging / Low-Vol,4h,647,-0.0002608481271308789,-0.00029465795380012594,0.007141641949404134,0.482225656877898,89
1,Ranging / Low-Vol,8h,644,-0.00027588624302853917,-8.841626578615092e-05,0.010316481077588058,0.4968944099378882,89
2,Uptrend / Mid-Vol,30m,37,-0.00012511233924994726,-0.0005038718724481583,0.0034470855960853438,0.35135135135135137,89
2,Uptrend / Mid-Vol,1h,37,-0.00020311646709967744,-0.00016924761121472898,0.0042129833033221825,0.4594594594594595,89
2,Uptrend / Mid-Vol,2h,37,3.464831776502199e-05,0.0007459924689179331,0.004018559413120664,0.5675675675675675,89
2,Uptrend / Mid-Vol,4h,37,0.0010111451625014539,0.00017630733453799508,0.005198223719334482,0.5675675675675675,89
2,Uptrend / Mid-Vol,8h,37,-0.0027751770644126113,-0.0007059652530863048,0.008484253796822622,0.40540540540540543,89
4,Ranging / Low-Vol,30m,725,-2.1931321752795686e-05,4.66990677594481e-06,0.002203575634008601,0.503448275862069,89
4,Ranging / Low-Vol,1h,725,-2.2318856322720417e-05,2.2940293046502802e-05,0.003185695787076121,0.5006896551724138,89
4,Ranging / Low-Vol,2h,724,-6.752043055188866e-05,-3.903493237977784e-05,0.004602063568183191,0.494475138121547,89
4,Ranging / Low-Vol,4h,722,-0.0004168040205035286,-0.00019960485925363258,0.0067721849779312044,0.47645429362880887,89
4,Ranging / Low-Vol,8h,717,-0.000654377816108684,-0.0002010248949311233,0.009636410362933044,0.49232914923291493,89
5,Uptrend / High-Vol,30m,12,0.000878953076516679,-0.00038879502702027224,0.004796784496423,0.5,89
5,Uptrend / High-Vol,1h,12,0.0010560503520869642,-0.0011589716903293024,0.005685741834728947,0.4166666666666667,89
5,Uptrend / High-Vol,2h,12,0.001538602457052285,0.0023678621752889484,0.005310326990662463,0.5833333333333334,89
5,Uptrend / High-Vol,4h,12,0.0014464275461046523,0.0013875858882599346,0.00848447217866722,0.75,89
5,Uptrend / High-Vol,8h,12,-0.0005788560667345047,0.002409044644975822,0.01029909030168442,0.5833333333333334,89
0,Uptrend / High-Vol,30m,21,0.0005493151472466011,0.0010031466481770224,0.002032514997653844,0.6666666666666666,90
0,Uptrend / High-Vol,1h,21,-2.910837444003973e-05,0.0005010920897365878,0.003557920101342604,0.5714285714285714,90
0,Uptrend / High-Vol,2h,21,-0.002017325467292946,-0.002890543629206377,0.004368143252491653,0.38095238095238093,90
0,Uptrend / High-Vol,4h,21,-0.00235257469482494,-0.002275696118179127,0.0038069649900865066,0.23809523809523808,90
0,Uptrend / High-Vol,8h,21,-0.002889208391638542,-0.0012543805630951255,0.006367126380409549,0.3333333333333333,90
1,Ranging / Mid-Vol,30m,533,0.00021313193718978173,0.00018643384861860568,0.00211109539444974,0.5309568480300187,90
1,Ranging / Mid-Vol,1h,533,0.0002534929023896147,0.00011367151369157114,0.002952338541022675,0.5234521575984991,90
1,Ranging / Mid-Vol,2h,531,0.0004564522535492122,0.0003645181406284337,0.00441949904125053,0.551789077212806,90
1,Ranging / Mid-Vol,4h,528,0.0007520342297779634,0.00042203498197146416,0.006252117675695524,0.5454545454545454,90
1,Ranging / Mid-Vol,8h,524,0.0013363697083465618,0.0014282715787325984,0.008001451167996916,0.5973282442748091,90
2,Ranging / Low-Vol,30m,415,-7.567007129039579e-05,-7.02061533228715e-05,0.0010975708199736805,0.4771084337349398,90
2,Ranging / Low-Vol,1h,415,-0.0001716870953444313,-7.117691674451976e-05,0.0016338716433956055,0.4771084337349398,90
2,Ranging / Low-Vol,2h,415,-0.0003339306199599948,-0.00012635865257770718,0.0025458437867216474,0.4795180722891566,90
2,Ranging / Low-Vol,4h,415,-0.00030427654687984645,-0.00023359417224533274,0.0035030370496696816,0.4602409638554217,90
2,Ranging / Low-Vol,8h,415,-0.00037815998861319574,-0.00030532190641352486,0.005518431990460607,0.4457831325301205,90
3,Downtrend / High-Vol,30m,16,-0.0004433109824849568,0.00015451348753714456,0.0034051633389113943,0.625,90
3,Downtrend / High-Vol,1h,16,-0.00014951815524200107,-0.00031678852951966263,0.0029842718292047766,0.375,90
3,Downtrend / High-Vol,2h,16,-0.0006553709113696904,-0.0012573387459644536,0.0025985566048862814,0.3125,90
3,Downtrend / High-Vol,4h,16,0.0017417738421121598,0.001148114080816498,0.00358019181273525,0.6875,90
3,Downtrend / High-Vol,8h,16,0.0011643968994196063,0.001158877513991463,0.003027064064927783,0.5625,90
5,Ranging / Low-Vol,30m,454,-6.720021388721387e-05,-2.1790568364821183e-05,0.002442844624556,0.4845814977973568,90
5,Ranging / Low-Vol,1h,453,0.00010372083952631987,9.495276910875816e-05,0.0035124693543485937,0.5121412803532008,90
5,Ranging / Low-Vol,2h,453,0.0003550764927857085,0.00020737280343929854,0.004831777410222168,0.5231788079470199,90
5,Ranging / Low-Vol,4h,452,0.00045537681797790217,0.00022436311853901714,0.006047644475452537,0.5132743362831859,90
5,Ranging / Low-Vol,8h,448,0.0007748415706522103,0.001036306794730102,0.008378843871592986,0.5669642857142857,90
0,Uptrend / Mid-Vol,30m,109,0.0001802714775586368,0.00025365810954802726,0.004072531812158723,0.5321100917431193,91
0,Uptrend / Mid-Vol,1h,109,6.491016206585215e-05,-0.00028254974677821565,0.005219865738518303,0.45871559633027525,91
0,Uptrend / Mid-Vol,2h,109,0.0004675793338805698,0.00018869168593482755,0.006775504122871227,0.5321100917431193,91
0,Uptrend / Mid-Vol,4h,109,0.0012089083985880901,0.0017774470415776733,0.008733168379474032,0.5963302752293578,91
0,Uptrend / Mid-Vol,8h,109,-0.00011862137540078202,-0.00026026076019469713,0.009960435927244497,0.47706422018348627,91
1,Ranging / Low-Vol,30m,629,5.337092253682095e-05,0.00011697216553230305,0.002690678181445783,0.5182829888712241,91
1,Ranging / Low-Vol,1h,628,6.568056888375116e-05,0.00020801767615097333,0.00405600013369349,0.5222929936305732,91
1,Ranging / Low-Vol,2h,626,6.173970606296737e-05,0.00028597548351871893,0.005958785017927207,0.5287539936102237,91
1,Ranging / Low-Vol,4h,623,-8.361661927182137e-05,8.761576399507476e-06,0.008920258813414562,0.5008025682182986,91
1,Ranging / Low-Vol,8h,619,4.646297825044433e-05,0.0008246869179195926,0.013440757314397915,0.5525040387722132,91
2,Downtrend / High-Vol,30m,16,-0.0007267669284550804,0.00016738439303765063,0.01870274881258104,0.5,91
2,Downtrend / High-Vol,1h,16,0.001305786424643629,-0.002305347532467472,0.012434125254941124,0.4375,91
2,Downtrend / High-Vol,2h,16,0.0008931462512501431,0.0008016415812086564,0.014582015662184674,0.5625,91
2,Downtrend / High-Vol,4h,16,-0.003882148662161966,-0.004327314881772182,0.01194473299044863,0.3125,91
2,Downtrend / High-Vol,8h,16,-0.004191868795555553,-0.004793233251828788,0.013356224303075537,0.4375,91
3,Downtrend / High-Vol,30m,133,-0.0004158246122273727,-9.811420926908454e-05,0.004762514288797027,0.48872180451127817,91
3,Downtrend / High-Vol,1h,133,-0.0011234831865985719,5.664017166751023e-05,0.008988224078827343,0.5037593984962406,91
3,Downtrend / High-Vol,2h,133,-0.0017303636629155783,-0.0007302481782360815,0.010653875609680187,0.45864661654135336,91
3,Downtrend / High-Vol,4h,133,-0.0024934335443289116,0.00023732206114068788,0.014538971674729556,0.5112781954887218,91
3,Downtrend / High-Vol,8h,131,-0.000509204669715494,0.0026030145139674943,0.01827348368970224,0.6030534351145038,91
4,Uptrend / High-Vol,30m,23,-0.0005174245457655131,-0.0003614590957070618,0.0046554117448590225,0.4782608695652174,91
4,Uptrend / High-Vol,1h,23,-0.0011013199733668452,-0.003060926761600413,0.006070282378214954,0.34782608695652173,91
4,Uptrend / High-Vol,2h,23,-0.00522951438849169,-0.005902560189147366,0.006628683000432374,0.21739130434782608,91
4,Uptrend / High-Vol,4h,23,-0.007397078886437847,-0.006666028946227698,0.008984418590382152,0.13043478260869565,91
4,Uptrend / High-Vol,8h,23,-0.01903452675689358,-0.02266638712736402,0.01824131564200584,0.17391304347826086,91
5,Ranging / Low-Vol,30m,577,-2.403105911324524e-05,-8.350509128796091e-05,0.002930826430257084,0.4852686308492201,91
5,Ranging / Low-Vol,1h,577,4.284140827390168e-05,7.726030287535934e-05,0.004288768359645316,0.511265164644714,91
5,Ranging / Low-Vol,2h,577,0.00013738580121543578,0.00012533678308379592,0.006330919009655076,0.511265164644714,91
5,Ranging / Low-Vol,4h,576,0.00025467102229102963,0.00018415561101381428,0.008979418989035249,0.5138888888888888,91
5,Ranging / Low-Vol,8h,574,-0.000245805234244028,0.0008912593786627454,0.013969844824128818,0.5470383275261324,91
0,Uptrend / Mid-Vol,30m,120,0.000897766017370083,0.000541759006098097,0.0036811876779483787,0.5583333333333333,92
0,Uptrend / Mid-Vol,1h,120,0.0014401682564274914,0.0012844391588870963,0.004938175094021737,0.625,92
0,Uptrend / Mid-Vol,2h,120,0.0015642676921841698,0.0013426153045701383,0.007621439764397456,0.5916666666666667,92
0,Uptrend / Mid-Vol,4h,120,0.0014966440566951179,0.00010249669938566797,0.009672873708311583,0.5083333333333333,92
0,Uptrend / Mid-Vol,8h,120,-0.0006035347382240245,0.0005886682454985248,0.01346378693321915,0.525,92
1,Ranging / Low-Vol,30m,570,-0.0002811481205861355,-0.00010822891457706874,0.00306019305881313,0.4789473684210526,92
1,Ranging / Low-Vol,1h,570,-0.00043505542492479067,1.4977677179395243e-05,0.004698828033605287,0.5035087719298246,92
1,Ranging / Low-Vol,2h,568,-0.0008420809430017441,-0.00015904498581331694,0.006749552679391772,0.4894366197183099,92
1,Ranging / Low-Vol,4h,567,-0.001966038656259579,-0.0010484714765546244,0.010097494805111037,0.42857142857142855,92
1,Ranging / Low-Vol,8h,562,-0.0032781347341225755,-0.0023683418283839686,0.01505263901999059,0.4234875444839858,92
2,Downtrend / High-Vol,30m,200,-0.0007308045306560374,-0.00041186849588203955,0.005155172201855636,0.465,92
2,Downtrend / High-Vol,1h,200,-0.0009986225571504371,-0.00029280139412168893,0.007203228847401493,0.47,92
2,Downtrend / High-Vol,2h,200,-0.0009072608487953282,-0.0007978993384929467,0.009996388544224143,0.46,92
2,Downtrend / High-Vol,4h,200,-0.001257536449128258,0.000747448231964043,0.012657375090446161,0.525,92
2,Downtrend / High-Vol,8h,200,-0.00035142466057029863,0.0005186768194214153,0.017600613169878213,0.505,92
3,Downtrend / High-Vol,30m,10,0.003355231470204245,0.0014509948730569988,0.009868561682683387,0.6,92
3,Downtrend / High-Vol,1h,10,0.004649117780535228,0.0040631208326393775,0.010534705818762336,0.6,92
3,Downtrend / High-Vol,2h,10,0.002080531991529533,0.0004194197401634625,0.013719287492243664,0.5,92
3,Downtrend / High-Vol,4h,10,0.012763689797133182,0.018766332545949282,0.012984816321086296,0.9,92
3,Downtrend / High-Vol,8h,10,0.009663813788467835,0.008520353656604307,0.01568194068104411,0.6,92
4,Uptrend / High-Vol,30m,44,0.00022001428031376784,-0.00027912821570641455,0.006576074931334024,0.5,92
4,Uptrend / High-Vol,1h,44,0.0003274463316474862,-0.0006444679610213555,0.009264040050025868,0.45454545454545453,92
4,Uptrend / High-Vol,2h,44,0.000899348406395838,0.0006579915466637942,0.00730987424282341,0.5227272727272727,92
4,Uptrend / High-Vol,4h,44,-0.000272280869777607,1.3877728779476683e-05,0.00922499271035589,0.5,92
4,Uptrend / High-Vol,8h,44,0.00011333487772257168,-0.00013194096059088167,0.012130380886120664,0.5,92
5,Ranging / Low-Vol,30m,495,-7.477256852113651e-05,0.00018211150330316173,0.003254669940714755,0.5393939393939394,92
5,Ranging / Low-Vol,1h,494,-0.00034288359702146204,-0.00012836184628461922,0.004430896078988071,0.4817813765182186,92
5,Ranging / Low-Vol,2h,494,-0.0006940786494588038,-5.269902548299399e-05,0.006551211061917246,0.4959514170040486,92
5,Ranging / Low-Vol,4h,491,-0.0008751039812866716,-0.0003989490819478192,0.01079085766121706,0.48268839103869654,92
5,Ranging / Low-Vol,8h,488,-0.0022530401738960664,-0.0011039699636805622,0.01511345971246676,0.444672131147541,92
0,Uptrend / Mid-Vol,30m,85,0.00079884810216066,0.00019101764192974713,0.005105832834851647,0.5529411764705883,93
0,Uptrend / Mid-Vol,1h,85,0.0014956032784037715,0.0003072500125593791,0.007471219437335609,0.5529411764705883,93
0,Uptrend / Mid-Vol,2h,85,0.00027877147322534767,0.00017820389697398298,0.01025076005425826,0.5176470588235295,93
0,Uptrend / Mid-Vol,4h,85,-0.0007030605116954087,0.0001334541937367817,0.013257157638613043,0.5058823529411764,93
0,Uptrend / Mid-Vol,8h,85,-0.0025061278921391763,-7.998805223863314e-05,0.015413740487138432,0.4823529411764706,93
1,Ranging / Low-Vol,30m,661,-6.307532748369273e-05,2.960190920298089e-05,0.002667247130990885,0.5068078668683812,93
1,Ranging / Low-Vol,1h,661,-9.312387367384713e-05,3.145348067334908e-05,0.0035813248715309072,0.5022692889561271,93
1,Ranging / Low-Vol,2h,659,-2.539077279864133e-05,2.8994631852796715e-05,0.005370812417176259,0.503793626707132,93
1,Ranging / Low-Vol,4h,657,0.00011168418843453808,0.00038449076167346163,0.008768980187556532,0.5357686453576864,93
1,Ranging / Low-Vol,8h,653,0.00043623811303935726,0.00030225243452264294,0.012778962241550876,0.5267993874425727,93
2,Uptrend / High-Vol,30m,42,0.0004391874482025197,0.0006506285732061912,0.006664352120019363,0.6190476190476191,93
2,Uptrend / High-Vol,1h,42,0.000243449471974564,0.0008991690184192436,0.010155854983196445,0.5476190476190477,93
2,Uptrend / High-Vol,2h,42,0.0009807515590102341,0.0007147326845950985,0.01142727427285116,0.5476190476190477,93
2,Uptrend / High-Vol,4h,42,-0.0015767905440483617,0.0004907082188410072,0.015225226265312702,0.5238095238095238,93
2,Uptrend / High-Vol,8h,42,-4.6198551556530544e-05,0.0023187766531957976,0.01568987768271894,0.5714285714285714,93
3,Downtrend / High-Vol,30m,10,-0.001822042231553489,-0.0010669485943024526,0.006743178925204404,0.3,93
3,Downtrend / High-Vol,1h,10,-0.0025850526937494676,-0.0036575767722020203,0.005484413896873695,0.3,93
3,Downtrend / High-Vol,2h,10,-0.009849954977391207,-0.009844937597042858,0.006749657113508188,0.1,93
3,Downtrend / High-Vol,4h,10,-0.012847023828923377,-0.013079889651674392,0.006984201216909126,0.0,93
3,Downtrend / High-Vol,8h,10,-0.008782389403926238,-0.008663407706220205,0.005235592725151267,0.0,93
4,Ranging / Low-Vol,30m,567,-1.665146517742225e-05,0.0001338662705379079,0.002744929594298665,0.527336860670194,93
4,Ranging / Low-Vol,1h,566,-7.350687797649538e-05,3.591300322725033e-05,0.004347071510258102,0.5106007067137809,93
4,Ranging / Low-Vol,2h,566,5.188439133351063e-05,0.00014059115881970285,0.006296274453490794,0.519434628975265,93
4,Ranging / Low-Vol,4h,564,8.397585464152119e-05,0.00029405173117513783,0.009049488084967874,0.5372340425531915,93
4,Ranging / Low-Vol,8h,560,-8.653611000725306e-05,0.00014092150996614095,0.013048514751981495,0.5107142857142857,93
5,Downtrend / High-Vol,30m,122,-0.0002070288908438766,-0.00010770071091403821,0.004611647617421243,0.4918032786885246,93
5,Downtrend / High-Vol,1h,122,-7.271572078580997e-05,0.00045640720255768485,0.006204487936236055,0.5573770491803278,93
5,Downtrend / High-Vol,2h,122,0.00027493148791110146,0.0014896997983679938,0.008189163761814366,0.5983606557377049,93
5,Downtrend / High-Vol,4h,122,0.0015922425881175807,0.0017393984116704786,0.00918257772297542,0.639344262295082,93
5,Downtrend / High-Vol,8h,122,0.0022731811747177004,0.0012949037052516488,0.010394418970282095,0.5819672131147541,93
0,Downtrend / High-Vol,30m,63,-0.001136776592586345,-0.0004716208932897814,0.005554949434473431,0.4444444444444444,94
0,Downtrend / High-Vol,1h,63,-0.0011799912937316072,-0.00021441674542010958,0.008465698762526069,0.47619047619047616,94
0,Downtrend / High-Vol,2h,63,-0.0008822557598082351,0.0011166000734608161,0.012724696886834865,0.5238095238095238,94
0,Downtrend / High-Vol,4h,60,-0.0021141104370195228,0.0004506344108845539,0.01742900123002516,0.55,94
0,Downtrend / High-Vol,8h,52,-0.0017753541413047225,0.0003909281561522704,0.016629456986800864,0.5192307692307693,94
1,Ranging / Mid-Vol,30m,225,0.00019815785325408324,0.0001903202621083011,0.0035021248270848894,0.5333333333333333,94
1,Ranging / Mid-Vol,1h,225,0.00035076289982612254,0.0005142622124356677,0.005061315204613468,0.56,94
1,Ranging / Mid-Vol,2h,223,3.0572465903005776e-05,0.0003315043907434756,0.0066018426016988905,0.5291479820627802,94
1,Ranging / Mid-Vol,4h,222,-0.0003793643782099565,0.0004171941413790847,0.007848427817118213,0.536036036036036,94
1,Ranging / Mid-Vol,8h,222,-0.00037307626926173576,3.140035139548303e-05,0.00965996879015319,0.5,94
3,Ranging / Low-Vol,30m,638,-0.00012198829706040248,8.129656607813729e-05,0.0028505919637869656,0.5172413793103449,94
3,Ranging / Low-Vol,1h,638,-0.00019106930873511826,1.7878277396299325e-05,0.004045092014247747,0.5031347962382445,94
3,Ranging / Low-Vol,2h,638,-0.0002648933098792307,0.00011662565066217212,0.005775993023512728,0.5094043887147336,94
3,Ranging / Low-Vol,4h,638,-0.00041510726635007666,-7.803588876331702e-05,0.00812601813370248,0.4952978056426332,94
3,Ranging / Low-Vol,8h,638,-0.0011454166286198248,0.0001570169821416556,0.012157872645768907,0.512539184952978,94
4,Ranging / Low-Vol,30m,523,-4.9647851963029144e-05,-5.969401906824601e-05,0.0019616625769252358,0.4722753346080306,94
4,Ranging / Low-Vol,1h,523,-0.00019463522013639302,-0.00012147439721843512,0.002894585950347981,0.4722753346080306,94
4,Ranging / Low-Vol,2h,523,-0.0003772724670502611,-2.7513974806936403e-05,0.004589023030356351,0.497131931166348,94
4,Ranging / Low-Vol,4h,523,-0.000715671064506505,-0.000275645802473079,0.007082001245303149,0.4684512428298279,94
4,Ranging / Low-Vol,8h,523,-0.0014436170413512674,-0.00031184172848952585,0.011503245683286669,0.4684512428298279,94
5,Uptrend / High-Vol,30m,38,0.0005842297755764017,0.0005086051540930114,0.003573363004683932,0.5789473684210527,94
5,Uptrend / High-Vol,1h,37,0.00012043459550573891,-6.119064944698493e-05,0.0033424382203818873,0.4864864864864865,94
5,Uptrend / High-Vol,2h,37,-0.0008812987602120288,8.564607593086748e-05,0.0058079248711511,0.5135135135135135,94
5,Uptrend / High-Vol,4h,37,-0.0022248489779136075,-0.002357155526413024,0.006999587227768008,0.43243243243243246,94
5,Uptrend / High-Vol,8h,37,-0.002899626097786508,-0.003750368400947224,0.008288077336710489,0.32432432432432434,94
0,Downtrend / High-Vol,30m,204,-0.0008032905193045701,0.00010089862944084871,0.006730867934688173,0.5098039215686274,95
0,Downtrend / High-Vol,1h,204,-0.0012086727978496523,-0.0005597517435154131,0.008621721869659059,0.4803921568627451,95
0,Downtrend / High-Vol,2h,204,-0.0018445667171822326,-0.0004160831626309758,0.01132361196979216,0.47549019607843135,95
0,Downtrend / High-Vol,4h,204,-0.0013743618017953289,0.0007787684195807998,0.015520883397912168,0.5343137254901961,95
0,Downtrend / High-Vol,8h,204,-0.004182969228974969,-0.0015197889916134244,0.024082063278654555,0.47549019607843135,95
1,Ranging / Mid-Vol,30m,506,2.7628586807662636e-05,7.16215239027207e-05,0.003554132094972448,0.5118577075098815,95
1,Ranging / Mid-Vol,1h,506,-0.0001021796417611846,-1.0469534033497041e-05,0.005337286475511011,0.4980237154150198,95
1,Ranging / Mid-Vol,2h,506,-0.0006106964262601927,-0.00027599889099061414,0.0073730263584363236,0.4901185770750988,95
1,Ranging / Mid-Vol,4h,506,-0.0016167522109605266,-0.0006756163884409361,0.011600071620845965,0.47035573122529645,95
1,Ranging / Mid-Vol,8h,503,-0.0034864389403854415,-0.0019412670469680648,0.01741830606327088,0.4393638170974155,95
2,Uptrend / High-Vol,30m,147,0.00048382270605749173,0.0007596202914506023,0.005477503772572834,0.5510204081632653,95
2,Uptrend / High-Vol,1h,146,0.0006382246274897915,0.0007326348356055945,0.0077059969002250765,0.5342465753424658,95
2,Uptrend / High-Vol,2h,144,0.001103501230518759,0.0011364605427521823,0.011517155765695999,0.5555555555555556,95
2,Uptrend / High-Vol,4h,140,0.0028136736806580005,0.0016158427697625655,0.01645534971777035,0.5214285714285715,95
2,Uptrend / High-Vol,8h,137,0.004859533228281316,0.0005856823538632483,0.023142142548736953,0.5328467153284672,95
3,Ranging / Low-Vol,30m,412,-0.00022460727378237992,9.942417187680519e-05,0.0042173230344072395,0.5072815533980582,95
3,Ranging / Low-Vol,1h,412,-0.0003460034680869056,-0.00012586916677914672,0.006255936352052011,0.49271844660194175,95
3,Ranging / Low-Vol,2h,412,-0.00022217407016763977,0.00011027145493969215,0.00839798854051207,0.5048543689320388,95
3,Ranging / Low-Vol,4h,412,-0.0014602959461459213,-0.0005243115205644244,0.012904312374520423,0.46601941747572817,95
3,Ranging / Low-Vol,8h,410,-0.0031020552171897625,-0.0021765044417465518,0.017377789205584505,0.4219512195121951,95
4,Ranging / Low-Vol,30m,26,0.00028094961332888384,0.00037181299780275623,0.0012287576612219275,0.5769230769230769,95
4,Ranging / Low-Vol,1h,26,0.00030570166826386744,0.0008930785719840628,0.0034138829643969434,0.5769230769230769,95
4,Ranging / Low-Vol,2h,26,-0.001846579612111654,0.0005572266395272862,0.012570123552724738,0.6153846153846154,95
4,Ranging / Low-Vol,4h,26,-0.0010402508091273623,0.0015086295166817365,0.01293604254719827,0.6923076923076923,95
4,Ranging / Low-Vol,8h,26,0.0006085803685494512,-0.0005345695270442263,0.012643925022045893,0.46153846153846156,95
5,Ranging / High-Vol,30m,48,-4.754473180816158e-05,8.336257296193139e-05,0.012223987369221725,0.5208333333333334,95
5,Ranging / High-Vol,1h,48,0.0001737778787207119,0.0019171771004025118,0.016936426215936273,0.625,95
5,Ranging / High-Vol,2h,48,0.00030718256526481486,0.00047585119044768476,0.020874587194258307,0.5625,95
5,Ranging / High-Vol,4h,48,0.0003645116379468923,0.008218905116797792,0.026086077347764164,0.625,95
5,Ranging / High-Vol,8h,48,0.008675141307431114,0.01833733666998505,0.0324128398578519,0.75,95
0,Ranging / Low-Vol,30m,562,-0.0002465375589929688,-0.00010555485222596417,0.0035115060143190435,0.47686832740213525,96
0,Ranging / Low-Vol,1h,561,-0.00010289113021383722,-0.00022708869617638072,0.005355402067510602,0.47771836007130125,96
0,Ranging / Low-Vol,2h,559,5.682488292341004e-05,-0.0003226493936132613,0.00793044889877401,0.4776386404293381,96
0,Ranging / Low-Vol,4h,556,-0.00019935996261974458,-0.00046213517462234677,0.01124985794836712,0.4802158273381295,96
0,Ranging / Low-Vol,8h,554,-8.675851770789787e-05,-0.0010577265624389653,0.015503184315150121,0.4602888086642599,96
1,Ranging / Mid-Vol,30m,644,0.00010493326335750725,1.135901123827665e-05,0.0036687702965513833,0.5015527950310559,96
1,Ranging / Mid-Vol,1h,644,-6.080165271326464e-05,2.7223548493715555e-05,0.004897802462869565,0.5062111801242236,96
1,Ranging / Mid-Vol,2h,644,-6.351588700934194e-05,-0.0002944874888717308,0.007053036550094614,0.4782608695652174,96
1,Ranging / Mid-Vol,4h,643,0.00020269665759572314,-0.0002444626210724721,0.01014493753100687,0.48367029548989116,96
1,Ranging / Mid-Vol,8h,642,-0.00046529426225706925,-0.0011373116341850675,0.014665965432869242,0.45794392523364486,96
2,Ranging / Low-Vol,30m,35,0.0002914035930522577,0.0001352820550408751,0.0016038284514229189,0.6,96
2,Ranging / Low-Vol,1h,35,0.00047305157248064437,0.00024840454638841436,0.002244429669166016,0.5428571428571428,96
2,Ranging / Low-Vol,2h,35,0.0010044690182974237,0.0002608897430231849,0.003189906277003469,0.5428571428571428,96
2,Ranging / Low-Vol,4h,35,0.00044800333362715605,0.0016743729825172693,0.006128528992039353,0.5714285714285714,96
2,Ranging / Low-Vol,8h,35,0.001384168839369033,-0.0009427054722763728,0.007945360329969627,0.4857142857142857,96
3,Downtrend / High-Vol,30m,120,0.00031459093738566145,0.0006117939865788458,0.004617723693101012,0.55,96
3,Downtrend / High-Vol,1h,120,0.0005572466269454512,0.00042101087899837353,0.006144884866924699,0.55,96
3,Downtrend / High-Vol,2h,120,0.0007669241832375236,0.0008495723049648518,0.00790999809157958,0.5416666666666666,96
3,Downtrend / High-Vol,4h,120,0.00088396354712863,-0.0002627470159586309,0.010542496050856732,0.48333333333333334,96
3,Downtrend / High-Vol,8h,120,0.0036463762300807277,-0.0005745820366840348,0.014154316512364158,0.475,96
4,Uptrend / High-Vol,30m,118,0.0002613773335584243,-6.137056848398714e-05,0.005895438375114923,0.4830508474576271,96
4,Uptrend / High-Vol,1h,118,0.00025654984215494795,-0.0004202566229549731,0.007570770533975964,0.4661016949152542,96
4,Uptrend / High-Vol,2h,118,-0.0005134853716600963,-0.0016368284999046523,0.009686773932119065,0.3813559322033898,96
4,Uptrend / High-Vol,4h,118,-0.00021957530796732876,-0.0018492720489646786,0.012308239868599356,0.4322033898305085,96
4,Uptrend / High-Vol,8h,113,-0.00018236918495568089,-0.0013206845853392934,0.017282357243339024,0.45132743362831856,96
5,Ranging / High-Vol,30m,8,0.001811069242678709,0.003104234475142853,0.004501681734181963,0.75,96
5,Ranging / High-Vol,1h,8,0.0034307516329314947,0.0036702348175570165,0.005530826264380782,0.75,96
5,Ranging / High-Vol,2h,8,0.0031797763657863687,0.0012897527813988674,0.008280184944173513,0.625,96
5,Ranging / High-Vol,4h,8,-0.00013283029138855262,0.0004484406703761934,0.0037244749495196844,0.625,96
5,Ranging / High-Vol,8h,8,0.007154786959480353,0.005572945367690707,0.013299794363622471,0.625,96
0,Downtrend / High-Vol,30m,33,0.00028097600880573907,-0.0003219553915005946,0.0027955875220248842,0.3939393939393939,97
0,Downtrend / High-Vol,1h,33,0.0003640911048502201,0.0006197669229788261,0.003846053990981309,0.5151515151515151,97
0,Downtrend / High-Vol,2h,33,0.0006479293502333254,0.0002296351102195615,0.005724901419550308,0.5454545454545454,97
0,Downtrend / High-Vol,4h,33,0.0014512187823542974,0.001470528518902725,0.006064204962912423,0.6060606060606061,97
0,Downtrend / High-Vol,8h,33,0.0013587309205828507,-0.00049893180765892,0.00923659997846832,0.45454545454545453,97
1,Ranging / High-Vol,30m,2,-0.005726153816703494,-0.005726153816703494,0.005734634929368987,0.5,97
1,Ranging / High-Vol,1h,2,-0.007216257465344711,-0.007216257465344711,0.0042360501680622775,0.0,97
1,Ranging / High-Vol,2h,2,-0.011935212619016866,-0.011935212619016866,0.005697447783223453,0.0,97
1,Ranging / High-Vol,4h,2,-0.013275167058058202,-0.013275167058058202,0.004381555743020016,0.0,97
1,Ranging / High-Vol,8h,2,-0.00857812178454509,-0.00857812178454509,0.004445391975149704,0.0,97
2,Ranging / Low-Vol,30m,621,9.578788167787749e-05,0.00014123184164382963,0.0026149074907091943,0.5265700483091788,97
2,Ranging / Low-Vol,1h,620,9.693238756896627e-05,0.0002320652551119906,0.0037307055611407363,0.5435483870967742,97
2,Ranging / Low-Vol,2h,620,0.00026064333164242556,0.00018059426346361818,0.005407911770010468,0.5161290322580645,97
2,Ranging / Low-Vol,4h,619,0.0007238815034553868,0.00015128952509080307,0.008208791657424743,0.5088852988691438,97
2,Ranging / Low-Vol,8h,615,0.0014696259449137427,0.0002913173302676597,0.011449039826848577,0.5170731707317073,97
3,Ranging / Mid-Vol,30m,234,0.0003301579420144778,0.0003662931888230858,0.0034704361639561914,0.5641025641025641,97
3,Ranging / Mid-Vol,1h,234,0.0006110619220945239,0.00039109811170945363,0.004457288738551356,0.5641025641025641,97
3,Ranging / Mid-Vol,2h,234,0.001164606790314866,0.0002765992631132974,0.006399509438883801,0.5213675213675214,97
3,Ranging / Mid-Vol,4h,234,0.001762512783422521,0.0007949324902956079,0.00954761052647196,0.5683760683760684,97
3,Ranging / Mid-Vol,8h,234,0.0019477664534443251,0.0011359481669446225,0.012899621971572128,0.5299145299145299,97
4,Uptrend / High-Vol,30m,51,0.00035963472232490226,-0.00083603550767819,0.005481203814354615,0.39215686274509803,97
4,Uptrend / High-Vol,1h,51,0.0005271008558298801,-0.0008475771962785927,0.008453282055445674,0.4117647058823529,97
4,Uptrend / High-Vol,2h,51,0.001083908767996164,-0.001053454699441403,0.010252738057526998,0.43137254901960786,97
4,Uptrend / High-Vol,4h,51,0.0015420163922768581,0.0001793727508268006,0.009213360533926348,0.5098039215686274,97
4,Uptrend / High-Vol,8h,51,0.0031211856052677425,0.0017186708211838209,0.012164893493003108,0.6078431372549019,97
5,Ranging / Low-Vol,30m,498,-7.455241698522584e-05,-6.973856944725298e-05,0.0023972308796454747,0.4899598393574297,97
5,Ranging / Low-Vol,1h,498,-2.023975238424191e-06,-2.5962670301638013e-05,0.003469685003991834,0.4959839357429719,97
5,Ranging / Low-Vol,2h,496,-5.344308777299386e-05,1.4683675125581885e-05,0.004775530855575966,0.5040322580645161,97
5,Ranging / Low-Vol,4h,493,-5.434014114678991e-05,-0.0001462235447871052,0.006399311989905473,0.48073022312373226,97
5,Ranging / Low-Vol,8h,489,0.00048319115757946727,-6.83545453306067e-05,0.009761500415511031,0.49693251533742333,97
0,Downtrend / High-Vol,30m,49,-3.488389802325809e-05,0.0003597194488449418,0.002710209001828389,0.6326530612244898,98
0,Downtrend / High-Vol,1h,49,0.00016634131167693665,0.0004065175076348737,0.0030692865858048322,0.5510204081632653,98
0,Downtrend / High-Vol,2h,49,0.000304050612493104,0.0006164610678283111,0.0044789435341858475,0.5918367346938775,98
0,Downtrend / High-Vol,4h,49,0.0008055046488457175,0.00036774068100164925,0.006191142671834527,0.5306122448979592,98
0,Downtrend / High-Vol,8h,49,0.0009803043743676185,0.0003424142126853269,0.007965882836904116,0.5102040816326531,98
1,Ranging / Low-Vol,30m,729,-2.959972985883176e-05,9.922051127375653e-07,0.002016744845055329,0.5006858710562414,98
1,Ranging / Low-Vol,1h,729,9.529738739227812e-05,7.48452233434449e-05,0.0031939966924037083,0.52400548696845,98
1,Ranging / Low-Vol,2h,727,-0.0001113994428080109,-4.150453255036268e-05,0.004501830878960512,0.49105914718019256,98
1,Ranging / Low-Vol,4h,725,-0.0001200171118341905,2.0651351789524597e-05,0.005840675259111697,0.503448275862069,98
1,Ranging / Low-Vol,8h,721,-0.0004586874015369707,8.787383642072655e-06,0.007865742703219358,0.5006934812760055,98
2,Uptrend / High-Vol,30m,4,-0.0022848041131555696,-0.0014377792367410436,0.003148782532821109,0.5,98
2,Uptrend / High-Vol,1h,4,-0.0026524908811578207,-0.002787117921186244,0.002652832857103897,0.25,98
2,Uptrend / High-Vol,2h,4,-0.0023553276813159663,-0.001080392011894027,0.004108032574971112,0.25,98
2,Uptrend / High-Vol,4h,4,-1.665802710171249e-05,0.001548311337759678,0.003427192356795247,0.75,98
2,Uptrend / High-Vol,8h,4,-0.0010756627149541842,-0.0001889701357686846,0.0033446798048153157,0.5,98
4,Ranging / Low-Vol,30m,664,3.3657147368254335e-06,9.060185672815635e-06,0.002402607290533229,0.5,98
4,Ranging / Low-Vol,1h,663,-0.000164463478818468,-0.0001675333298596371,0.0030648372512960278,0.4645550527903469,98
4,Ranging / Low-Vol,2h,663,2.5118547156867936e-05,0.000304917477439659,0.004310445633942925,0.5324283559577677,98
4,Ranging / Low-Vol,4h,661,-0.00015453208701926173,7.799949267450756e-05,0.006259224287651109,0.5083207261724659,98
4,Ranging / Low-Vol,8h,657,-0.00016129330817691526,0.0003883443492593841,0.008283747236477406,0.5266362252663622,98
5,Uptrend / Mid-Vol,30m,41,-0.00019169088969085398,-0.0002605180846142474,0.003926484149140539,0.4634146341463415,98
5,Uptrend / Mid-Vol,1h,41,-0.000755709537463896,-0.001059598886204327,0.005017103594074739,0.3902439024390244,98
5,Uptrend / Mid-Vol,2h,41,-0.0020908710722533207,-0.0022990504980242576,0.006093340902560146,0.36585365853658536,98
5,Uptrend / Mid-Vol,4h,41,-0.003949728417517125,-0.002704667240591263,0.006294931075304154,0.1951219512195122,98
5,Uptrend / Mid-Vol,8h,41,-0.007023927595305636,-0.00628242458677164,0.008005262708909056,0.1951219512195122,98
0,Uptrend / Mid-Vol,30m,97,-0.0003962934577713581,-0.00040437558300077114,0.0036096490170415617,0.4639175257731959,99
0,Uptrend / Mid-Vol,1h,97,-0.0008617309638358294,-0.001444481085144389,0.004527921562371653,0.422680412371134,99
0,Uptrend / Mid-Vol,2h,97,-0.0018304964211786916,-0.0006052658627577756,0.007036429893925208,0.44329896907216493,99
0,Uptrend / Mid-Vol,4h,97,-0.003366048062698999,-0.002400153007281247,0.0089932488033847,0.38144329896907214,99
0,Uptrend / Mid-Vol,8h,97,-0.0056784926906067856,-0.004980243372017412,0.013108740493836576,0.31958762886597936,99
1,Ranging / Low-Vol,30m,566,-0.0004933961915994584,-0.00028864857069166305,0.0035037088434024415,0.4452296819787986,99
1,Ranging / Low-Vol,1h,566,-0.0006692211579749503,-0.00026088084851050297,0.004671279124065386,0.44876325088339225,99
1,Ranging / Low-Vol,2h,565,-0.0009585094930398721,-0.000862112221764022,0.006308036625113882,0.4300884955752212,99
1,Ranging / Low-Vol,4h,562,-0.0016752417759609156,-0.0011771817217614,0.009122645519465665,0.42526690391459077,99
1,Ranging / Low-Vol,8h,558,-0.0027149258276326646,-0.000764498503625255,0.0130114492980567,0.4767025089605735,99
2,Uptrend / High-Vol,30m,67,0.0001794844273535067,-7.839127759368125e-05,0.005131098720158868,0.47761194029850745,99
2,Uptrend / High-Vol,1h,67,-0.00032848608884830367,-0.0003220035753042083,0.005907519432908685,0.4626865671641791,99
2,Uptrend / High-Vol,2h,67,-0.0015221181123462023,-0.0015085549911404428,0.007106317400791208,0.3880597014925373,99
2,Uptrend / High-Vol,4h,67,-0.006031672457482534,-0.004129740541673144,0.009105214267750576,0.26865671641791045,99
2,Uptrend / High-Vol,8h,67,-0.007309113392582097,-0.003957715821858443,0.011900754695911765,0.2835820895522388,99
3,Ranging / Low-Vol,30m,523,2.7123658363367693e-05,3.0872335063492073e-05,0.0033850223072974233,0.5066921606118547,99
3,Ranging / Low-Vol,1h,522,-0.0002270114368471851,-0.00015763298091009403,0.004970307785492498,0.4827586206896552,99
3,Ranging / Low-Vol,2h,521,-0.0005337662791494227,-0.0002592268573540224,0.006744718876102724,0.4798464491362764,99
3,Ranging / Low-Vol,4h,520,-0.0008976809551017155,-0.0002968847520241624,0.009191324532476435,0.47692307692307695,99
3,Ranging / Low-Vol,8h,517,-0.0019326041579391337,-0.0002413843489232903,0.012788326063312282,0.4912959381044487,99
4,Downtrend / High-Vol,30m,13,0.0026301950604165495,0.003101234604617531,0.0073141344520301545,0.6923076923076923,99
4,Downtrend / High-Vol,1h,13,0.005760481170012437,0.004741374236196805,0.007207093832321319,0.7692307692307693,99
4,Downtrend / High-Vol,2h,13,0.00881642888231172,0.004949091890649626,0.011883763196610022,0.6923076923076923,99
4,Downtrend / High-Vol,4h,13,0.007285354092974654,0.0024245342697355454,0.01062727337743639,0.7692307692307693,99
4,Downtrend / High-Vol,8h,13,0.008625933649253415,0.006365445292978222,0.010313665958254477,0.8461538461538461,99
5,Downtrend / High-Vol,30m,173,0.0001441093505616258,0.00023229487444886843,0.006098621454525082,0.5086705202312138,99
5,Downtrend / High-Vol,1h,173,0.0003706316319475346,0.0004219026646374857,0.008763835276412684,0.5202312138728323,99
5,Downtrend / High-Vol,2h,173,0.0004051200841398396,0.0013951539354764009,0.012201379418380807,0.5606936416184971,99
5,Downtrend / High-Vol,4h,173,0.001243640016041033,0.002951504635172242,0.015040728832537046,0.5895953757225434,99
5,Downtrend / High-Vol,8h,172,-0.0010275219781438168,0.0019214348284330995,0.01441364551440826,0.5290697674418605,99
0,Ranging / Mid-Vol,30m,162,0.00020695475949150527,-0.0002622597855825859,0.0033884702107704087,0.47530864197530864,100
0,Ranging / Mid-Vol,1h,162,0.00018023142585817022,4.666719551504883e-05,0.0047461118968478285,0.5123456790123457,100
0,Ranging / Mid-Vol,2h,162,0.0001948926601133556,0.0002249818897750444,0.006376276814324917,0.5432098765432098,100
0,Ranging / Mid-Vol,4h,162,0.0003874654919756897,-7.284115801198254e-06,0.008877898053953394,0.5,100
0,Ranging / Mid-Vol,8h,161,0.0009919465822879013,0.0008487079727999003,0.010758671376897752,0.546583850931677,100
1,Ranging / Low-Vol,30m,423,-1.0417476118972612e-05,-2.9235224507928592e-05,0.0024316286616491256,0.4940898345153664,100
1,Ranging / Low-Vol,1h,422,9.91151028520792e-05,0.00010870247061323113,0.0035737571667574107,0.5213270142180095,100
1,Ranging / Low-Vol,2h,422,0.0003069752006697197,0.0002748227256805791,0.005283758721686623,0.533175355450237,100
1,Ranging / Low-Vol,4h,420,0.00038785495966504494,9.539671532721172e-05,0.006863489150209074,0.5071428571428571,100
1,Ranging / Low-Vol,8h,418,0.0010539015285213765,0.0008564520070954984,0.009774296948942097,0.5430622009569378,100
2,Ranging / Low-Vol,30m,238,0.00022269105378611316,0.00020178258647529645,0.0018181742675226712,0.5630252100840336,100
2,Ranging / Low-Vol,1h,238,0.00039030923170780933,0.0002639172060554529,0.003042045811340076,0.5672268907563025,100
2,Ranging / Low-Vol,2h,236,0.0005789691564962733,0.0001272033414556617,0.004303456485032213,0.5211864406779662,100
2,Ranging / Low-Vol,4h,234,0.0015718959829665953,0.0008127563482211997,0.006554044170131882,0.5769230769230769,100
2,Ranging / Low-Vol,8h,229,0.0028206805299544704,0.002559055286152301,0.009767722322171563,0.6681222707423581,100
3,Uptrend / High-Vol,30m,32,0.000618800255562546,0.0001309868391095037,0.0035937076780317052,0.5,100
3,Uptrend / High-Vol,1h,32,0.0009977572304282756,-6.850293755977788e-05,0.004169597899208286,0.5,100
3,Uptrend / High-Vol,2h,32,0.0017130946374891431,0.0006867094090603487,0.005453253677030729,0.65625,100
3,Uptrend / High-Vol,4h,32,0.002317142940582051,0.0032286860647374738,0.007146251294490987,0.625,100
3,Uptrend / High-Vol,8h,32,0.0033243813016665125,0.004762135809591506,0.0093352567331522,0.65625,100
5,Downtrend / High-Vol,30m,8,0.0003372809926196485,1.6507666170006985e-05,0.0033855006203225703,0.5,100
5,Downtrend / High-Vol,1h,8,0.0012745593168397296,0.000431780956101413,0.004240821903312503,0.625,100
5,Downtrend / High-Vol,2h,8,0.0068815082805113725,0.002804799939683633,0.009556012713765126,0.75,100
5,Downtrend / High-Vol,4h,8,0.013280193830919051,0.003405438855187626,0.015691456716067646,0.75,100
5,Downtrend / High-Vol,8h,8,0.015561119789391897,0.003746088868189723,0.01938642701105195,0.75,100
