state,regime,horizon,n,mean_ret,median_ret,std_ret,p_positive,fold_id
0,Uptrend / Mid-Vol,30m,378,-0.0006730540376067033,-0.0006950317961118557,0.007972820444907332,0.46825396825396826,0
0,Uptrend / Mid-Vol,1h,378,-0.0014484038719984826,-0.0013394948858689304,0.012497937777277333,0.4126984126984127,0
0,Uptrend / Mid-Vol,2h,378,-0.0038463263196291224,-0.0020642959904542124,0.018014851306911592,0.41798941798941797,0
0,Uptrend / Mid-Vol,4h,378,-0.0059256929788675805,-0.0028721317724302864,0.02337185478101451,0.41798941798941797,0
0,Uptrend / Mid-Vol,8h,377,-0.005343438728928575,-0.0022774047440403677,0.02961390971188178,0.46684350132625996,0
1,Ranging / Low-Vol,30m,408,-0.0003669119308118984,-5.882363316445094e-07,0.006568465994948087,0.49754901960784315,0
1,Ranging / Low-Vol,1h,408,-0.001117400815602969,-0.00019151439715425767,0.009684375900015266,0.48284313725490197,0
1,Ranging / Low-Vol,2h,408,-0.0026490541402775787,-0.0013403014539257185,0.014099973301667599,0.4534313725490196,0
1,Ranging / Low-Vol,4h,408,-0.004974713162074083,-0.0021360625106856546,0.021300163741699765,0.4338235294117647,0
1,Ranging / Low-Vol,8h,403,-0.011030345808807398,-0.009063133467575923,0.029908182562518502,0.3771712158808933,0
2,Downtrend / Mid-Vol,30m,561,-0.00011205760789617925,0.0003995222093724493,0.009720826363708513,0.5240641711229946,0
2,Downtrend / Mid-Vol,1h,560,-9.319890573733185e-05,0.0011074093969805077,0.01357744752275382,0.55,0
2,Downtrend / Mid-Vol,2h,558,0.0010377494448254292,0.0022536895176017424,0.01804466730855004,0.553763440860215,0
2,Downtrend / Mid-Vol,4h,554,0.0015788042939866782,0.0022910066765602366,0.024729991496206166,0.572202166064982,0
2,Downtrend / Mid-Vol,8h,552,-0.0014953259084661901,-0.0006555062460087413,0.03355422828348339,0.48188405797101447,0
3,Ranging / High-Vol,30m,140,0.00046823435363839547,-0.001250427343138405,0.011637510527870293,0.45,0
3,Ranging / High-Vol,1h,140,0.001742740399826965,0.0008753016577740524,0.013650330116971112,0.5357142857142857,0
3,Ranging / High-Vol,2h,140,0.0024028575289667207,0.002514805561050437,0.016188473495602825,0.5928571428571429,0
3,Ranging / High-Vol,4h,140,0.0011800350030033689,0.0023563529997829846,0.02155103430135273,0.5428571428571428,0
3,Ranging / High-Vol,8h,140,0.006720987145209177,0.0043987343911648935,0.030431528499544457,0.5928571428571429,0
0,Uptrend / Mid-Vol,30m,239,0.00037733456097824455,-0.00025046817292206924,0.007354982478104681,0.47280334728033474,1
0,Uptrend / Mid-Vol,1h,239,-0.00017851899163085614,9.417645606113467e-05,0.01023160278511891,0.5062761506276151,1
0,Uptrend / Mid-Vol,2h,239,-0.0011371353365935055,-0.0016055832220729371,0.01248148361149892,0.4476987447698745,1
0,Uptrend / Mid-Vol,4h,239,-0.001191200002266471,-0.0013648415696145832,0.01439958910019904,0.4393305439330544,1
0,Uptrend / Mid-Vol,8h,239,-0.0029202105416305736,-0.0017633476104190748,0.017786219872625218,0.4602510460251046,1
1,Ranging / High-Vol,30m,28,0.001631538243321692,0.0003490711946190217,0.006560970550856096,0.5714285714285714,1
1,Ranging / High-Vol,1h,28,0.001653071369231096,0.00038020375926617334,0.007231230732340147,0.5357142857142857,1
1,Ranging / High-Vol,2h,28,0.003351079238232492,0.0001668520130841955,0.009459505220315492,0.5357142857142857,1
1,Ranging / High-Vol,4h,28,0.0013883642671145755,0.00048136298942225153,0.01069479000626076,0.5357142857142857,1
1,Ranging / High-Vol,8h,28,0.010859430510898565,0.008771802730935363,0.01862694971640687,0.6785714285714286,1
2,Ranging / Low-Vol,30m,885,0.00016693369216243695,0.00015324941932171043,0.005246783918348649,0.5163841807909605,1
2,Ranging / Low-Vol,1h,885,0.0004586034786038605,0.0004656332131141028,0.008175520535835644,0.5423728813559322,1
2,Ranging / Low-Vol,2h,885,0.0010631658804774297,0.0009348137488700559,0.011974166248267765,0.5514124293785311,1
2,Ranging / Low-Vol,4h,883,0.0017470184912083725,0.0021765026169280333,0.015621760369267877,0.6002265005662514,1
2,Ranging / Low-Vol,8h,875,0.004901881051754052,0.005163937328093837,0.022334303320552903,0.6651428571428571,1
3,Downtrend / Mid-Vol,30m,287,-3.44299711470822e-05,0.0007748077204272619,0.007739533580836795,0.5505226480836237,1
3,Downtrend / Mid-Vol,1h,286,0.0005023555683301757,0.0003820375369922857,0.009884253754433203,0.527972027972028,1
3,Downtrend / Mid-Vol,2h,284,0.001190746386770514,0.001511590482136782,0.01396577013654329,0.5528169014084507,1
3,Downtrend / Mid-Vol,4h,282,0.003393277317748577,0.003145765060835082,0.02278790714683579,0.6170212765957447,1
3,Downtrend / Mid-Vol,8h,282,0.0029187496815529872,0.004341262135203472,0.027449012944626178,0.5957446808510638,1
0,Uptrend / Mid-Vol,30m,114,-0.00012183257864248001,-0.0006879728379614036,0.005377572775863724,0.45614035087719296,2
0,Uptrend / Mid-Vol,1h,114,-0.0004626053202113486,-0.0012917587146104026,0.006721559612737557,0.41228070175438597,2
0,Uptrend / Mid-Vol,2h,114,-0.000948418550899093,-0.0008665641103693389,0.009469279997527126,0.4473684210526316,2
0,Uptrend / Mid-Vol,4h,114,-0.0016086372043104696,-0.001652129893450649,0.014103996263343816,0.4473684210526316,2
0,Uptrend / Mid-Vol,8h,114,-0.0022376726986662503,-0.00187312982743304,0.01520297056050547,0.38596491228070173,2
1,Ranging / High-Vol,30m,6,0.0027854194679554447,0.0032795068527375903,0.0016817597730870886,0.8333333333333334,2
1,Ranging / High-Vol,1h,6,0.004908455442259374,0.006246532123732607,0.003765829888687307,0.8333333333333334,2
1,Ranging / High-Vol,2h,6,0.00551747446021326,0.005510294996440734,0.005357272879977793,0.8333333333333334,2
1,Ranging / High-Vol,4h,6,0.0017540054861155951,0.0007100413587268761,0.0031003482904624433,0.5,2
1,Ranging / High-Vol,8h,6,-0.005805699961721385,-0.008649014267598787,0.009339606233426428,0.3333333333333333,2
2,Ranging / Low-Vol,30m,1073,-0.00012557422607818556,0.00011947135748791027,0.004167042100045948,0.5153774464119292,2
2,Ranging / Low-Vol,1h,1073,-0.0003236180979580076,4.206107687920735e-06,0.006251478850213566,0.5013979496738118,2
2,Ranging / Low-Vol,2h,1073,-0.0007921604372202448,-0.0001265869008584275,0.009322071554128055,0.4930102516309413,2
2,Ranging / Low-Vol,4h,1069,-0.001556517356718558,-0.00011242781389597667,0.013205488426552107,0.49111318989710007,2
2,Ranging / Low-Vol,8h,1061,-0.0023942402386820734,-0.0004100540961040622,0.01812176513569484,0.48539114043355325,2
3,Downtrend / Mid-Vol,30m,294,-0.00021956740019190367,-0.00028759576768422335,0.006639448684298281,0.48299319727891155,2
3,Downtrend / Mid-Vol,1h,293,-2.0230622063050594e-05,0.0007643862121238243,0.008345776211324197,0.5290102389078498,2
3,Downtrend / Mid-Vol,2h,291,0.000617845124267461,0.0009168632233151897,0.009649684007330253,0.5567010309278351,2
3,Downtrend / Mid-Vol,4h,291,0.0013813507683026263,0.0018419986764310892,0.01225938638587371,0.5807560137457045,2
3,Downtrend / Mid-Vol,8h,291,0.00010877668463080013,0.0015638755200537702,0.016702827531302727,0.5429553264604811,2
0,Ranging / Low-Vol,30m,620,-0.00017955927477915866,2.3702097674771494e-05,0.004553149111075809,0.5032258064516129,3
0,Ranging / Low-Vol,1h,619,-0.00024360318822068538,2.9330865197962908e-05,0.007132000504566958,0.5072697899838449,3
0,Ranging / Low-Vol,2h,617,-0.000450050903394821,8.150488203639839e-05,0.010358887947888543,0.5024311183144247,3
0,Ranging / Low-Vol,4h,611,-0.0006525638063860569,-0.00044536013195717317,0.014894361243444279,0.4762684124386252,3
0,Ranging / Low-Vol,8h,597,-0.0016846764261560713,-0.0012135103577648465,0.02140184985278369,0.45226130653266333,3
1,Downtrend / High-Vol,30m,55,-0.0007179702549976564,0.00015735322180709943,0.00913787427375942,0.509090909090909,3
1,Downtrend / High-Vol,1h,55,-0.0008641050014209319,0.0006477380406924027,0.010171723692011466,0.5272727272727272,3
1,Downtrend / High-Vol,2h,55,-0.0015601738657471547,-0.00032039301817299304,0.01160010825265857,0.4909090909090909,3
1,Downtrend / High-Vol,4h,55,-0.0027870695596087297,-0.001303594389849394,0.015316207815623243,0.45454545454545453,3
1,Downtrend / High-Vol,8h,55,-0.006478530960109423,0.0008634165913967706,0.019445038145290017,0.5272727272727272,3
2,Ranging / Low-Vol,30m,664,-0.00015613177136116616,-0.00018255808365896797,0.003948910106607032,0.46686746987951805,3
2,Ranging / Low-Vol,1h,662,-0.0003549224217192297,-0.00022306925119242038,0.006275185078077556,0.46827794561933533,3
2,Ranging / Low-Vol,2h,658,-0.000582968476926246,-0.00047702827614770626,0.009104537725836857,0.46504559270516715,3
2,Ranging / Low-Vol,4h,652,-0.001211917506329518,-0.0006785237826703039,0.013093266280489419,0.4447852760736196,3
2,Ranging / Low-Vol,8h,642,-0.0017206741728665875,-0.00137892721524846,0.019628786335854204,0.43146417445482865,3
3,Uptrend / High-Vol,30m,29,0.003834309136447567,0.00038035309638573267,0.011530670392995412,0.5172413793103449,3
3,Uptrend / High-Vol,1h,29,0.004868335465014023,0.0008222775641986146,0.012622641058390146,0.5862068965517241,3
3,Uptrend / High-Vol,2h,29,0.005679092587422829,-0.0007033920931682758,0.013723577122244562,0.4482758620689655,3
3,Uptrend / High-Vol,4h,29,0.007123809863890821,-0.0015021368048397932,0.016241355051713365,0.41379310344827586,3
3,Uptrend / High-Vol,8h,29,0.00553153981180151,-0.0027743562658262277,0.017327326841768825,0.41379310344827586,3
0,Ranging / Low-Vol,30m,671,0.00021534096420640212,0.00016344093726594622,0.0047015078091713364,0.5230998509687034,4
0,Ranging / Low-Vol,1h,670,0.00021813035536616217,3.963955733876645e-05,0.006424055896018677,0.5044776119402985,4
0,Ranging / Low-Vol,2h,668,0.0002680542861628013,0.0003878561001302572,0.008357725283045245,0.5344311377245509,4
0,Ranging / Low-Vol,4h,664,0.0009050499626245575,0.000329553269346583,0.011909093152896061,0.5286144578313253,4
0,Ranging / Low-Vol,8h,657,0.0019448409509831078,0.0010072948488613065,0.017217672030959027,0.563165905631659,4
1,Uptrend / High-Vol,30m,35,0.0006327419753466147,-6.793455185061248e-06,0.005537387230368892,0.4857142857142857,4
1,Uptrend / High-Vol,1h,35,0.0006893637358976841,-0.00016849131018759067,0.0058486412156730835,0.4857142857142857,4
1,Uptrend / High-Vol,2h,35,0.0018499668914025895,1.2300047355751076e-05,0.006529021862614987,0.5142857142857142,4
1,Uptrend / High-Vol,4h,35,0.0022662735082928263,0.00201212804625861,0.006790022299251123,0.6,4
1,Uptrend / High-Vol,8h,35,0.006409376115859798,0.003224533191906076,0.010828358339506423,0.6285714285714286,4
2,Ranging / Low-Vol,30m,723,4.017288640891276e-06,9.69745457730653e-05,0.003594179426904717,0.5159059474412172,4
2,Ranging / Low-Vol,1h,722,0.00021399386540110754,0.00015398895788987232,0.00576229693519571,0.5263157894736842,4
2,Ranging / Low-Vol,2h,720,0.0005472182619011143,0.00010656933272024105,0.008749255077131163,0.5027777777777778,4
2,Ranging / Low-Vol,4h,716,0.0010043650986634508,7.352674910698909e-06,0.012415671516695499,0.5013966480446927,4
2,Ranging / Low-Vol,8h,707,0.0020477238198952988,0.0008657293575389247,0.017809409154848257,0.5445544554455446,4
3,Downtrend / High-Vol,30m,19,-0.0006001576603123183,0.0003841435424778439,0.004135442835253295,0.5789473684210527,4
3,Downtrend / High-Vol,1h,19,-0.0005644585588341531,0.0006315124933600202,0.00644968443855677,0.5789473684210527,4
3,Downtrend / High-Vol,2h,19,6.332865111976329e-05,-0.00013642187066409406,0.011447038071575094,0.47368421052631576,4
3,Downtrend / High-Vol,4h,19,-4.528953306136504e-05,-0.0028783204654097005,0.011495618163621626,0.3684210526315789,4
3,Downtrend / High-Vol,8h,19,-9.4578483935798e-05,-0.0054851002816764804,0.013795196065761304,0.3684210526315789,4
0,Ranging / Mid-Vol,30m,410,-4.5796941159857756e-06,0.000225401927038682,0.00520134527316448,0.526829268292683,5
0,Ranging / Mid-Vol,1h,410,-0.00016491435666409176,8.897954118758378e-05,0.00739198564475161,0.5073170731707317,5
0,Ranging / Mid-Vol,2h,410,-6.498722974395404e-05,0.0003780526468002421,0.009917889960934763,0.5146341463414634,5
0,Ranging / Mid-Vol,4h,410,-0.0001765859256215524,0.0007929311119019289,0.013382896518890498,0.526829268292683,5
0,Ranging / Mid-Vol,8h,407,-0.00117153666214462,0.0011090752809668203,0.018350732249384737,0.542997542997543,5
1,Ranging / Mid-Vol,30m,465,-0.0003346508894588003,-0.00011346026962044675,0.005049372701897826,0.4838709677419355,5
1,Ranging / Mid-Vol,1h,465,-0.0003130906245029572,5.3010000993225503e-05,0.006796706584497352,0.5032258064516129,5
1,Ranging / Mid-Vol,2h,465,-0.0005776581083754183,6.793556718065474e-06,0.009913316142370315,0.5010752688172043,5
1,Ranging / Mid-Vol,4h,465,-0.001261318037287747,0.0006734940729593575,0.013671841144900419,0.5290322580645161,5
1,Ranging / Mid-Vol,8h,461,-0.0019127594184233426,0.0006994013639918251,0.01918437098111709,0.5162689804772235,5
2,Ranging / Low-Vol,30m,577,0.0001541835913595555,0.0,0.004391048619545806,0.49913344887348354,5
2,Ranging / Low-Vol,1h,576,0.00014780849148186067,0.00016909751279037266,0.0067623576016010946,0.5173611111111112,5
2,Ranging / Low-Vol,2h,574,-4.767328511954945e-05,0.00024321663617499212,0.009918166166849091,0.5209059233449478,5
2,Ranging / Low-Vol,4h,570,0.0003210895401990324,0.000829827485023138,0.013872686458448323,0.5561403508771929,5
2,Ranging / Low-Vol,8h,569,0.0006112435364785043,0.002525740516734487,0.019948630574986314,0.6080843585237259,5
3,Ranging / High-Vol,30m,35,-0.0008838085386880578,2.5659283208412376e-05,0.006274566038278044,0.5142857142857142,5
3,Ranging / High-Vol,1h,35,-0.0016310313791389015,-6.261868197299236e-06,0.0073996535102979774,0.4857142857142857,5
3,Ranging / High-Vol,2h,35,-0.0005731574125277916,0.0007960803487900847,0.007226074013224995,0.5142857142857142,5
3,Ranging / High-Vol,4h,35,-0.004195833881147034,-0.0024053451592784825,0.00949713789012408,0.42857142857142855,5
3,Ranging / High-Vol,8h,35,-0.00502094963906105,-0.005976663905517654,0.014810272387302639,0.37142857142857144,5
0,Ranging / Low-Vol,30m,710,-8.663531666691476e-05,-1.7033489885243114e-05,0.0031777480826760724,0.4971830985915493,6
0,Ranging / Low-Vol,1h,709,-0.00012453759178996128,0.00014559519616419436,0.0053443356323893765,0.5148095909732017,6
0,Ranging / Low-Vol,2h,709,-0.00018820568214563592,0.00027583311036671887,0.007159402357577006,0.5133991537376587,6
0,Ranging / Low-Vol,4h,706,-0.0007214723435672187,0.0003906173245429301,0.010953043151885814,0.5212464589235127,6
0,Ranging / Low-Vol,8h,702,-0.000916620729448076,0.0009155666490157088,0.015524643509861517,0.5413105413105413,6
1,Downtrend / High-Vol,30m,42,0.00019085540562785176,0.0014568010424858002,0.012754528951210287,0.6190476190476191,6
1,Downtrend / High-Vol,1h,42,-0.00027906661107568453,-0.00012634380459086714,0.010024235101210742,0.4523809523809524,6
1,Downtrend / High-Vol,2h,42,0.0002115969161072024,0.0011337297116504885,0.01089610172060625,0.5714285714285714,6
1,Downtrend / High-Vol,4h,42,-0.0005458083338655854,-0.0013191278129083273,0.0107479708087231,0.42857142857142855,6
1,Downtrend / High-Vol,8h,42,-0.003002331165769275,-0.0027341243372838164,0.013345853318508388,0.30952380952380953,6
2,Uptrend / High-Vol,30m,16,-0.00020995496625353383,-0.0001338921522284764,0.002273124668732499,0.4375,6
2,Uptrend / High-Vol,1h,16,-0.0004458353518504987,-0.00040197515802198325,0.0027807626261523184,0.4375,6
2,Uptrend / High-Vol,2h,16,-0.00020051233578655125,-0.0007599384667278386,0.0037808743095626434,0.375,6
2,Uptrend / High-Vol,4h,16,0.0009668192737606329,0.002093276143207312,0.002292318586052969,0.5625,6
2,Uptrend / High-Vol,8h,16,0.000486287376796124,0.0008031733962283738,0.0029246127738536023,0.625,6
3,Ranging / Low-Vol,30m,671,-6.733722403995076e-06,0.0001302576979007597,0.0038610063618174945,0.5216095380029806,6
3,Ranging / Low-Vol,1h,671,-2.2865175542517594e-05,3.120437752990313e-05,0.005267753380805176,0.503725782414307,6
3,Ranging / Low-Vol,2h,669,-0.0001773732797883746,0.00028330460686909475,0.007974918857567076,0.5291479820627802,6
3,Ranging / Low-Vol,4h,668,-1.971313063478015e-05,0.0006181271535172783,0.010213380720688444,0.5284431137724551,6
3,Ranging / Low-Vol,8h,664,-0.00039949407327746935,0.001053530576639261,0.014520330580173777,0.5436746987951807,6
0,Ranging / Low-Vol,30m,740,-4.1613789221544376e-05,-5.069475282315494e-05,0.0018852669054552145,0.4797297297297297,7
0,Ranging / Low-Vol,1h,740,-8.985156998688257e-05,-8.42578438042807e-06,0.0025090446538526172,0.49594594594594593,7
0,Ranging / Low-Vol,2h,737,-4.147786096579685e-05,-2.5248859069293417e-05,0.004872283529830776,0.48846675712347354,7
0,Ranging / Low-Vol,4h,733,-0.00014369338496299317,-8.940706651117125e-05,0.007516991778835888,0.49386084583901774,7
0,Ranging / Low-Vol,8h,724,-6.596272770902515e-05,-0.0003075421101055298,0.011453403220428593,0.4558011049723757,7
1,Downtrend / High-Vol,30m,20,-0.0030120977367651845,-0.0007374463679372667,0.014554852574361793,0.45,7
1,Downtrend / High-Vol,1h,20,-0.003443418878140303,-0.00036824456977679887,0.01927484430267082,0.5,7
1,Downtrend / High-Vol,2h,20,-0.0011285395836177158,0.0013234708251008698,0.02252387138184712,0.6,7
1,Downtrend / High-Vol,4h,20,-0.0007344360879820045,-0.0007331724677372975,0.018149406764972596,0.5,7
1,Downtrend / High-Vol,8h,20,-0.005761756443395072,-0.003096074991233877,0.01932008330896217,0.4,7
2,Ranging / Low-Vol,30m,683,-6.172648177817107e-05,-2.4153167311524726e-05,0.0024712858644048126,0.48755490483162517,7
2,Ranging / Low-Vol,1h,681,-8.119812980628114e-05,-1.6676710595575628e-05,0.003804534368036494,0.4933920704845815,7
2,Ranging / Low-Vol,2h,680,-0.00012389007131148453,4.789157795848098e-05,0.007531916701990712,0.5058823529411764,7
2,Ranging / Low-Vol,4h,676,-0.00010242894526332905,-0.00023365014205811718,0.009582566159177271,0.47928994082840237,7
2,Ranging / Low-Vol,8h,669,-0.00015652058548674958,-0.0003095139139084324,0.012516180310929593,0.47384155455904337,7
3,Uptrend / High-Vol,30m,13,0.007613432476691884,-0.002296686783944679,0.02102840513405779,0.3076923076923077,7
3,Uptrend / High-Vol,1h,13,0.0096640637384747,-0.003039123119812359,0.03231752772652001,0.3076923076923077,7
3,Uptrend / High-Vol,2h,13,0.001369157990414585,-0.006282516487745582,0.022509341714762026,0.23076923076923078,7
3,Uptrend / High-Vol,4h,13,-0.0035449420675541287,-0.010394035095892207,0.016345720877818853,0.15384615384615385,7
3,Uptrend / High-Vol,8h,13,-0.014998013922117902,-0.032795906164965416,0.0316060865803696,0.15384615384615385,7
0,Ranging / Low-Vol,30m,644,3.369873240711758e-06,4.895992814901717e-05,0.0015975329099998036,0.5139751552795031,8
0,Ranging / Low-Vol,1h,643,2.516171205907146e-05,3.4510670076315364e-05,0.002252734127680168,0.5116640746500778,8
0,Ranging / Low-Vol,2h,641,-1.9057817989050908e-05,-2.329888980945327e-05,0.0030457305049346765,0.49453978159126366,8
0,Ranging / Low-Vol,4h,637,-8.769198066488392e-05,-3.539359445525747e-06,0.004283535745198394,0.49921507064364207,8
0,Ranging / Low-Vol,8h,631,-1.3287010121634084e-05,0.00017835692991141627,0.006143594443751022,0.5277337559429477,8
1,Ranging / High-Vol,30m,154,-0.0008703155353748169,-0.0016598071644473578,0.012917620717650034,0.43506493506493504,8
1,Ranging / High-Vol,1h,154,-0.001450715662076556,-0.00035382481114876185,0.018105025288377555,0.4935064935064935,8
1,Ranging / High-Vol,2h,154,-0.0023740068767025553,-0.0001712419989283731,0.02120710072577076,0.4935064935064935,8
1,Ranging / High-Vol,4h,154,-0.00361682993487282,-0.0038664117031999012,0.027751922785244826,0.45454545454545453,8
1,Ranging / High-Vol,8h,154,-0.002788952246893653,0.00047042788211459907,0.03201079436639917,0.5,8
2,Ranging / Mid-Vol,30m,334,-0.0004467296717066075,-0.00018969389703205053,0.008047801784138336,0.4940119760479042,8
2,Ranging / Mid-Vol,1h,333,-0.001310025030480629,-0.00012371744028172316,0.01127351710927771,0.4894894894894895,8
2,Ranging / Mid-Vol,2h,332,-0.0024765439840245783,-0.0005350635320544583,0.016559105226983565,0.47289156626506024,8
2,Ranging / Mid-Vol,4h,331,-0.0041938319142579205,-0.0016273790881466965,0.024248374943955136,0.44108761329305135,8
2,Ranging / Mid-Vol,8h,325,-0.0096605061974222,-0.003849485007698661,0.0340642146646853,0.40615384615384614,8
3,Ranging / Mid-Vol,30m,269,-0.00021651660191599509,-4.5593744546934545e-05,0.007908654014840148,0.49814126394052044,8
3,Ranging / Mid-Vol,1h,269,-0.0001910561402878149,-0.0006935904275362503,0.010549198100470737,0.45724907063197023,8
3,Ranging / Mid-Vol,2h,268,-0.0008088354447442665,-0.0010626902100385749,0.015033079905412867,0.4552238805970149,8
3,Ranging / Mid-Vol,4h,265,-0.0032501090708309654,-0.0018461860465777136,0.020164577828936086,0.45660377358490567,8
3,Ranging / Mid-Vol,8h,261,-0.007709234972473109,-0.004898215385354732,0.03150038224914895,0.4061302681992337,8
0,Ranging / Mid-Vol,30m,547,-0.0002534338159049172,-0.00033956366395848647,0.00722230233747267,0.4643510054844607,9
0,Ranging / Mid-Vol,1h,546,-0.00046497058601758736,-0.0008574171385342666,0.00995127355747782,0.44871794871794873,9
0,Ranging / Mid-Vol,2h,545,-0.001139545972012849,-0.0012559413180177614,0.013379382390010047,0.43669724770642204,9
0,Ranging / Mid-Vol,4h,544,-0.002183286504416453,-0.0019068945984113128,0.01951805983429771,0.42463235294117646,9
0,Ranging / Mid-Vol,8h,541,-0.0019329316630836294,-0.0025117918056505317,0.026320536212255826,0.4436229205175601,9
1,Ranging / Low-Vol,30m,104,2.1901159512769898e-05,3.762030478871026e-05,0.0049461713591976856,0.5096153846153846,9
1,Ranging / Low-Vol,1h,104,0.00012547505185344344,0.0007248718919834474,0.008496796572363076,0.5576923076923077,9
1,Ranging / Low-Vol,2h,104,0.0007693739201294091,0.0018583424362779155,0.013073236399281724,0.6923076923076923,9
1,Ranging / Low-Vol,4h,104,-0.0004417744187740299,0.002626015155981598,0.017101185568290097,0.5961538461538461,9
1,Ranging / Low-Vol,8h,102,0.0021299045789504763,0.0006408589165110001,0.02556264887125449,0.5098039215686274,9
2,Ranging / High-Vol,30m,114,-0.00027692912050095506,0.00014993133707363882,0.007982231693784736,0.5175438596491229,9
2,Ranging / High-Vol,1h,114,-0.00011099922187543667,0.00027716509300113046,0.010862604506049063,0.5350877192982456,9
2,Ranging / High-Vol,2h,114,0.002155851681096381,0.0014812655034868172,0.014498962807336332,0.5701754385964912,9
2,Ranging / High-Vol,4h,114,0.003740148435322753,0.0034266202720329986,0.01711613740887543,0.6228070175438597,9
2,Ranging / High-Vol,8h,114,0.004590217221993504,0.0039009597284582753,0.019082388831672268,0.6403508771929824,9
3,Ranging / Mid-Vol,30m,722,0.00012080835182080067,0.00021460890762892149,0.006761215901056345,0.5124653739612188,9
3,Ranging / Mid-Vol,1h,722,0.00011560610995028128,0.00024099284870526816,0.00959956838596719,0.5124653739612188,9
3,Ranging / Mid-Vol,2h,721,-9.337653505658418e-05,6.0844709770080385e-05,0.012949065232459644,0.5020804438280166,9
3,Ranging / Mid-Vol,4h,718,0.00010132754819441669,-0.0005042203469507456,0.017445954222796756,0.467966573816156,9
3,Ranging / Mid-Vol,8h,715,-0.0013664317954377625,-0.0015657351908036077,0.024472706484730378,0.44475524475524475,9
0,Ranging / Low-Vol,30m,643,-0.00011209074278643663,-7.335790373552697e-05,0.0033485437533557604,0.48833592534992226,10
0,Ranging / Low-Vol,1h,642,-0.00016151858785720734,4.413289983595803e-05,0.004735881038074552,0.5062305295950156,10
0,Ranging / Low-Vol,2h,640,-0.0004546671194990221,5.514381199756002e-05,0.0069931105833619,0.503125,10
0,Ranging / Low-Vol,4h,638,-0.0007144155856239229,-8.997875315230885e-05,0.0096222734979608,0.49059561128526646,10
0,Ranging / Low-Vol,8h,634,-0.0012600231249249938,-0.0003223161500498506,0.01401094867615702,0.49053627760252366,10
1,Downtrend / High-Vol,30m,34,-0.000786817141443287,0.00010103616727707987,0.0051624982588362595,0.5,10
1,Downtrend / High-Vol,1h,34,-0.001425061379929136,0.0004377068685093022,0.007317138989744164,0.5294117647058824,10
1,Downtrend / High-Vol,2h,34,-0.001836033540610447,-0.0005808445294963605,0.007270843824775695,0.38235294117647056,10
1,Downtrend / High-Vol,4h,34,-0.0018165128443175232,-0.0007021203939832077,0.007779844947633874,0.47058823529411764,10
1,Downtrend / High-Vol,8h,34,-0.009731173340704887,0.0021234507135092784,0.02150994294505551,0.5588235294117647,10
2,Uptrend / High-Vol,30m,24,-0.0006248392301466676,-4.2099025257869016e-05,0.002662853798032827,0.5,10
2,Uptrend / High-Vol,1h,24,-0.0011473301643264062,-0.0006830248286622265,0.003568766756742023,0.375,10
2,Uptrend / High-Vol,2h,24,-0.0015660495250543842,-0.0013017157265293733,0.004186520154865574,0.3333333333333333,10
2,Uptrend / High-Vol,4h,24,-0.001928185141064039,-0.002706730363255083,0.004038057875641305,0.20833333333333334,10
2,Uptrend / High-Vol,8h,24,-0.0019360768309760374,-0.0024747200358818944,0.004039263903784355,0.25,10
3,Ranging / Low-Vol,30m,786,5.192510482390714e-05,9.426818168822848e-05,0.003656342538612985,0.5152671755725191,10
3,Ranging / Low-Vol,1h,786,4.117604814723075e-05,0.00013072304356764874,0.005130480347266037,0.5267175572519084,10
3,Ranging / Low-Vol,2h,786,0.00013297529810080242,6.225044794838652e-05,0.006817939055881992,0.5089058524173028,10
3,Ranging / Low-Vol,4h,784,-1.8562942531180966e-06,0.0001669438653353339,0.009975402293344138,0.5178571428571429,10
3,Ranging / Low-Vol,8h,780,-7.033861242151263e-07,0.00020971662331437102,0.013282256003034999,0.5166666666666667,10
0,Ranging / Low-Vol,30m,916,3.44389845619524e-05,0.00010195987097549875,0.001777535757543863,0.5283842794759825,11
0,Ranging / Low-Vol,1h,915,6.892508396301797e-05,0.00013176749644472352,0.002550603537047552,0.5180327868852459,11
0,Ranging / Low-Vol,2h,913,0.00023980949826885338,2.6408954397538764e-05,0.003978472831951837,0.5060240963855421,11
0,Ranging / Low-Vol,4h,909,0.0005411908557191868,0.0002838728544283242,0.008285510813935172,0.5390539053905391,11
0,Ranging / Low-Vol,8h,906,0.0011899784744339183,7.619287898652516e-05,0.011514015358211801,0.5066225165562914,11
1,Ranging / Mid-Vol,30m,184,3.608435144213288e-06,0.00010264471981979995,0.00657193004547684,0.532608695652174,11
1,Ranging / Mid-Vol,1h,184,0.00018679929894863234,0.0003653153416340871,0.008736648008518205,0.5271739130434783,11
1,Ranging / Mid-Vol,2h,184,0.000686366700188179,0.0009752432568648217,0.011687776442759543,0.5815217391304348,11
1,Ranging / Mid-Vol,4h,184,0.0013963311436318209,0.0007028810177551748,0.016333280794256513,0.5489130434782609,11
1,Ranging / Mid-Vol,8h,183,0.0029663550970129246,0.002009149523891196,0.022128310850486818,0.5901639344262295,11
2,Ranging / Mid-Vol,30m,223,0.00040883793985593245,0.00027058800514545567,0.004724335305961247,0.5650224215246636,11
2,Ranging / Mid-Vol,1h,223,0.0005469184527079754,0.0007334688582663063,0.007047706980968946,0.5919282511210763,11
2,Ranging / Mid-Vol,2h,223,0.00046756374706296,0.0010831726426925314,0.010616968701270608,0.5964125560538116,11
2,Ranging / Mid-Vol,4h,223,0.0006508172856057914,0.00041471236495560504,0.011412707085728925,0.5291479820627802,11
2,Ranging / Mid-Vol,8h,219,0.0008872763359109867,0.0015410855091797515,0.018921453649349468,0.5844748858447488,11
3,Ranging / High-Vol,30m,20,-0.0008453272938579559,-0.0006434624432536395,0.005335434436180112,0.4,11
3,Ranging / High-Vol,1h,20,-0.00034999191631914785,-0.0008872578013408017,0.00561988743304151,0.45,11
3,Ranging / High-Vol,2h,20,-0.000860924293347054,0.0013636907090717187,0.007200829975739471,0.55,11
3,Ranging / High-Vol,4h,20,-0.0006277549122780002,-0.0025344634294599544,0.006416979322339687,0.45,11
3,Ranging / High-Vol,8h,20,-0.0015268927019907786,-0.00335321560664692,0.006909428743106436,0.45,11
0,Ranging / Mid-Vol,30m,162,-0.00025711316384204025,1.1205678983827738e-05,0.003935838722731969,0.5,12
0,Ranging / Mid-Vol,1h,162,-0.00027800565085055065,0.0002630197812454327,0.004693376778028261,0.5370370370370371,12
0,Ranging / Mid-Vol,2h,161,-0.0005717231652566312,-0.0001092567114557852,0.005706924993579601,0.4906832298136646,12
0,Ranging / Mid-Vol,4h,161,-0.0005569527870068991,0.0001421499011868832,0.006701293359631364,0.5093167701863354,12
0,Ranging / Mid-Vol,8h,158,-0.00015918710322655825,0.0004089179213329075,0.00789262711462773,0.5569620253164557,12
1,Ranging / Mid-Vol,30m,180,0.000137934572344367,3.596884784151655e-05,0.0021181206288122846,0.5055555555555555,12
1,Ranging / Mid-Vol,1h,179,0.00011894040914431498,5.4080433068648404e-05,0.002812692442094545,0.5027932960893855,12
1,Ranging / Mid-Vol,2h,179,0.0002543178098334978,0.00019617307690822372,0.004164307933571191,0.5307262569832403,12
1,Ranging / Mid-Vol,4h,179,0.00020381748221232437,0.0006901415063946814,0.00518372027569027,0.5698324022346368,12
1,Ranging / Mid-Vol,8h,178,0.0011594249752745415,0.001184646560907332,0.005951444269722219,0.6235955056179775,12
2,Ranging / Low-Vol,30m,1107,5.535340369050994e-05,0.0001002300279981938,0.0016264337830431623,0.5311653116531165,12
2,Ranging / Low-Vol,1h,1106,0.00012027494127482239,0.00012608039640760182,0.0023554970342646465,0.5325497287522604,12
2,Ranging / Low-Vol,2h,1103,0.00025509326731219985,0.00023812358726615912,0.0033673064972333713,0.5394378966455122,12
2,Ranging / Low-Vol,4h,1095,0.0005042850517795825,0.00048079211425466895,0.004830545873730345,0.5643835616438356,12
2,Ranging / Low-Vol,8h,1083,0.0007754511421413037,0.0010399553834297137,0.0070834047120476185,0.579870729455217,12
3,Ranging / High-Vol,30m,2,0.007445566119552716,0.007445566119552716,0.009041807989468076,0.5,12
3,Ranging / High-Vol,1h,2,0.005543840934101318,0.005543840934101318,0.009347291305004113,0.5,12
3,Ranging / High-Vol,2h,2,0.005563128052004984,0.005563128052004984,0.008937367860767154,0.5,12
3,Ranging / High-Vol,4h,2,0.007964336205911415,0.007964336205911415,0.007878805272590661,1.0,12
3,Ranging / High-Vol,8h,2,0.010542810014047888,0.010542810014047888,0.007756757558048832,1.0,12
0,Ranging / Low-Vol,30m,711,0.00018327456935627773,0.00018505492502995935,0.004193433291132892,0.5274261603375527,13
0,Ranging / Low-Vol,1h,711,0.0003520846242539544,0.0002906440908034824,0.006894696327252385,0.530239099859353,13
0,Ranging / Low-Vol,2h,710,0.0009684521075810608,0.0006481083310010405,0.009801649709227618,0.5704225352112676,13
0,Ranging / Low-Vol,4h,708,0.0015916749775499214,0.0012203458190649386,0.013616667800566917,0.5988700564971752,13
0,Ranging / Low-Vol,8h,703,0.003123599489896909,0.001959767760791209,0.019154190355936303,0.5917496443812233,13
1,Downtrend / High-Vol,30m,76,0.0006191924594959845,0.0022414713950968945,0.011956707189426475,0.5921052631578947,13
1,Downtrend / High-Vol,1h,76,0.0018699973712555764,0.002461387406522242,0.01029596018042584,0.618421052631579,13
1,Downtrend / High-Vol,2h,76,0.003445934528864401,0.003645342459267731,0.012243110783105176,0.6578947368421053,13
1,Downtrend / High-Vol,4h,76,0.006309850298716294,0.006249838340272262,0.012040416746859238,0.6710526315789473,13
1,Downtrend / High-Vol,8h,76,0.005154967213487767,0.007089868993726434,0.015771570869088605,0.6710526315789473,13
2,Uptrend / High-Vol,30m,73,-0.00026334946995936316,0.0005920849751888113,0.007389910435863064,0.5342465753424658,13
2,Uptrend / High-Vol,1h,73,-0.0013405361136289186,-0.0004322706444757074,0.011616959324329029,0.4657534246575342,13
2,Uptrend / High-Vol,2h,73,-0.003443305623712976,-0.0005045761773256885,0.016211756887440774,0.4794520547945205,13
2,Uptrend / High-Vol,4h,73,-0.005171270902897969,-0.0030711449000850877,0.018790745127910846,0.3835616438356164,13
2,Uptrend / High-Vol,8h,73,-0.007135522114668468,-0.004181839865383452,0.017074448969094904,0.3698630136986301,13
3,Ranging / Low-Vol,30m,579,0.0001818782456716013,0.0001287052443483816,0.0032585588153974804,0.5302245250431779,13
3,Ranging / Low-Vol,1h,578,0.00038631560475974096,0.000328044280079709,0.005655149203350397,0.5467128027681661,13
3,Ranging / Low-Vol,2h,577,0.000579006325835242,0.0003579666727002717,0.00756004641996888,0.5407279029462738,13
3,Ranging / Low-Vol,4h,575,0.0014144825472300227,0.0012541121284819212,0.011457829963193113,0.5878260869565217,13
3,Ranging / Low-Vol,8h,572,0.003432397662364721,0.0017506511258149615,0.016885587037266475,0.6013986013986014,13
0,Ranging / Low-Vol,30m,463,0.0002925382892632398,0.00019445456740996292,0.004559200355705858,0.5399568034557235,14
0,Ranging / Low-Vol,1h,461,0.0005559228791866405,0.00047558902423538996,0.006712119503912258,0.544468546637744,14
0,Ranging / Low-Vol,2h,461,0.001501603302621818,0.0008975247123643726,0.009478894840267763,0.5531453362255966,14
0,Ranging / Low-Vol,4h,458,0.00332957524431757,0.001612955940498928,0.01445179960240362,0.5917030567685589,14
0,Ranging / Low-Vol,8h,456,0.00624753496074183,0.003061585768938002,0.021438439537762793,0.6271929824561403,14
1,Downtrend / High-Vol,30m,171,0.0003359677341730213,0.0015506988435767255,0.009384117622445317,0.6023391812865497,14
1,Downtrend / High-Vol,1h,171,0.00030577831244725024,0.0009291409744509593,0.012045778146323259,0.5614035087719298,14
1,Downtrend / High-Vol,2h,171,0.0003137953826454554,0.0030443390772507684,0.016511907718379033,0.6374269005847953,14
1,Downtrend / High-Vol,4h,171,-0.0002667868585358613,0.00404724281147395,0.022461574279859692,0.6081871345029239,14
1,Downtrend / High-Vol,8h,165,-0.0016977914980631852,-4.747767851931428e-05,0.02689811400097139,0.4909090909090909,14
2,Ranging / Low-Vol,30m,582,0.00016762623724150282,0.0002921163776381519,0.004325895683636764,0.5412371134020618,14
2,Ranging / Low-Vol,1h,582,0.0006278297087340461,0.0003075952992110942,0.006269726111113916,0.5343642611683849,14
2,Ranging / Low-Vol,2h,580,0.0012104780897206928,0.0008456994789192152,0.010495605056061506,0.5637931034482758,14
2,Ranging / Low-Vol,4h,579,0.002663192665273603,0.0015090214144350966,0.014761326118825796,0.5837651122625216,14
2,Ranging / Low-Vol,8h,573,0.006665967572066439,0.0033452010909620356,0.023707141821322514,0.6090750436300174,14
3,Uptrend / High-Vol,30m,227,0.0006133606773109058,0.00014290746093870155,0.00942292235805592,0.5066079295154186,14
3,Uptrend / High-Vol,1h,227,0.0008306983372974132,0.000905921179267466,0.012423521625017446,0.5242290748898678,14
3,Uptrend / High-Vol,2h,225,0.0012524795836685125,-0.00041314888894739,0.016047012934716273,0.4711111111111111,14
3,Uptrend / High-Vol,4h,221,0.0019583594225762602,-0.0005206627650604645,0.021353661409918047,0.497737556561086,14
3,Uptrend / High-Vol,8h,219,0.0018819409513168728,0.001190390475642289,0.029763786409623048,0.5342465753424658,14
0,Ranging / Low-Vol,30m,119,-4.261702402634923e-05,-3.2485839657425686e-05,0.0033873274656570206,0.4957983193277311,15
0,Ranging / Low-Vol,1h,119,0.00013147974579934683,-0.0001458837902212906,0.0050802621781890385,0.4789915966386555,15
0,Ranging / Low-Vol,2h,119,5.779537066163125e-05,-0.0007945058007923222,0.007650808302022018,0.46218487394957986,15
0,Ranging / Low-Vol,4h,119,0.00015291173841814617,-0.0001601461747071653,0.011627396375313686,0.48739495798319327,15
0,Ranging / Low-Vol,8h,119,0.0023436363524296047,0.004224294396697914,0.015315831948909649,0.5714285714285714,15
1,Ranging / Mid-Vol,30m,588,0.0001287243318295011,0.00012761613283007733,0.00590436150568686,0.5187074829931972,15
1,Ranging / Mid-Vol,1h,587,0.00040038705370579826,0.00018816141534472308,0.008499537622866723,0.5127768313458262,15
1,Ranging / Mid-Vol,2h,587,0.0007516981571742912,0.0013640904196012826,0.011543632095944438,0.555366269165247,15
1,Ranging / Mid-Vol,4h,580,0.0023945536341756376,0.0021954612725316736,0.01711652365398328,0.6051724137931035,15
1,Ranging / Mid-Vol,8h,573,0.00399403680463655,0.0038702526367302426,0.023591859929036223,0.6282722513089005,15
2,Ranging / High-Vol,30m,194,-0.0001303059924745797,0.0002661769678207193,0.013893606374025255,0.5051546391752577,15
2,Ranging / High-Vol,1h,193,-0.00016490460890265595,0.001342687109085361,0.01991874071923864,0.5181347150259067,15
2,Ranging / High-Vol,2h,192,-0.0010712645051656755,-5.605218297333181e-05,0.027898639620336396,0.4947916666666667,15
2,Ranging / High-Vol,4h,192,-0.002789259473618466,-0.001778521084310647,0.032738095932570176,0.4635416666666667,15
2,Ranging / High-Vol,8h,189,-0.0007899232249333751,0.005426450520554127,0.04467853863466488,0.5767195767195767,15
3,Ranging / Mid-Vol,30m,511,0.0003784632043444028,0.0005029092822592673,0.005346599797576874,0.5518590998043053,15
3,Ranging / Mid-Vol,1h,511,0.0005168123183717751,0.0008268041238306267,0.0074402535564079405,0.547945205479452,15
3,Ranging / Mid-Vol,2h,508,0.0015403371114290822,0.0011532970218270933,0.011537768599485689,0.5590551181102362,15
3,Ranging / Mid-Vol,4h,507,0.0027137199221788167,0.0023371240338505572,0.0172638627212942,0.5857988165680473,15
3,Ranging / Mid-Vol,8h,501,0.004250486609760126,0.004424084074683421,0.022427450756062596,0.6207584830339321,15
0,Ranging / Low-Vol,30m,77,-0.00029958619587798876,-9.3027679982427e-05,0.006152273668570468,0.4935064935064935,16
0,Ranging / Low-Vol,1h,77,-0.0005888554650143286,-8.707562523468937e-05,0.00946849411622106,0.44155844155844154,16
0,Ranging / Low-Vol,2h,77,-0.0019606333176786484,-0.0001210018746249375,0.014704141264896116,0.4805194805194805,16
0,Ranging / Low-Vol,4h,77,-0.001504350681686534,-0.0009790752417053739,0.019371688895887508,0.4805194805194805,16
0,Ranging / Low-Vol,8h,77,0.001105493202826358,0.0033522204551896806,0.02233297932295188,0.5844155844155844,16
1,Ranging / High-Vol,30m,280,0.000934049445683132,7.120370487623262e-05,0.01023494698908348,0.5035714285714286,16
1,Ranging / High-Vol,1h,280,0.0015102295720282083,0.0007504312435129279,0.014053581119012072,0.5214285714285715,16
1,Ranging / High-Vol,2h,280,0.0031015642312566386,0.0018680691555488238,0.01916749632931512,0.5714285714285714,16
1,Ranging / High-Vol,4h,280,0.003995666825290714,0.0030953396622486196,0.025875651540621814,0.575,16
1,Ranging / High-Vol,8h,280,0.004263684077050429,0.002810396149187433,0.032575055885334686,0.5428571428571428,16
2,Ranging / Mid-Vol,30m,621,-1.023563234892109e-05,7.76141264253738e-05,0.0064423396655446125,0.5056360708534622,16
2,Ranging / Mid-Vol,1h,620,-0.00017920081643967443,0.0004129355532214163,0.009541552696610861,0.5193548387096775,16
2,Ranging / Mid-Vol,2h,620,-0.0009230838919793103,-0.00010133361013409115,0.013803284413724776,0.49193548387096775,16
2,Ranging / Mid-Vol,4h,617,-0.001325737790984248,-0.0003297631651459909,0.0189509726287945,0.4959481361426256,16
2,Ranging / Mid-Vol,8h,612,-0.0025388033192943193,-0.0003826924087331207,0.027825902065073644,0.4934640522875817,16
3,Ranging / Mid-Vol,30m,509,-0.000627529368296597,-0.0002464604626624123,0.007832601512504768,0.4774066797642436,16
3,Ranging / Mid-Vol,1h,509,-0.0008893718294288296,-0.0003343674641325123,0.010719152362355752,0.48526522593320237,16
3,Ranging / Mid-Vol,2h,507,-0.0010296593371926339,-0.000254305058167148,0.014685529640724757,0.4891518737672584,16
3,Ranging / Mid-Vol,4h,506,-0.0019106025262892177,-0.001201999596518455,0.020377902228973198,0.45652173913043476,16
3,Ranging / Mid-Vol,8h,503,-0.0026241262579145687,3.3354948651975747e-05,0.0307339776279977,0.5009940357852882,16
0,Ranging / Low-Vol,30m,686,-8.495894333963451e-05,-0.0001419630840873154,0.0042746748588458686,0.47959183673469385,17
0,Ranging / Low-Vol,1h,685,-0.00013051973313475993,-0.00022246390195235222,0.005949669090893165,0.4744525547445255,17
0,Ranging / Low-Vol,2h,681,-0.00029507121326823006,-0.0002639061203009163,0.009363579627118968,0.47577092511013214,17
0,Ranging / Low-Vol,4h,678,-0.000614227770527686,-0.0006123750167335018,0.013847285049434402,0.47345132743362833,17
0,Ranging / Low-Vol,8h,672,-0.0007974019548465819,-5.627523094453579e-05,0.01887187121355211,0.49851190476190477,17
1,Downtrend / High-Vol,30m,106,-9.206019580564601e-05,1.9665937321278193e-05,0.005955182981609174,0.5094339622641509,17
1,Downtrend / High-Vol,1h,106,0.0004028865812832234,0.0011386493178049406,0.006950398524921226,0.5849056603773585,17
1,Downtrend / High-Vol,2h,106,0.0012754073227303068,0.0013433764613264287,0.00750376863272498,0.5660377358490566,17
1,Downtrend / High-Vol,4h,104,0.0030680669831302243,0.0018081452173133172,0.010615060103095035,0.5769230769230769,17
1,Downtrend / High-Vol,8h,99,0.0013957646894990389,-0.0008188160617219609,0.01770874572513592,0.48484848484848486,17
2,Ranging / Low-Vol,30m,552,-4.9279603488926604e-05,-0.00011777347430719232,0.004698872107719072,0.48188405797101447,17
2,Ranging / Low-Vol,1h,551,-0.00012765930935344945,-9.74255069419172e-05,0.007102563300413086,0.4954627949183303,17
2,Ranging / Low-Vol,2h,551,-9.811230334402934e-05,-0.00016232334758647937,0.009681268603069282,0.484573502722323,17
2,Ranging / Low-Vol,4h,548,-0.00047729056534677027,-0.0005008535270212278,0.013311806773758525,0.4781021897810219,17
2,Ranging / Low-Vol,8h,543,-0.00026250358527628125,-0.0003815874279808895,0.018285640202089636,0.4880294659300184,17
3,Uptrend / High-Vol,30m,103,0.0002303955325143937,9.040999979248454e-05,0.0074839319286671415,0.5048543689320388,17
3,Uptrend / High-Vol,1h,103,-0.0003501565415309388,-0.0007519526866719417,0.009813861596575229,0.4563106796116505,17
3,Uptrend / High-Vol,2h,103,-0.0015530907053603982,-0.0006753870744056201,0.013283657931868238,0.4563106796116505,17
3,Uptrend / High-Vol,4h,103,-0.0017094433311014299,0.0003305316205128861,0.015165330466530702,0.5048543689320388,17
3,Uptrend / High-Vol,8h,103,-0.00325487714171902,-0.0017505061057470073,0.01795202011011847,0.3883495145631068,17
0,Ranging / High-Vol,30m,45,0.0008459180033940565,-0.00022139949168575868,0.008845344322437726,0.4888888888888889,18
0,Ranging / High-Vol,1h,45,0.0018015649101840046,0.0016958832827285164,0.010979361623560878,0.5777777777777777,18
0,Ranging / High-Vol,2h,45,0.0031175054221012745,0.000523852664219504,0.01232402804999031,0.5111111111111111,18
0,Ranging / High-Vol,4h,45,0.002786448633864364,0.004468796108175965,0.012579870126652315,0.5555555555555556,18
0,Ranging / High-Vol,8h,45,-0.004290148234744764,-0.0008666060166184764,0.01728556490961765,0.4666666666666667,18
1,Ranging / Mid-Vol,30m,431,0.0002447827165016221,0.00016562842221645724,0.004024695396927014,0.5174013921113689,18
1,Ranging / Mid-Vol,1h,430,9.422561986333403e-05,-2.7029662073019267e-06,0.005834460032000842,0.5,18
1,Ranging / Mid-Vol,2h,430,0.00010606343683237664,0.0002040668491822828,0.00832660524364674,0.5186046511627908,18
1,Ranging / Mid-Vol,4h,428,-0.0007237818668749385,-0.0003862000124943421,0.01453354166347286,0.4766355140186916,18
1,Ranging / Mid-Vol,8h,424,-0.0010577765691793702,0.00018375686552563053,0.01934833994621631,0.5047169811320755,18
2,Ranging / Low-Vol,30m,468,-0.0001014319960134321,-4.369539202553341e-05,0.002082342570910318,0.4893162393162393,18
2,Ranging / Low-Vol,1h,468,-0.00012815452983416608,-0.00013475811589547249,0.0030422941902352213,0.47649572649572647,18
2,Ranging / Low-Vol,2h,468,-0.0003865206728257997,-0.0003324279082832504,0.004763942664872219,0.4423076923076923,18
2,Ranging / Low-Vol,4h,468,-0.000743143893909406,-0.0006168507772645881,0.007255058031463776,0.42735042735042733,18
2,Ranging / Low-Vol,8h,468,-0.002647948026934484,-0.0014654633372659376,0.01688530950755122,0.41025641025641024,18
3,Ranging / Mid-Vol,30m,495,-0.0004953095734087215,-0.0002640580710959739,0.005795596934086604,0.46464646464646464,18
3,Ranging / Mid-Vol,1h,495,-0.0007380274368757586,-0.0004631328457023187,0.008439087235174073,0.4585858585858586,18
3,Ranging / Mid-Vol,2h,493,-0.001259820322010077,-0.00065729288268912,0.012892693685582643,0.4381338742393509,18
3,Ranging / Mid-Vol,4h,491,-0.0014538028063585018,-0.0007208097678113035,0.015893789690299077,0.45417515274949083,18
3,Ranging / Mid-Vol,8h,487,-0.0011965101739644204,-0.0008913284678992994,0.019028056330662138,0.4537987679671458,18
0,Uptrend / High-Vol,30m,96,0.0012822013540581545,0.0010884496542704625,0.011343868783006725,0.5729166666666666,19
0,Uptrend / High-Vol,1h,96,0.00244256486949009,-0.0002116064049531019,0.015831320616898768,0.4791666666666667,19
0,Uptrend / High-Vol,2h,96,0.0074540401650520045,0.0020371142888322424,0.02692275230649817,0.6145833333333334,19
0,Uptrend / High-Vol,4h,96,0.015486357423306044,0.001154711259484742,0.039222932244787095,0.5416666666666666,19
0,Uptrend / High-Vol,8h,96,0.01814361258730997,0.0008108168958802509,0.047039475478276575,0.5104166666666666,19
1,Ranging / Low-Vol,30m,582,-0.00022891833384011847,-0.00012815289229894944,0.004135075018973972,0.49140893470790376,19
1,Ranging / Low-Vol,1h,581,-0.00036495997546372714,-0.00011972924101755211,0.006120258794888533,0.4819277108433735,19
1,Ranging / Low-Vol,2h,581,-0.0003765492413940901,-0.0001677499999210852,0.008119151916028789,0.4853700516351119,19
1,Ranging / Low-Vol,4h,578,-0.000635886416819453,-0.0003812416115183126,0.01088139843967552,0.47231833910034604,19
1,Ranging / Low-Vol,8h,575,-0.00043206543584485346,-0.0005209999026654089,0.01747074821421904,0.4765217391304348,19
2,Downtrend / High-Vol,30m,95,0.0009016327248834774,0.0004484198164291797,0.010224729573423574,0.5368421052631579,19
2,Downtrend / High-Vol,1h,95,0.0011497624501174454,0.0004357243386348131,0.014534883989169373,0.5473684210526316,19
2,Downtrend / High-Vol,2h,95,-4.371578932438219e-05,-0.00018670498669770552,0.014088985224737085,0.49473684210526314,19
2,Downtrend / High-Vol,4h,95,-0.0015400093801401556,-0.0014102635061483682,0.01801740191381431,0.47368421052631576,19
2,Downtrend / High-Vol,8h,95,0.0021353713159020845,-0.0014767132943873662,0.03807636314283143,0.45263157894736844,19
3,Ranging / Low-Vol,30m,714,4.288481400169405e-05,-1.6420468662126098e-05,0.003143418357563663,0.49719887955182074,19
3,Ranging / Low-Vol,1h,714,0.00011575420340975089,-0.00015119766414706248,0.005180456127299442,0.4803921568627451,19
3,Ranging / Low-Vol,2h,712,-0.00010110566642551112,-0.00010421053618880904,0.008355995236959955,0.4859550561797753,19
3,Ranging / Low-Vol,4h,711,-0.0003018400108545253,-0.00023293812501279376,0.011704885939357835,0.48523206751054854,19
3,Ranging / Low-Vol,8h,706,-0.00026914488783669324,-0.0009610948780380824,0.01747276429154778,0.4490084985835694,19
0,Ranging / Low-Vol,30m,668,-0.00022143760938335845,-4.484793299663892e-05,0.0031900874422554704,0.4940119760479042,20
0,Ranging / Low-Vol,1h,666,-0.0004494036292747918,-0.000137449272120449,0.004291506267574412,0.484984984984985,20
0,Ranging / Low-Vol,2h,664,-0.0009602675019282065,-0.0002751498377850936,0.006673066982876718,0.463855421686747,20
0,Ranging / Low-Vol,4h,659,-0.001821315164114005,-0.0005525858112012116,0.009495256199401742,0.4613050075872534,20
0,Ranging / Low-Vol,8h,645,-0.00308152439403971,-0.0011359045314112137,0.01393802266693021,0.4372093023255814,20
1,Downtrend / High-Vol,30m,81,-0.0006190918224281321,-0.00023828430851047244,0.007417375766755805,0.4691358024691358,20
1,Downtrend / High-Vol,1h,80,-0.0007722111087494987,0.00047746445685081795,0.010963018356692061,0.55,20
1,Downtrend / High-Vol,2h,78,0.00042943687500074666,0.0007815237354984461,0.014589579109740215,0.5384615384615384,20
1,Downtrend / High-Vol,4h,76,0.0004541534127235785,0.0019052664777436945,0.020501098345878294,0.5526315789473685,20
1,Downtrend / High-Vol,8h,75,0.0023318053735647483,0.0027418031935990683,0.029868183527168753,0.5733333333333334,20
2,Ranging / Low-Vol,30m,568,-0.00017806149598557352,-0.00015715194744458927,0.0035282290484692147,0.4753521126760563,20
2,Ranging / Low-Vol,1h,568,-0.0003815966046249382,-0.000171927970331609,0.005219831013786628,0.4823943661971831,20
2,Ranging / Low-Vol,2h,566,-0.0009327730960100248,-0.00027005974555027734,0.007122440376323332,0.4558303886925795,20
2,Ranging / Low-Vol,4h,561,-0.0015667143723174961,-0.000712424207032214,0.009637301280926788,0.44563279857397503,20
2,Ranging / Low-Vol,8h,552,-0.003183912643261714,-0.0009477368710388845,0.015303152459484333,0.4673913043478261,20
3,Uptrend / High-Vol,30m,66,0.000529893407506744,-0.0002992566533368546,0.005912051394720043,0.48484848484848486,20
3,Uptrend / High-Vol,1h,66,0.001130907877264183,0.0001356205686917633,0.007984911743970133,0.5151515151515151,20
3,Uptrend / High-Vol,2h,66,0.002396514132108534,-0.0002697956839075033,0.011291424711534768,0.4696969696969697,20
3,Uptrend / High-Vol,4h,66,0.0026699698327175745,-0.001106081779125745,0.016066540811949886,0.42424242424242425,20
3,Uptrend / High-Vol,8h,66,0.0006602037575152818,-0.0036261119974323464,0.018709101397477793,0.36363636363636365,20
0,Ranging / Low-Vol,30m,740,5.982806487974173e-06,1.836322528792067e-05,0.003206001409271049,0.5067567567567568,21
0,Ranging / Low-Vol,1h,739,-0.00018127974645649905,2.9299463156107208e-05,0.004077839288349256,0.503382949932341,21
0,Ranging / Low-Vol,2h,738,-0.0003184118402403734,1.5661479937811862e-05,0.006069600476082864,0.5,21
0,Ranging / Low-Vol,4h,734,-0.0004320141691936513,-0.00018090579880958302,0.008538856860566879,0.48501362397820164,21
0,Ranging / Low-Vol,8h,728,-0.0006944922155585773,-0.0006294801885777801,0.01141098711820503,0.46016483516483514,21
1,Uptrend / High-Vol,30m,46,0.002565463898923001,0.0017088390761967887,0.008394793616615104,0.5652173913043478,21
1,Uptrend / High-Vol,1h,46,0.0041203157175084435,0.001822582403097961,0.010742589587279533,0.6086956521739131,21
1,Uptrend / High-Vol,2h,46,0.006343067656117324,0.002348317990582771,0.014437394734106577,0.6521739130434783,21
1,Uptrend / High-Vol,4h,46,0.008675050352733749,0.0028606307048688606,0.02293451951935652,0.6521739130434783,21
1,Uptrend / High-Vol,8h,46,0.013211745593218244,0.003724779376102383,0.03202433724626486,0.5652173913043478,21
2,Ranging / Low-Vol,30m,634,-0.0001962084660443682,-6.935836244892357e-06,0.0034329519828114074,0.4968454258675079,21
2,Ranging / Low-Vol,1h,634,-0.00017518625282501133,9.840685475293043e-05,0.005223324526702219,0.5173501577287066,21
2,Ranging / Low-Vol,2h,633,-0.00025091455347925654,0.0001028044365831704,0.006732731400770248,0.5134281200631912,21
2,Ranging / Low-Vol,4h,633,-0.0003185594191753033,4.140789608086948e-06,0.00883651888818678,0.5007898894154819,21
2,Ranging / Low-Vol,8h,631,-0.0005159609392536809,-0.0005403241516361845,0.012780181633158133,0.46909667194928684,21
3,Downtrend / High-Vol,30m,67,-0.000568051036936549,-0.00015366673556904686,0.005805840142927017,0.47761194029850745,21
3,Downtrend / High-Vol,1h,67,-0.00035925246678409375,-0.00079924344380089,0.007110945281933878,0.44776119402985076,21
3,Downtrend / High-Vol,2h,67,-0.00048369987971371727,0.00046168258802303797,0.010070961343064597,0.5522388059701493,21
3,Downtrend / High-Vol,4h,67,-0.0014194890318544172,-0.0014961686874830349,0.013017267296384014,0.43283582089552236,21
3,Downtrend / High-Vol,8h,67,-0.0018429962694155476,0.0005692406313979603,0.022883020865848487,0.5373134328358209,21
0,Ranging / Low-Vol,30m,586,0.00015854452215984771,5.952460668101622e-05,0.004122611093507328,0.5102389078498294,22
0,Ranging / Low-Vol,1h,586,0.0003518027231200112,0.00026610163910856244,0.0056921671788571345,0.5358361774744027,22
0,Ranging / Low-Vol,2h,585,0.0005365108365642619,3.3532853816353736e-05,0.007434126665275826,0.5008547008547009,22
0,Ranging / Low-Vol,4h,582,0.00147337515911304,0.0004912111056256663,0.011184382643572166,0.5240549828178694,22
0,Ranging / Low-Vol,8h,580,0.002470282299884852,0.0010185496283536821,0.015386576443248822,0.5362068965517242,22
1,Uptrend / High-Vol,30m,150,0.00046287781595789093,0.00023343610594039887,0.0057988164616962525,0.52,22
1,Uptrend / High-Vol,1h,150,0.0011393540124069426,0.0004993706852003399,0.007537322230909567,0.54,22
1,Uptrend / High-Vol,2h,150,0.001682618547555954,0.000781814629806199,0.009271245127499947,0.54,22
1,Uptrend / High-Vol,4h,150,0.003106296662449033,0.0011338362010828718,0.012187343188716507,0.5466666666666666,22
1,Uptrend / High-Vol,8h,150,0.005067389677469964,0.004078956473386519,0.016961756391466624,0.6333333333333333,22
2,Downtrend / High-Vol,30m,46,-0.00018127778267234865,-0.0003227668657670435,0.0060060262387892655,0.4782608695652174,22
2,Downtrend / High-Vol,1h,46,-0.0006793162132037468,-0.0011009098006518059,0.007015735155914356,0.41304347826086957,22
2,Downtrend / High-Vol,2h,46,-0.0004030992380109187,-0.00047787210209904174,0.008541416792956858,0.4782608695652174,22
2,Downtrend / High-Vol,4h,46,-0.0011731786725146134,0.0003189647687964481,0.009738555410344688,0.5434782608695652,22
2,Downtrend / High-Vol,8h,46,-0.0013383362992832651,-0.0020356457870054356,0.013376752886711776,0.43478260869565216,22
3,Ranging / Low-Vol,30m,705,0.00015688215568310126,0.00016033395636583236,0.003208083086391945,0.5319148936170213,22
3,Ranging / Low-Vol,1h,704,0.00026514689893342413,0.0002034856175292532,0.004952428312043282,0.5284090909090909,22
3,Ranging / Low-Vol,2h,703,0.0007286174573147444,0.00021970963431172663,0.008025148410223221,0.5234708392603129,22
3,Ranging / Low-Vol,4h,702,0.0011527697000788938,0.0009201848796234202,0.010893706611611802,0.5669515669515669,22
3,Ranging / Low-Vol,8h,696,0.0028353217582541322,0.0008557508374664735,0.016161448985029588,0.5459770114942529,22
0,Ranging / Low-Vol,30m,549,2.475929949450639e-05,-2.14370696962618e-05,0.0034190736198211375,0.4972677595628415,23
0,Ranging / Low-Vol,1h,548,-9.759152931369615e-05,2.7377703709419166e-05,0.004581807002836489,0.5036496350364964,23
0,Ranging / Low-Vol,2h,544,-0.00026717750856446914,-0.00013302647479207508,0.006418207999286627,0.4944852941176471,23
0,Ranging / Low-Vol,4h,541,-0.0004833921270461738,2.0286412107495266e-05,0.009336303968247682,0.5027726432532348,23
0,Ranging / Low-Vol,8h,531,-0.0009328977345821756,1.9383947540418944e-05,0.013524623163467517,0.5009416195856874,23
1,Downtrend / High-Vol,30m,67,-0.0001759131562064675,-1.6102837319564856e-05,0.006282951254157296,0.4925373134328358,23
1,Downtrend / High-Vol,1h,67,-0.00034056886720701895,-0.0004355000109601548,0.007556111396107662,0.4626865671641791,23
1,Downtrend / High-Vol,2h,67,-0.0016196300781167797,-0.000849645562679413,0.010734644924935558,0.44776119402985076,23
1,Downtrend / High-Vol,4h,67,-0.0007802116911123804,4.68005229539159e-05,0.011028564827621186,0.5074626865671642,23
1,Downtrend / High-Vol,8h,67,-0.001432887502361052,-0.0009425091438135524,0.011893235893823621,0.4925373134328358,23
2,Uptrend / High-Vol,30m,57,0.0006435870659894118,0.000834471451495844,0.005171959988235074,0.5964912280701754,23
2,Uptrend / High-Vol,1h,57,0.0014623055745355742,0.002716653603728858,0.006049491089347473,0.631578947368421,23
2,Uptrend / High-Vol,2h,57,0.002316305853838124,0.0015488351100412245,0.007590111358492394,0.631578947368421,23
2,Uptrend / High-Vol,4h,57,0.002697617533043652,0.0016522738718265373,0.010407893306545018,0.5263157894736842,23
2,Uptrend / High-Vol,8h,57,0.00543199348403552,0.0019978352067706595,0.013377364814215956,0.5263157894736842,23
3,Ranging / Low-Vol,30m,657,-0.00013115849201238405,-3.956552990658224e-05,0.0030914619087425792,0.4977168949771689,23
3,Ranging / Low-Vol,1h,655,-0.00014110533994531955,8.106904592963815e-06,0.004449287372682858,0.5022900763358779,23
3,Ranging / Low-Vol,2h,653,-9.840005635302444e-05,0.00016775512472655407,0.0063246237777779,0.5145482388973966,23
3,Ranging / Low-Vol,4h,644,-0.00037711054630807576,0.00014126835124095294,0.009525608984643105,0.5093167701863354,23
3,Ranging / Low-Vol,8h,630,-0.0008964304474300041,3.628576672554118e-05,0.013048605164488735,0.5015873015873016,23
0,Downtrend / High-Vol,30m,462,-0.000574835696618535,-0.00015414002835800744,0.02108978371634151,0.4935064935064935,24
0,Downtrend / High-Vol,1h,462,-0.0012357500837475409,0.00030217076485783423,0.03014601134415168,0.5064935064935064,24
0,Downtrend / High-Vol,2h,462,-0.0026814860336924987,0.0005020921482774554,0.039188126272783126,0.5064935064935064,24
0,Downtrend / High-Vol,4h,462,-0.005349652184977553,0.0006145156205512592,0.055057239269066645,0.5108225108225108,24
0,Downtrend / High-Vol,8h,462,-0.010616005350500743,0.00038374822295139666,0.07334229279669706,0.5064935064935064,24
1,Ranging / Low-Vol,30m,397,-3.8426858959584986e-05,-0.00015088743116997705,0.005751695588862958,0.4836272040302267,24
1,Ranging / Low-Vol,1h,397,-0.00018417416529210496,-0.00026420248538805424,0.008170030657149947,0.4811083123425693,24
1,Ranging / Low-Vol,2h,395,1.0466842354747672e-05,-7.68338736456542e-06,0.012240443541396915,0.49873417721518987,24
1,Ranging / Low-Vol,4h,391,-0.0007938623681406311,-0.00034338731055960636,0.01682389774378632,0.4936061381074169,24
1,Ranging / Low-Vol,8h,382,-0.001721855434856564,-0.0015974850224500514,0.02833363176124795,0.468586387434555,24
2,Ranging / Low-Vol,30m,344,-0.00019012648994004179,2.9179240259580297e-05,0.005349394610014351,0.5058139534883721,24
2,Ranging / Low-Vol,1h,342,-4.0347034796982094e-05,0.0001603314869749184,0.008247463277777768,0.5175438596491229,24
2,Ranging / Low-Vol,2h,340,-0.0004788310551373259,-2.3762954937112113e-06,0.011294374028629534,0.5,24
2,Ranging / Low-Vol,4h,336,-0.0007773670191098668,-0.00022093960635416465,0.015528361380338617,0.49702380952380953,24
2,Ranging / Low-Vol,8h,329,-0.001892706571895065,-0.0019035978314878577,0.024162147466372966,0.46200607902735563,24
3,Uptrend / High-Vol,30m,256,0.00022468988432071402,-0.00047814615459085275,0.009502608754165356,0.484375,24
3,Uptrend / High-Vol,1h,256,0.00035370303206896936,0.00026070785471610236,0.013063446779228353,0.51171875,24
3,Uptrend / High-Vol,2h,256,0.0009581056016294762,0.00011624805491994294,0.018750253628260768,0.5078125,24
3,Uptrend / High-Vol,4h,256,0.0027214469937387395,-0.00012391401640599042,0.024091112468612275,0.49609375,24
3,Uptrend / High-Vol,8h,256,0.005790296916953028,0.00014192294273573935,0.034520364940586405,0.5,24
0,Downtrend / High-Vol,30m,119,-0.000868793593411338,-6.683079860358987e-05,0.008909909557740365,0.48739495798319327,25
0,Downtrend / High-Vol,1h,118,-0.0015295170938768403,0.0004707873144838004,0.012562810101195358,0.5338983050847458,25
0,Downtrend / High-Vol,2h,118,-0.0017686204296086636,0.0007076931598835046,0.01570094862452992,0.559322033898305,25
0,Downtrend / High-Vol,4h,118,-0.001908619440566368,0.001404307884570244,0.015429987770371826,0.576271186440678,25
0,Downtrend / High-Vol,8h,112,-0.0018141254940906412,-0.0004811181330914849,0.023428826184455742,0.4732142857142857,25
1,Ranging / Low-Vol,30m,610,0.0003480844045493225,0.00022292458711170582,0.0037370803805613236,0.5327868852459017,25
1,Ranging / Low-Vol,1h,609,0.00040915259765991063,0.0004368020337057743,0.0054007419591749085,0.548440065681445,25
1,Ranging / Low-Vol,2h,607,0.0009001206748160209,0.0006582613854977382,0.007950090700008246,0.5650741350906096,25
1,Ranging / Low-Vol,4h,604,0.0017987333387597705,0.0012884571047058202,0.012579903843183304,0.5927152317880795,25
1,Ranging / Low-Vol,8h,600,0.004122918806706905,0.001534350206470414,0.019064571265387704,0.5716666666666667,25
2,Uptrend / High-Vol,30m,175,0.001546877831283453,0.0005405582743431836,0.007777393276794868,0.5542857142857143,25
2,Uptrend / High-Vol,1h,175,0.0026105787419990023,0.0010532683204402815,0.010447666022490821,0.5771428571428572,25
2,Uptrend / High-Vol,2h,175,0.003646340851314004,0.0018060541908191396,0.01427850495007414,0.56,25
2,Uptrend / High-Vol,4h,171,0.004387493305596444,0.0019950271035487077,0.020620890470589546,0.5614035087719298,25
2,Uptrend / High-Vol,8h,169,0.0060386117749735594,0.0020312870154359786,0.02883076769904013,0.5502958579881657,25
3,Ranging / Low-Vol,30m,506,-0.00014025187148353717,1.9921282447654676e-05,0.003778246340197722,0.5039525691699605,25
3,Ranging / Low-Vol,1h,506,0.00018604229710481835,-8.496651566325397e-06,0.00541376978725198,0.5,25
3,Ranging / Low-Vol,2h,504,0.00055920192908551,0.00020598796804716102,0.008649824136112564,0.5119047619047619,25
3,Ranging / Low-Vol,4h,503,0.0018551964471353885,0.0008928210807788162,0.014523644202789397,0.5387673956262425,25
3,Ranging / Low-Vol,8h,499,0.003581861443662395,0.0012380283302455553,0.019155138514783298,0.5671342685370742,25
0,Ranging / High-Vol,30m,299,-0.0003976262346161218,0.0007004098044554041,0.009152305731041248,0.5451505016722408,26
0,Ranging / High-Vol,1h,299,-0.00018861714764842897,0.0005995381829055901,0.009565753277038583,0.5418060200668896,26
0,Ranging / High-Vol,2h,299,4.458911274463927e-05,0.0005571217688959962,0.01175161691253356,0.5418060200668896,26
0,Ranging / High-Vol,4h,299,-0.0005347570380556741,0.00011229092987541378,0.014932881043964272,0.5016722408026756,26
0,Ranging / High-Vol,8h,299,-0.001460328500829609,0.0004343466616667513,0.017980452309818425,0.5183946488294314,26
1,Ranging / High-Vol,30m,45,0.002393127541434047,0.0011037599320609104,0.010934680108410573,0.5333333333333333,26
1,Ranging / High-Vol,1h,45,0.0036269240868473988,0.0018257406175763435,0.012465942269119071,0.5555555555555556,26
1,Ranging / High-Vol,2h,45,0.006239526812455528,0.004155889986760641,0.013633079721601795,0.7111111111111111,26
1,Ranging / High-Vol,4h,45,0.005222545208082568,0.008123216771258157,0.02054574243729198,0.6444444444444445,26
1,Ranging / High-Vol,8h,45,0.007636274476162165,0.01024317933246266,0.019993027180851296,0.7555555555555555,26
2,Ranging / Low-Vol,30m,621,-1.2984302466277301e-06,0.0001439513575807183,0.004246475799459035,0.5249597423510467,26
2,Ranging / Low-Vol,1h,621,-0.0001551230761302531,6.437038942408435e-05,0.006017685774449853,0.5120772946859904,26
2,Ranging / Low-Vol,2h,621,-0.00012520075359611263,3.932506945503178e-05,0.008567316739863086,0.5056360708534622,26
2,Ranging / Low-Vol,4h,618,0.00027675623747206167,0.00043662868745464323,0.013086766073281322,0.5226537216828478,26
2,Ranging / Low-Vol,8h,612,0.0007272344654149212,0.0021390870230399983,0.020701495858446873,0.5702614379084967,26
3,Ranging / Low-Vol,30m,522,0.0001791276350555138,-1.2751474320893408e-05,0.004127408473463351,0.49616858237547895,26
3,Ranging / Low-Vol,1h,521,0.00029133450577843067,0.00014492470023519388,0.008124223163864854,0.525911708253359,26
3,Ranging / Low-Vol,2h,519,0.00022997730730959964,0.00038888594231778484,0.01190016903848115,0.5202312138728323,26
3,Ranging / Low-Vol,4h,518,0.0008321792109257583,0.0006845962528618799,0.015529341013444222,0.5308880308880309,26
3,Ranging / Low-Vol,8h,516,0.0018907457441634887,0.0033895326645367874,0.02050023305074702,0.5949612403100775,26
0,Ranging / Low-Vol,30m,710,-4.23201938791366e-05,3.199379535878677e-05,0.003338676861268414,0.5112676056338028,27
0,Ranging / Low-Vol,1h,709,-7.349416941183615e-05,-3.091750796890835e-05,0.004674138570405706,0.49647390691114246,27
0,Ranging / Low-Vol,2h,707,-0.00021495195745160244,-0.0002634753233543563,0.0068446715211651216,0.4639321074964639,27
0,Ranging / Low-Vol,4h,702,-0.0003294980901290245,-0.00017198754292468976,0.008905759139374034,0.48575498575498577,27
0,Ranging / Low-Vol,8h,693,-0.0007444437849383097,-0.00044063039664798964,0.013646105661295985,0.47186147186147187,27
1,Downtrend / High-Vol,30m,48,-0.00022046843980971786,0.00043357756343542775,0.008939694301529199,0.5208333333333334,27
1,Downtrend / High-Vol,1h,48,0.00010667148605976913,0.000793004635288419,0.00969617332416082,0.5833333333333334,27
1,Downtrend / High-Vol,2h,48,0.0005658128883684332,0.001474636669710705,0.008654964990727716,0.6041666666666666,27
1,Downtrend / High-Vol,4h,48,-0.0009240312534416854,-0.0004857068346533211,0.010823872603148139,0.4791666666666667,27
1,Downtrend / High-Vol,8h,45,0.0005571517960107759,-0.0007354100242142891,0.012268496508606662,0.4666666666666667,27
2,Ranging / Low-Vol,30m,623,-1.677085743296073e-05,-0.00010033262454456349,0.0031217066822573736,0.48796147672552165,27
2,Ranging / Low-Vol,1h,622,-9.7826049460107e-05,-8.255631400722052e-05,0.0048619890312553956,0.4758842443729904,27
2,Ranging / Low-Vol,2h,620,-0.0002370857193501912,-0.00016238279138569567,0.006700026901703197,0.4774193548387097,27
2,Ranging / Low-Vol,4h,617,-0.0003651127039138592,-0.00022331541892484097,0.010242497000834988,0.47974068071312803,27
2,Ranging / Low-Vol,8h,613,-0.0007160134827427954,-0.0004461079872903895,0.013960403526251096,0.47471451876019577,27
3,Uptrend / High-Vol,30m,27,-0.0001836086025908288,-0.0009152702171721927,0.0025734028081953395,0.4444444444444444,27
3,Uptrend / High-Vol,1h,27,-0.00023610484414024366,-0.0006851373936100913,0.003582778139709312,0.4444444444444444,27
3,Uptrend / High-Vol,2h,27,0.0013361255256596235,0.0006975983483012982,0.0036704700091103716,0.5925925925925926,27
3,Uptrend / High-Vol,4h,27,0.0013788646803527126,0.0009261612469746439,0.00692391342924376,0.6296296296296297,27
3,Uptrend / High-Vol,8h,27,0.0015594659757671879,0.0008916815417467916,0.005315360310456538,0.6296296296296297,27
0,Ranging / Low-Vol,30m,672,0.00012858159316475075,6.37606144122671e-05,0.0024277861466368397,0.5208333333333334,28
0,Ranging / Low-Vol,1h,672,0.00022905707570826581,0.00011265509888325198,0.0029684058165493233,0.5193452380952381,28
0,Ranging / Low-Vol,2h,671,0.0004735939159160187,0.00016402057631736966,0.004108037061855703,0.5245901639344263,28
0,Ranging / Low-Vol,4h,669,0.0013500864522766668,0.0004099817528313565,0.006477784921816714,0.5500747384155455,28
0,Ranging / Low-Vol,8h,667,0.002570998654862077,0.0006550813554966339,0.010026789418058174,0.5622188905547226,28
1,Ranging / Low-Vol,30m,722,0.0001116738570541213,0.00010356601908512175,0.001997810465555238,0.5263157894736842,28
1,Ranging / Low-Vol,1h,721,0.000247311797034078,6.510042285157169e-05,0.003069463309367991,0.5173370319001387,28
1,Ranging / Low-Vol,2h,720,0.000490045435204372,0.00020301670477618217,0.004165212983341859,0.5375,28
1,Ranging / Low-Vol,4h,718,0.0007084142646821027,0.0004212836803718645,0.005485123774405438,0.5571030640668524,28
1,Ranging / Low-Vol,8h,714,0.00183010129582338,0.0004719615470936134,0.008853928352125642,0.5546218487394958,28
2,Ranging / High-Vol,30m,10,0.0017216592501867467,0.005314687021734876,0.010053271764518687,0.7,28
2,Ranging / High-Vol,1h,10,0.0014107268282185005,-0.0004093965057672122,0.012367116040539255,0.5,28
2,Ranging / High-Vol,2h,10,0.001882199063774692,0.0010762511516162476,0.009386444006472991,0.5,28
2,Ranging / High-Vol,4h,10,0.0021305249936379054,-0.0005344796943411723,0.01743898292904338,0.5,28
2,Ranging / High-Vol,8h,10,0.0009499185415961619,-0.007466764105701351,0.026942412532305855,0.4,28
3,Ranging / High-Vol,30m,83,0.0003990075523178482,-8.336773377592976e-05,0.006386852825719267,0.4939759036144578,28
3,Ranging / High-Vol,1h,83,0.0010350077117623065,0.00028876114240006245,0.00969584704610342,0.5060240963855421,28
3,Ranging / High-Vol,2h,83,0.002134298259588109,0.0004933277971943539,0.013998940324869962,0.5421686746987951,28
3,Ranging / High-Vol,4h,83,0.0037236230200402873,-0.0001021104762539693,0.01692564035835043,0.4819277108433735,28
3,Ranging / High-Vol,8h,81,0.00494545514459918,0.0025866276627635187,0.021139860756266095,0.6419753086419753,28
0,Ranging / Low-Vol,30m,709,3.570349338068743e-05,4.361298521793344e-05,0.0031935949187233666,0.5063469675599436,29
0,Ranging / Low-Vol,1h,709,2.7172952371205566e-05,-9.138035250444432e-05,0.004196748957205579,0.4781382228490832,29
0,Ranging / Low-Vol,2h,708,-0.0003096696942292913,-0.00010463507357005852,0.006113505679950828,0.4844632768361582,29
0,Ranging / Low-Vol,4h,706,9.900883624442315e-06,4.976174474169426e-05,0.00810215123405882,0.5014164305949008,29
0,Ranging / Low-Vol,8h,702,0.00019539242906355724,0.00042914820577255597,0.011850004448755674,0.5142450142450142,29
1,Ranging / High-Vol,30m,14,0.003160174322555268,0.00433951145912026,0.004273295285547564,0.7142857142857143,29
1,Ranging / High-Vol,1h,14,0.004579563566856086,0.004595471058556733,0.005864685802446724,0.7857142857142857,29
1,Ranging / High-Vol,2h,14,0.006546988699317247,0.007094309376575403,0.008153965201412759,0.6428571428571429,29
1,Ranging / High-Vol,4h,14,0.003479850320399943,0.004820889558877717,0.01527373650605336,0.6428571428571429,29
1,Ranging / High-Vol,8h,14,-0.0024243182000077213,-0.012887148754300526,0.016056849217411896,0.42857142857142855,29
2,Ranging / Low-Vol,30m,653,-0.0001568876614106225,-0.0001575486455998032,0.004061712127671601,0.4762633996937213,29
2,Ranging / Low-Vol,1h,652,-0.00016223714466488776,-0.00011770213223449844,0.005651797886886202,0.48619631901840493,29
2,Ranging / Low-Vol,2h,651,0.0001752878083226163,0.0003046183742458908,0.007155580441552106,0.533026113671275,29
2,Ranging / Low-Vol,4h,649,0.0004416807016278298,0.00044919462242098973,0.009469357007080926,0.5285053929121726,29
2,Ranging / Low-Vol,8h,645,0.0005278153431209934,0.00045950246711257137,0.013190569277817367,0.5271317829457365,29
3,Ranging / High-Vol,30m,111,0.000596294545996861,0.0005262998928419194,0.00436629139288999,0.5405405405405406,29
3,Ranging / High-Vol,1h,111,0.000840824288430615,0.0009680983204169991,0.005951013891771041,0.6126126126126126,29
3,Ranging / High-Vol,2h,111,0.0013668399013029278,0.001101173893701457,0.007945107497705278,0.5495495495495496,29
3,Ranging / High-Vol,4h,111,-0.0008408426748297569,0.000664193617103237,0.01183147454964863,0.5225225225225225,29
3,Ranging / High-Vol,8h,111,-0.0007694382236212223,0.0008989911507981674,0.012998178734340659,0.5495495495495496,29
0,Ranging / Low-Vol,30m,688,-8.184286849911493e-05,-4.113125966220821e-05,0.003002041972738434,0.4941860465116279,30
0,Ranging / Low-Vol,1h,688,-0.000197017958912298,0.00011402090672518739,0.004574823004722274,0.5159883720930233,30
0,Ranging / Low-Vol,2h,687,-0.0002208595455480842,0.00022696291495272192,0.007034732279986941,0.519650655021834,30
0,Ranging / Low-Vol,4h,683,-0.00027824624517028425,0.00046894434351330005,0.010033944842047558,0.5387994143484627,30
0,Ranging / Low-Vol,8h,678,-0.0005854436448548418,0.0014519736923155335,0.013454451938738411,0.5663716814159292,30
1,Downtrend / High-Vol,30m,81,0.00027728466029573073,0.0003934768600668548,0.007795285108883014,0.5432098765432098,30
1,Downtrend / High-Vol,1h,81,0.00020723078589407405,0.00036287292070369404,0.009260837941884249,0.5308641975308642,30
1,Downtrend / High-Vol,2h,81,-0.00041515233103142337,-0.001072188508485894,0.010576601166041756,0.4691358024691358,30
1,Downtrend / High-Vol,4h,81,-0.0011841476225595865,-0.00041649918513009254,0.01466724622940589,0.49382716049382713,30
1,Downtrend / High-Vol,8h,81,-0.0037705422310284715,-0.0004805850624620689,0.019161902008130588,0.48148148148148145,30
2,Ranging / Low-Vol,30m,598,-0.0001233573210320533,0.00013603544684137603,0.003934732056354858,0.5167224080267558,30
2,Ranging / Low-Vol,1h,597,-0.00010800815545142972,-0.00016682356064023907,0.005061368746458851,0.4807370184254606,30
2,Ranging / Low-Vol,2h,596,-0.0001281722034539899,0.00020857640093652208,0.006689493354334505,0.5335570469798657,30
2,Ranging / Low-Vol,4h,596,-0.0001890529656999087,0.00012384789602570834,0.00939268516642807,0.5067114093959731,30
2,Ranging / Low-Vol,8h,593,-0.0008737956522751138,0.001002622941635778,0.013576021141266088,0.5362563237774031,30
3,Uptrend / High-Vol,30m,72,0.0004957273493153311,0.0003695820132803007,0.003201942469709064,0.5416666666666666,30
3,Uptrend / High-Vol,1h,72,0.00048434650093871,-0.00023454560099711586,0.004311466242063977,0.4861111111111111,30
3,Uptrend / High-Vol,2h,72,-0.0006141942131808866,-0.0007126988292158742,0.0059357215939153125,0.4722222222222222,30
3,Uptrend / High-Vol,4h,72,-0.003380289933188088,-0.003407547337641148,0.008534496446749583,0.3194444444444444,30
3,Uptrend / High-Vol,8h,72,-0.002349421740928411,-0.0027111418557117517,0.01031266376222971,0.4444444444444444,30
0,Ranging / Low-Vol,30m,638,0.00014182117498983229,4.827942792484663e-05,0.0028560123483079127,0.5078369905956113,31
0,Ranging / Low-Vol,1h,637,0.00016920693205862118,0.00019921969414227192,0.003929674262146818,0.5353218210361067,31
0,Ranging / Low-Vol,2h,635,0.0005655039677575871,0.00038293048162074683,0.00585790539230064,0.552755905511811,31
0,Ranging / Low-Vol,4h,633,0.0013413679681726926,0.0009224669529839247,0.008799801377200314,0.584518167456556,31
0,Ranging / Low-Vol,8h,629,0.0026119672978527158,0.001679031709471701,0.012169471360124615,0.615262321144674,31
1,Uptrend / High-Vol,30m,96,0.0005455878286723485,2.1631260924692697e-06,0.0054128583602241235,0.5,31
1,Uptrend / High-Vol,1h,96,0.001008165702682103,0.0005812654433645648,0.007811090807871422,0.5520833333333334,31
1,Uptrend / High-Vol,2h,96,0.0013305938208980628,0.0005935447146034889,0.010037960294173478,0.53125,31
1,Uptrend / High-Vol,4h,96,0.0019444715270236685,0.00016457677707837348,0.01207280030674321,0.5104166666666666,31
1,Uptrend / High-Vol,8h,96,0.0029994754871150255,0.0017668510368258339,0.013622281047444887,0.5833333333333334,31
2,Downtrend / High-Vol,30m,38,0.00022299522341585667,0.0012844840019639037,0.00466913131506479,0.5526315789473685,31
2,Downtrend / High-Vol,1h,38,0.000422521999531826,0.0017593037898677721,0.006913471940353595,0.631578947368421,31
2,Downtrend / High-Vol,2h,38,0.00013371775333665724,0.0029473945638445187,0.008242561209997884,0.631578947368421,31
2,Downtrend / High-Vol,4h,38,0.0004119263336482884,0.0019087218910582848,0.007987126427570452,0.6052631578947368,31
2,Downtrend / High-Vol,8h,38,0.004195082829294378,0.006035353421812495,0.009099909634761134,0.6578947368421053,31
3,Ranging / Low-Vol,30m,715,0.00013059566847105762,0.000136393148791214,0.0031060911403494643,0.5258741258741259,31
3,Ranging / Low-Vol,1h,715,0.0003767306327804151,0.0002808876843030106,0.004199843916324365,0.551048951048951,31
3,Ranging / Low-Vol,2h,715,0.0006893165669832379,0.0006484448577559476,0.005803372607324164,0.5706293706293706,31
3,Ranging / Low-Vol,4h,713,0.0012888770474100406,0.0011277256403161573,0.008258995748947586,0.603085553997195,31
3,Ranging / Low-Vol,8h,709,0.0025555499270622116,0.0019644586862916924,0.011703570663902622,0.6403385049365303,31
0,Ranging / High-Vol,30m,388,-0.00013488163498501783,-0.000292205206696039,0.006481675965701603,0.49742268041237114,32
0,Ranging / High-Vol,1h,387,-0.00039231729528129816,5.436571819927849e-05,0.009177939478326354,0.5064599483204134,32
0,Ranging / High-Vol,2h,386,-0.00047633273141996305,0.0013551775554905277,0.012581197100606172,0.5518134715025906,32
0,Ranging / High-Vol,4h,383,0.0011406395014375884,0.0009046888374566464,0.015217697725882455,0.5378590078328982,32
0,Ranging / High-Vol,8h,376,0.002232618504707434,0.0009548734380171453,0.018958543160733553,0.526595744680851,32
1,Ranging / Low-Vol,30m,541,0.0003976667916945586,0.0003694491910000153,0.004094341698170483,0.5304990757855823,32
1,Ranging / Low-Vol,1h,540,0.0008201542336701417,0.0006755055747635907,0.005725460182667451,0.5611111111111111,32
1,Ranging / Low-Vol,2h,539,0.0014560700180034276,0.0014768964789659833,0.008627133586136907,0.5769944341372912,32
1,Ranging / Low-Vol,4h,535,0.001973715299603298,0.0016198992416605051,0.01254647873433,0.5757009345794393,32
1,Ranging / Low-Vol,8h,533,0.003918384018526952,0.003609298091172164,0.01896001228619235,0.5909943714821764,32
2,Ranging / Low-Vol,30m,447,0.0002553538512510307,0.00040585354716249356,0.004143118094785863,0.5391498881431768,32
2,Ranging / Low-Vol,1h,447,0.000491064527752713,0.0004908209711622646,0.0056865862217510095,0.5324384787472036,32
2,Ranging / Low-Vol,2h,445,0.0009491429453160637,0.000682040794755423,0.008044062142660076,0.5415730337078651,32
2,Ranging / Low-Vol,4h,444,0.0018755202552690586,0.0017249962066729907,0.011005078620050495,0.5630630630630631,32
2,Ranging / Low-Vol,8h,442,0.0039242632869234614,0.00409367957406559,0.01804727148624791,0.6108597285067874,32
3,Ranging / High-Vol,30m,37,0.0011117566323618638,-0.0009938405284461993,0.011440665382593635,0.4594594594594595,32
3,Ranging / High-Vol,1h,37,0.0034696439149972547,0.008122505698370475,0.015358888140939535,0.6216216216216216,32
3,Ranging / High-Vol,2h,37,0.005946212567475766,0.004724343026941469,0.017167776984448505,0.7297297297297297,32
3,Ranging / High-Vol,4h,37,0.0033926798621984736,0.010260132431106683,0.02712090198208924,0.5675675675675675,32
3,Ranging / High-Vol,8h,37,0.0009322496480762644,0.005891659839576846,0.029072492646467267,0.5135135135135135,32
0,Ranging / Low-Vol,30m,561,-5.83543080626666e-06,0.00010924575059867436,0.004313744879104107,0.5133689839572193,33
0,Ranging / Low-Vol,1h,560,0.0003431620185198999,0.0004477166206910965,0.006011797256418112,0.5464285714285714,33
0,Ranging / Low-Vol,2h,556,0.0006115317652629554,0.001068118119093242,0.008379183562814209,0.5557553956834532,33
0,Ranging / Low-Vol,4h,553,0.0009897877991124333,0.0010583132585075816,0.011772523044475383,0.5533453887884268,33
0,Ranging / Low-Vol,8h,543,0.0023124295698493122,0.0026773317131461027,0.017057024484652523,0.58195211786372,33
1,Downtrend / High-Vol,30m,152,0.0005906093588054933,0.0019687935704126858,0.008847556233343351,0.6118421052631579,33
1,Downtrend / High-Vol,1h,151,0.0015828800256782324,0.0017675663781169249,0.011392605192436029,0.6026490066225165,33
1,Downtrend / High-Vol,2h,149,0.0027782635357726728,0.002486377003050322,0.012752699128722947,0.5973154362416108,33
1,Downtrend / High-Vol,4h,145,0.003981623458828444,0.004548583394917927,0.014867176846985262,0.5793103448275863,33
1,Downtrend / High-Vol,8h,144,0.006259979263638021,0.010101599942665906,0.01854922794535136,0.6805555555555556,33
2,Ranging / Low-Vol,30m,466,0.0002969950206888738,-7.66647293506395e-05,0.004351262707121118,0.49356223175965663,33
2,Ranging / Low-Vol,1h,465,0.0004041814507510317,0.00032318506659478885,0.00670291404582968,0.5268817204301075,33
2,Ranging / Low-Vol,2h,465,0.0007936484993121878,0.0009649866088174974,0.009711215928598796,0.5591397849462365,33
2,Ranging / Low-Vol,4h,465,0.001305736068473607,0.001900184123510229,0.014187373721707548,0.5806451612903226,33
2,Ranging / Low-Vol,8h,455,0.004195411987208595,0.0036433885558615486,0.017725333764625865,0.5956043956043956,33
3,Uptrend / High-Vol,30m,250,0.0005681572424239363,0.0003856380852225172,0.006875014599033258,0.528,33
3,Uptrend / High-Vol,1h,250,0.0004610674861029409,0.00029927086356273946,0.009893749617477467,0.532,33
3,Uptrend / High-Vol,2h,250,0.0012782388667099838,4.857407451375195e-06,0.013526090133812431,0.5,33
3,Uptrend / High-Vol,4h,245,0.0049224819558830075,0.0030014971245719835,0.01664554596165354,0.5877551020408164,33
3,Uptrend / High-Vol,8h,242,0.007990673048197748,0.00214450541750022,0.02508685975036333,0.5454545454545454,33
0,Downtrend / High-Vol,30m,611,0.00020288364025722826,0.0006175988411616373,0.013731628167108097,0.5155482815057283,34
0,Downtrend / High-Vol,1h,611,0.0003250333795312946,0.0016703659607699706,0.018939395194679763,0.5515548281505729,34
0,Downtrend / High-Vol,2h,611,0.0005515414910328505,0.002241665460330111,0.025487069752795327,0.546644844517185,34
0,Downtrend / High-Vol,4h,611,0.0007452890954705591,0.002852219893167529,0.03387170139890802,0.5220949263502455,34
0,Downtrend / High-Vol,8h,604,0.0013298584399662552,0.0010796581179546294,0.043204219274727756,0.5149006622516556,34
1,Ranging / Low-Vol,30m,165,-0.00032183321206256916,7.220398209817347e-05,0.007410419779935683,0.503030303030303,34
1,Ranging / Low-Vol,1h,164,0.0005172260222743362,0.00048495706582230014,0.011528094070365985,0.5121951219512195,34
1,Ranging / Low-Vol,2h,163,0.0008391385686564661,0.001269867036189254,0.016505567579199843,0.5337423312883436,34
1,Ranging / Low-Vol,4h,161,-0.0011306185470060202,-0.0005934876712334614,0.023330499062308153,0.4968944099378882,34
1,Ranging / Low-Vol,8h,161,-0.004497105730652864,-0.0041512371424961,0.03449218292804105,0.43478260869565216,34
2,Uptrend / High-Vol,30m,496,0.00020062081413142798,-0.000368604521776561,0.008520193360854184,0.47580645161290325,34
2,Uptrend / High-Vol,1h,496,0.0002518237960565724,-0.0009035291615360208,0.01203125566395788,0.46169354838709675,34
2,Uptrend / High-Vol,2h,496,0.0003916926370950639,-0.0006983214789730852,0.016985346155377747,0.4879032258064516,34
2,Uptrend / High-Vol,4h,496,0.002081559606882288,0.0007789043247354854,0.02517590618758034,0.5080645161290323,34
2,Uptrend / High-Vol,8h,496,0.004761409756089948,0.0033821910363061036,0.034007576547915606,0.5584677419354839,34
3,Ranging / Low-Vol,30m,215,-0.0001520587288945952,-5.90040352950183e-05,0.007446239890985555,0.4883720930232558,34
3,Ranging / Low-Vol,1h,215,-0.000639572362800843,-0.000392530996867535,0.010214963964010204,0.4744186046511628,34
3,Ranging / Low-Vol,2h,214,-0.0007944385782595857,-0.0009153510747710314,0.014465378772507092,0.46261682242990654,34
3,Ranging / Low-Vol,4h,212,-0.0016807148091956207,-0.0009044024824467201,0.020807438322664136,0.4716981132075472,34
3,Ranging / Low-Vol,8h,211,-0.0027413232419879,-0.003524565578514327,0.031727551761231036,0.46919431279620855,34
0,Ranging / Low-Vol,30m,353,0.00038132911867809846,0.0002668671615229101,0.005720451503273057,0.5212464589235127,35
0,Ranging / Low-Vol,1h,353,0.0006159342387972671,0.0007898583198198139,0.009290389349193707,0.5269121813031161,35
0,Ranging / Low-Vol,2h,353,0.0015074394179547003,0.0014300834257969797,0.014168793596579705,0.5495750708215298,35
0,Ranging / Low-Vol,4h,352,0.003122164654261007,0.0025277051213068447,0.019237062829599604,0.5625,35
0,Ranging / Low-Vol,8h,346,0.00401056806037738,0.0024087036485083146,0.02619777436303934,0.5635838150289018,35
1,Ranging / Low-Vol,30m,309,0.00030891539878799047,-5.5126121102588854e-05,0.007835427638330185,0.4919093851132686,35
1,Ranging / Low-Vol,1h,309,0.0007807434124185049,0.0005189628159136817,0.010284227964825619,0.5275080906148867,35
1,Ranging / Low-Vol,2h,309,0.0016020397517627013,0.001826224665684606,0.013697644001240496,0.5728155339805825,35
1,Ranging / Low-Vol,4h,306,0.0033370593860171847,0.00223485588528316,0.02017500524614486,0.5588235294117647,35
1,Ranging / Low-Vol,8h,304,0.005703894072667938,0.00593659248863343,0.026010306595725036,0.6118421052631579,35
2,Uptrend / High-Vol,30m,357,0.00015161448018546892,-0.00033098555508104255,0.007417290694249988,0.4789915966386555,35
2,Uptrend / High-Vol,1h,356,-5.1070577570517756e-05,5.003253145385855e-05,0.009556917802743772,0.5056179775280899,35
2,Uptrend / High-Vol,2h,354,-0.000907527267006553,-0.0016259517121204325,0.012828676406512788,0.4463276836158192,35
2,Uptrend / High-Vol,4h,350,-0.0021218893863953372,-0.0009719617869414776,0.01731774057551013,0.4714285714285714,35
2,Uptrend / High-Vol,8h,348,-0.0018304400943877303,-0.0018998061962438584,0.027608540879811187,0.45977011494252873,35
3,Downtrend / High-Vol,30m,295,-6.291478121219152e-05,0.0008425864284848927,0.011324402965529003,0.5559322033898305,35
3,Downtrend / High-Vol,1h,294,0.00031382318708932994,0.001507421547524146,0.01515854822027379,0.54421768707483,35
3,Downtrend / High-Vol,2h,292,0.00103696274639269,0.0015002581694476547,0.01958173860608344,0.5342465753424658,35
3,Downtrend / High-Vol,4h,292,0.001811050871052078,0.0050749283858815275,0.027614177493574064,0.5958904109589042,35
3,Downtrend / High-Vol,8h,286,0.003619353610114379,0.007509254236178542,0.034855752845705384,0.5804195804195804,35
0,Downtrend / High-Vol,30m,212,0.00027598666679146854,0.0010665488899412878,0.0070164039661213,0.5660377358490566,36
0,Downtrend / High-Vol,1h,212,0.0003683368959401926,0.0020011162713666764,0.00952476161107,0.6084905660377359,36
0,Downtrend / High-Vol,2h,212,0.0013617531563144636,0.0025776097339020865,0.012187763317177516,0.6226415094339622,36
0,Downtrend / High-Vol,4h,211,0.0024327886304059618,0.004410410089565886,0.016470458563778403,0.6113744075829384,36
0,Downtrend / High-Vol,8h,210,0.0027934172351165676,0.006047884971985162,0.022484854226466712,0.5714285714285714,36
1,Ranging / Low-Vol,30m,443,-5.7913999613549175e-05,0.00018766805942860287,0.005710504420137579,0.5124153498871332,36
1,Ranging / Low-Vol,1h,441,0.00021687245715917394,0.0004509990056735802,0.00789655860939042,0.528344671201814,36
1,Ranging / Low-Vol,2h,439,0.0006419294434181372,0.00021490726995665455,0.011247512780377356,0.5034168564920274,36
1,Ranging / Low-Vol,4h,437,0.0015192051864308192,0.0007616854018337449,0.017126482826256565,0.5240274599542334,36
1,Ranging / Low-Vol,8h,434,0.0038288692005025676,0.002191771880783122,0.024886140257582543,0.543778801843318,36
2,Ranging / Low-Vol,30m,503,0.00023572974691490143,0.0004160422969530231,0.005246515034286083,0.5487077534791253,36
2,Ranging / Low-Vol,1h,503,0.00046153111926540603,0.0007461278645894964,0.007587721370471132,0.536779324055666,36
2,Ranging / Low-Vol,2h,501,0.0008039363222234485,0.0010423193569142342,0.011431480926784926,0.5429141716566867,36
2,Ranging / Low-Vol,4h,496,0.0015495198823929394,0.001236627143557989,0.01598210322575783,0.5423387096774194,36
2,Ranging / Low-Vol,8h,492,0.002801928564166047,0.0018069968850467077,0.022651333121740898,0.5467479674796748,36
3,Uptrend / High-Vol,30m,302,0.000369308531174971,0.00042003540917257,0.006389950919105809,0.5298013245033113,36
3,Uptrend / High-Vol,1h,302,0.00041805229676041304,0.00021556023807001168,0.008742892176759552,0.5132450331125827,36
3,Uptrend / High-Vol,2h,302,0.00029676892318878577,0.0011754826166949783,0.012191152446109558,0.5496688741721855,36
3,Uptrend / High-Vol,4h,302,0.0003815488541325444,-0.00013725965115529704,0.016062940079073666,0.4966887417218543,36
3,Uptrend / High-Vol,8h,294,0.0016450115203198628,0.001053736153655116,0.021745791651982784,0.5204081632653061,36
0,Ranging / Low-Vol,30m,593,2.9153183322846836e-05,-0.0001163245462620921,0.004325959334223289,0.49072512647554806,37
0,Ranging / Low-Vol,1h,592,-0.000153867039400031,-5.1231496467352144e-05,0.006106878489579516,0.49324324324324326,37
0,Ranging / Low-Vol,2h,590,-0.0004094158915350386,-0.0001379705514388263,0.008477514062557678,0.4915254237288136,37
0,Ranging / Low-Vol,4h,582,-0.00022062727277911867,-0.00012637792522252056,0.011741512720904252,0.49312714776632305,37
0,Ranging / Low-Vol,8h,572,-0.0006109930126155413,0.00010991384626990452,0.017930505546737707,0.5017482517482518,37
1,Uptrend / High-Vol,30m,150,0.0004160690051594429,0.0002876136112588412,0.00597325289347612,0.52,37
1,Uptrend / High-Vol,1h,150,0.0009236364857679528,-0.00025018579103619487,0.007880936084741013,0.49333333333333335,37
1,Uptrend / High-Vol,2h,150,0.0015327903815695147,0.0006919224586008355,0.010699741259434068,0.5466666666666666,37
1,Uptrend / High-Vol,4h,150,0.0008137726272075577,0.0007982299164881468,0.012972394015253314,0.52,37
1,Uptrend / High-Vol,8h,142,0.0004669290640306776,0.0009062150516596645,0.020625566347964856,0.5211267605633803,37
2,Downtrend / High-Vol,30m,140,-0.0004508516564167588,0.000683592071167638,0.008893900267940924,0.5428571428571428,37
2,Downtrend / High-Vol,1h,139,-0.0006200323107122299,0.001358219253756232,0.012638232952590363,0.5683453237410072,37
2,Downtrend / High-Vol,2h,137,-0.0003211605835767485,0.003693767049140817,0.019065280004644546,0.5766423357664233,37
2,Downtrend / High-Vol,4h,137,-0.0009103690906024417,0.0035142092124882396,0.027102809854881064,0.5693430656934306,37
2,Downtrend / High-Vol,8h,137,-0.0025842204824164435,-0.00034615710122309906,0.034495021851360615,0.49635036496350365,37
3,Ranging / Low-Vol,30m,495,-9.589472499486018e-05,4.042486196276229e-05,0.00464900767938975,0.5050505050505051,37
3,Ranging / Low-Vol,1h,494,-1.1311542539802237e-05,-2.4284572231358936e-05,0.006105945529647799,0.4959514170040486,37
3,Ranging / Low-Vol,2h,492,-6.361615910513994e-07,-0.00018771601157752116,0.008797749142714747,0.4878048780487805,37
3,Ranging / Low-Vol,4h,488,-1.756934510529368e-06,0.0003007125400191768,0.013300236907053025,0.5122950819672131,37
3,Ranging / Low-Vol,8h,482,-0.0001078924130533167,0.0005514904814267751,0.018756666510052096,0.5228215767634855,37
0,Downtrend / High-Vol,30m,519,8.802699373950428e-06,0.00043276261575719843,0.013506329597977413,0.5144508670520231,38
0,Downtrend / High-Vol,1h,519,0.0001626188841099556,0.0012888295337880606,0.017901703571825304,0.5491329479768786,38
0,Downtrend / High-Vol,2h,519,0.0006660874827328021,0.0028402570543502037,0.024077856437678243,0.5529865125240848,38
0,Downtrend / High-Vol,4h,519,0.001480935414573822,0.00345520400451349,0.0317539518669436,0.5568400770712909,38
0,Downtrend / High-Vol,8h,519,-0.0015138833506673725,-0.0019707782589915013,0.04123926850353869,0.48554913294797686,38
1,Ranging / Low-Vol,30m,276,-0.0007180259801131426,-0.0005313268476951905,0.0059254899956898924,0.4384057971014493,38
1,Ranging / Low-Vol,1h,276,-0.0011756010571634193,-0.0011144699935288216,0.008348989283895547,0.4601449275362319,38
1,Ranging / Low-Vol,2h,275,-0.0025746063848680477,-0.0014945924236222652,0.011903204793041935,0.4290909090909091,38
1,Ranging / Low-Vol,4h,274,-0.00522819953533718,-0.0030379852844646393,0.017210706449459393,0.41605839416058393,38
1,Ranging / Low-Vol,8h,272,-0.007593193685705095,-0.006183963285694816,0.02493233601637624,0.38235294117647056,38
2,Ranging / Low-Vol,30m,326,-0.00029824956115709415,1.238864506625248e-05,0.006013747615867951,0.5030674846625767,38
2,Ranging / Low-Vol,1h,326,-0.0011922553095270658,-0.0008197197357135977,0.008473701590701157,0.4447852760736196,38
2,Ranging / Low-Vol,2h,325,-0.0020224298339902775,-0.001511178415576353,0.012817123656515243,0.4553846153846154,38
2,Ranging / Low-Vol,4h,322,-0.004686122579322029,-0.0022781062347130288,0.01825978394867698,0.4472049689440994,38
2,Ranging / Low-Vol,8h,318,-0.00683388490272917,-0.003776941303039294,0.026622379567517823,0.4308176100628931,38
3,Uptrend / High-Vol,30m,366,-0.0004169394123830681,-0.000531184059460621,0.009071295893585185,0.4726775956284153,38
3,Uptrend / High-Vol,1h,365,-0.0006927297402429399,-0.0005567192629811757,0.013157677071463002,0.4547945205479452,38
3,Uptrend / High-Vol,2h,365,-0.0020997916521847226,-0.0025396507207133823,0.018791847231356525,0.4438356164383562,38
3,Uptrend / High-Vol,4h,365,-0.003967867048538966,-0.0018163448335410948,0.028352671500011445,0.46301369863013697,38
3,Uptrend / High-Vol,8h,363,-0.006115273189051785,-0.004101263929985777,0.03303780966907408,0.44077134986225897,38
0,Ranging / Low-Vol,30m,460,-0.0002449548359368561,-0.0002566664221124171,0.006376095136535062,0.4782608695652174,39
0,Ranging / Low-Vol,1h,460,-0.000576481126202427,-0.00012815329648496743,0.009177143667175213,0.49130434782608695,39
0,Ranging / Low-Vol,2h,458,-0.0008742603967657944,-0.0007040994279172708,0.0132569756279247,0.4868995633187773,39
0,Ranging / Low-Vol,4h,457,-0.001692707297747657,-0.0004572192286858012,0.018272160815860816,0.487964989059081,39
0,Ranging / Low-Vol,8h,453,-0.003554252732504047,-0.0004217670103461302,0.028314153278663233,0.4966887417218543,39
1,Downtrend / High-Vol,30m,306,-0.00023292148836499292,0.0004948526287353872,0.009077167523596838,0.5326797385620915,39
1,Downtrend / High-Vol,1h,306,-0.00022378648935480756,0.00027440214875262825,0.012492184192239478,0.5098039215686274,39
1,Downtrend / High-Vol,2h,306,0.00016239939040306036,0.0010633486419031613,0.0174031293669411,0.5522875816993464,39
1,Downtrend / High-Vol,4h,306,0.0006319357514923016,0.0006764594949490998,0.02452076844554289,0.5098039215686274,39
1,Downtrend / High-Vol,8h,306,0.0022030917733222868,-0.0008177309234946861,0.028192702491256976,0.4934640522875817,39
2,Ranging / Low-Vol,30m,382,5.230447751561471e-05,-6.565752078824261e-05,0.006662126734304516,0.49214659685863876,39
2,Ranging / Low-Vol,1h,381,-2.3370913617794965e-05,0.00017073606255024742,0.009967690807425387,0.5118110236220472,39
2,Ranging / Low-Vol,2h,381,-0.00040565182512568917,-0.00010163071600821638,0.01464459362962986,0.49606299212598426,39
2,Ranging / Low-Vol,4h,378,-0.0015496443463061762,-0.0015071398098696065,0.019709121149131162,0.455026455026455,39
2,Ranging / Low-Vol,8h,375,-0.0034296654985295117,-0.0021469919909709034,0.028929281706700193,0.464,39
3,Uptrend / High-Vol,30m,291,0.00030954076222662803,-0.00043684205879301885,0.00677634698980004,0.47079037800687284,39
3,Uptrend / High-Vol,1h,291,0.0006581344667591937,-0.0005157981092533959,0.00928064954117657,0.47766323024054985,39
3,Uptrend / High-Vol,2h,291,0.0007412704682981929,-0.0008638959194211537,0.013523805647116888,0.4570446735395189,39
3,Uptrend / High-Vol,4h,291,0.002240175365932848,0.00042364671516459396,0.019496465196365876,0.5189003436426117,39
3,Uptrend / High-Vol,8h,290,0.0040465297504530115,0.0026824522448896104,0.027744430976740172,0.5344827586206896,39
0,Ranging / Low-Vol,30m,576,0.00013388518485856081,3.003795901523887e-05,0.0045620102268621,0.5034722222222222,40
0,Ranging / Low-Vol,1h,576,0.00011788473955623744,9.79747064695502e-05,0.006378554380302502,0.5086805555555556,40
0,Ranging / Low-Vol,2h,576,0.0008188848782893313,0.00033631097729980297,0.009908209567783877,0.5260416666666666,40
0,Ranging / Low-Vol,4h,574,0.00145980368803997,0.00014752666996109554,0.014734720704470464,0.5069686411149826,40
0,Ranging / Low-Vol,8h,570,0.002502768223576845,0.001507820998957854,0.021896805518882075,0.5403508771929825,40
1,Uptrend / High-Vol,30m,149,0.0006475505087930003,0.0007228971172583698,0.006252938033540673,0.5771812080536913,40
1,Uptrend / High-Vol,1h,149,0.0011357980013750328,0.0008810903879794552,0.010555603944328227,0.5771812080536913,40
1,Uptrend / High-Vol,2h,149,0.0011980233465905218,0.0018065471937376287,0.015099105151591461,0.5704697986577181,40
1,Uptrend / High-Vol,4h,149,-0.0007402576615306873,-0.0006340655913934512,0.019029610729303294,0.48322147651006714,40
1,Uptrend / High-Vol,8h,149,0.0007000508006125776,0.0013296666758524367,0.02126186827388632,0.5570469798657718,40
2,Downtrend / High-Vol,30m,110,-0.0004700699365822978,-0.0003827979574522189,0.007728307621672451,0.4727272727272727,40
2,Downtrend / High-Vol,1h,110,-0.0004438992398128828,-0.0006787303156450264,0.009772560958542415,0.4727272727272727,40
2,Downtrend / High-Vol,2h,110,-0.0006074418079760784,0.00045228876671288276,0.011260658842872494,0.5363636363636364,40
2,Downtrend / High-Vol,4h,110,-0.00044390366739846987,0.0011866901370884975,0.012808908362622549,0.5636363636363636,40
2,Downtrend / High-Vol,8h,110,0.00044069761922263176,0.0024772272888595737,0.015717067014754345,0.5727272727272728,40
3,Ranging / Low-Vol,30m,652,8.210952346882446e-05,0.00023178397435952292,0.004267308105607363,0.5337423312883436,40
3,Ranging / Low-Vol,1h,651,0.0002649417136864271,0.00032353460367495757,0.006319985153991723,0.5376344086021505,40
3,Ranging / Low-Vol,2h,649,0.000214854950542774,0.0002888694522109603,0.00896200509844973,0.5115562403697997,40
3,Ranging / Low-Vol,4h,647,0.0012682650434238212,0.00039824854758130357,0.014175387680874691,0.517774343122102,40
3,Ranging / Low-Vol,8h,643,0.002319750236393264,0.0014287776801413798,0.02135558900158206,0.5443234836702955,40
0,Ranging / Low-Vol,30m,658,1.4117899734737996e-05,9.663060874487428e-05,0.004526105627910274,0.5091185410334347,41
0,Ranging / Low-Vol,1h,658,-0.0001489044773373576,5.9903651999704266e-05,0.006560589479153933,0.5075987841945289,41
0,Ranging / Low-Vol,2h,656,-0.0002663063792428533,-0.00020039148024597608,0.009487802642155051,0.4893292682926829,41
0,Ranging / Low-Vol,4h,653,-9.89815938898406e-05,-0.00048693709292102483,0.013500959300339456,0.48085758039816234,41
0,Ranging / Low-Vol,8h,644,-0.0002768350879428829,-0.0007767788728800795,0.01879696230012404,0.4611801242236025,41
1,Downtrend / High-Vol,30m,95,-0.00023658522171726527,-0.0003386979483188668,0.0054018480998783095,0.4842105263157895,41
1,Downtrend / High-Vol,1h,95,-0.0001283348033009259,0.000690329745745899,0.006991774666101169,0.5368421052631579,41
1,Downtrend / High-Vol,2h,95,0.0005282584154536202,0.0007110028560628479,0.009393848731342863,0.5368421052631579,41
1,Downtrend / High-Vol,4h,95,0.0028750267001316806,0.004389410953127282,0.010492447251196382,0.7052631578947368,41
1,Downtrend / High-Vol,8h,95,0.00704080607713121,0.0034388628942547683,0.019747654477790817,0.6526315789473685,41
2,Uptrend / High-Vol,30m,146,0.0006734968546980446,0.00043464859630759634,0.00543125312949801,0.5616438356164384,41
2,Uptrend / High-Vol,1h,146,0.001353182782769071,0.0006999071173545701,0.0069047928018646084,0.5684931506849316,41
2,Uptrend / High-Vol,2h,146,0.0019865456796904386,0.0009243656371831221,0.01055171679039346,0.5616438356164384,41
2,Uptrend / High-Vol,4h,146,0.0028480219150965637,0.002060184471166515,0.013602827937365516,0.5821917808219178,41
2,Uptrend / High-Vol,8h,146,0.005064106382955467,0.005635236436286384,0.015342176490402325,0.636986301369863,41
3,Ranging / Low-Vol,30m,555,1.8342354129673553e-06,0.00026776575405662584,0.004317823632989557,0.518918918918919,41
3,Ranging / Low-Vol,1h,553,0.00014962482388677245,0.00030064012255692774,0.006045571679626533,0.5189873417721519,41
3,Ranging / Low-Vol,2h,551,0.0002856943460012053,0.0004933999175840142,0.008974795527855904,0.52994555353902,41
3,Ranging / Low-Vol,4h,546,-0.0002782257078968883,-0.00018349640383430454,0.013301291881326945,0.49633699633699635,41
3,Ranging / Low-Vol,8h,539,-0.0006561427918162151,-0.0019912375549893113,0.018603594589051777,0.45083487940630795,41
0,Ranging / Low-Vol,30m,631,0.00010663682216405868,-1.5946231728847238e-05,0.004512914471429026,0.49920760697305866,42
0,Ranging / Low-Vol,1h,630,0.00011909203216765955,3.862817949862318e-05,0.00639195153242185,0.5063492063492063,42
0,Ranging / Low-Vol,2h,628,-0.0002546006631304692,-0.00014274835660277319,0.009295659755852346,0.4888535031847134,42
0,Ranging / Low-Vol,4h,624,-0.0005851014092972338,-0.00011033323059450595,0.013732760582142742,0.4967948717948718,42
0,Ranging / Low-Vol,8h,616,-0.0014827386562719783,-0.00106512366104905,0.01933219581848265,0.474025974025974,42
1,Uptrend / High-Vol,30m,108,-0.000741349767361843,-0.0005004719705796745,0.007617095091929049,0.42592592592592593,42
1,Uptrend / High-Vol,1h,108,-0.00157518562431006,-0.000834996081170658,0.009936338944119598,0.4537037037037037,42
1,Uptrend / High-Vol,2h,108,-0.0033490130177744604,-0.0016249917601784958,0.01277670280978734,0.4074074074074074,42
1,Uptrend / High-Vol,4h,106,-0.003986471327462475,-0.0008310055718716569,0.017606429950207367,0.46226415094339623,42
1,Uptrend / High-Vol,8h,104,-0.0036840475746512816,-0.0012932958612204004,0.015878599471086243,0.46153846153846156,42
2,Ranging / Low-Vol,30m,541,0.00011999003187171433,0.0003831570288852504,0.004579470711660663,0.5415896487985212,42
2,Ranging / Low-Vol,1h,540,5.9817710636766175e-05,0.0004031181423860275,0.007089917018852293,0.524074074074074,42
2,Ranging / Low-Vol,2h,538,0.00019481076821784254,0.0006010093264885441,0.010200033290611003,0.5446096654275093,42
2,Ranging / Low-Vol,4h,536,0.0001492205830387347,0.00034061974117527427,0.012923792220486532,0.5130597014925373,42
2,Ranging / Low-Vol,8h,532,-0.0002847344261438428,0.0004033153071558715,0.01911937826888978,0.5075187969924813,42
3,Downtrend / High-Vol,30m,131,-0.000697199062446286,0.0010606593943087717,0.009565968464877148,0.5343511450381679,42
3,Downtrend / High-Vol,1h,131,-0.00015170373133289888,0.0009807533242316424,0.012928816473415638,0.5343511450381679,42
3,Downtrend / High-Vol,2h,131,0.0019225739355131978,0.00159093206400307,0.015599781925033245,0.5648854961832062,42
3,Downtrend / High-Vol,4h,131,0.0023331327893241455,0.003688593744231028,0.0195849290834703,0.5877862595419847,42
3,Downtrend / High-Vol,8h,129,0.00047853823940609307,0.005213533715821228,0.02745345333561587,0.5891472868217055,42
0,Downtrend / High-Vol,30m,74,0.0009168478160928569,0.0012879263559604226,0.007185380888633734,0.6081081081081081,43
0,Downtrend / High-Vol,1h,74,0.0018597960847986296,0.0026772412791800093,0.009558914722029577,0.6621621621621622,43
0,Downtrend / High-Vol,2h,74,0.001701714685322881,0.0006902436639739662,0.01049433879701963,0.5405405405405406,43
0,Downtrend / High-Vol,4h,74,0.0029345170471915464,0.0009027987757610489,0.014581565065168032,0.5405405405405406,43
0,Downtrend / High-Vol,8h,74,0.0077696254619229795,0.005767417817723164,0.01814257710769603,0.6486486486486487,43
1,Ranging / Low-Vol,30m,627,-4.6684245122612626e-05,-8.437406872552344e-05,0.004095754525210718,0.4880382775119617,43
1,Ranging / Low-Vol,1h,627,0.00020110225022908774,-0.00025303272347976247,0.005474793269389398,0.4864433811802233,43
1,Ranging / Low-Vol,2h,625,0.0007157027728909441,9.152339593931913e-05,0.008838353038178103,0.5104,43
1,Ranging / Low-Vol,4h,623,0.0014217153106974678,0.00036273646723827824,0.012705942500018943,0.5168539325842697,43
1,Ranging / Low-Vol,8h,619,0.0030229769015061563,0.0004624651556142112,0.017817758278543348,0.5153473344103393,43
2,Uptrend / High-Vol,30m,177,0.0010137591353247394,0.000552873404615184,0.006252634003229485,0.5536723163841808,43
2,Uptrend / High-Vol,1h,177,0.0016161076694558173,0.0006299666038245277,0.00854834168881516,0.5423728813559322,43
2,Uptrend / High-Vol,2h,177,0.002394843694550618,0.0011375594797353727,0.011256192126441638,0.5932203389830508,43
2,Uptrend / High-Vol,4h,177,0.0025161349911872054,0.0006764279351756386,0.014808869460524206,0.536723163841808,43
2,Uptrend / High-Vol,8h,177,0.002641758640641479,0.0001382766634385746,0.01819962129267266,0.5084745762711864,43
3,Ranging / Low-Vol,30m,609,0.00019124241029854232,2.059413714761149e-05,0.004628465301149142,0.5041050903119869,43
3,Ranging / Low-Vol,1h,608,0.00020609502127393262,-0.0001729575173161635,0.006626923939484961,0.4901315789473684,43
3,Ranging / Low-Vol,2h,608,0.0005921090570418113,7.308313873632954e-05,0.009105802062991225,0.5098684210526315,43
3,Ranging / Low-Vol,4h,606,0.001927004572345031,0.0007868073202468295,0.013729280114974873,0.5495049504950495,43
3,Ranging / Low-Vol,8h,602,0.003942417470908772,0.001444920345676337,0.019596753499820405,0.5564784053156147,43
0,Ranging / Low-Vol,30m,559,-0.0001059302460010266,-0.00045307772524516565,0.004571438321556708,0.4561717352415027,44
0,Ranging / Low-Vol,1h,558,9.090499491310449e-06,-0.0002695696332448705,0.006555821049836647,0.4767025089605735,44
0,Ranging / Low-Vol,2h,558,-0.00021154514459103963,-0.0004765410170159967,0.008917721373936083,0.4731182795698925,44
0,Ranging / Low-Vol,4h,556,-0.00021693616207711563,3.0297810434731787e-05,0.012840013906952925,0.5035971223021583,44
0,Ranging / Low-Vol,8h,556,-0.0003768943732757885,-0.0006085372382598209,0.018282902444990857,0.48201438848920863,44
1,Uptrend / High-Vol,30m,121,-0.00025417583186501143,0.00035551921010323895,0.005306941574935428,0.5206611570247934,44
1,Uptrend / High-Vol,1h,121,-0.0006985593788400024,-0.0004982033480622761,0.006442637466151325,0.45454545454545453,44
1,Uptrend / High-Vol,2h,121,-0.0010186846856198425,-0.0006575569360105504,0.008842049845961928,0.4132231404958678,44
1,Uptrend / High-Vol,4h,121,-0.0025203003441362877,-0.002204706546020674,0.012538713611482748,0.4132231404958678,44
1,Uptrend / High-Vol,8h,120,-0.007326904337138954,-0.005491610718215689,0.018234636030099508,0.35833333333333334,44
2,Ranging / Low-Vol,30m,673,0.00014035125857749474,1.4905610223436838e-05,0.004259497748944135,0.5007429420505201,44
2,Ranging / Low-Vol,1h,673,5.3955684569131234e-05,-0.00021699152638454677,0.005905949217445914,0.4814264487369985,44
2,Ranging / Low-Vol,2h,671,9.557048224173168e-05,3.470908917968529e-05,0.008871348847733333,0.5022354694485842,44
2,Ranging / Low-Vol,4h,669,0.00013587149269172848,-0.00023461620690845564,0.012740208944852612,0.49327354260089684,44
2,Ranging / Low-Vol,8h,667,0.0003441888772775239,-0.0003700056407396346,0.018442386649596243,0.49025487256371814,44
3,Downtrend / High-Vol,30m,86,-0.0009458395890052231,-4.0167071091445905e-05,0.006530664531938427,0.4883720930232558,44
3,Downtrend / High-Vol,1h,86,-0.00123665202800914,-1.0073281226041786e-05,0.008869609282814495,0.5,44
3,Downtrend / High-Vol,2h,86,-0.0012837176775276446,0.00021347675487071172,0.011556920092925109,0.5116279069767442,44
3,Downtrend / High-Vol,4h,86,-0.001804415856420823,-6.95973181024101e-05,0.013990939008086213,0.5,44
3,Downtrend / High-Vol,8h,81,-0.0012506335938715831,-0.0013248841382331733,0.01759019069182476,0.49382716049382713,44
0,Ranging / Low-Vol,30m,578,2.723404528785456e-05,0.00010763870105723328,0.004389825943664597,0.5103806228373703,45
0,Ranging / Low-Vol,1h,578,-9.099322431221778e-05,1.9686623303094564e-05,0.006682466881405654,0.5017301038062284,45
0,Ranging / Low-Vol,2h,577,-0.0006158096308110604,-0.0006812480935955989,0.00929434989827658,0.464471403812825,45
0,Ranging / Low-Vol,4h,577,-0.0016704031327615912,-0.0010605816818554104,0.01474031433047717,0.4506065857885615,45
0,Ranging / Low-Vol,8h,577,-0.002863326313288623,-0.001886979259092314,0.020132959795431716,0.44540727902946275,45
1,Ranging / Low-Vol,30m,673,-0.0002825213546750898,-2.6677831375110372e-05,0.004372319454671609,0.4947994056463596,45
1,Ranging / Low-Vol,1h,672,-0.0003283744385526667,-0.0003192394958864142,0.006137530367306701,0.4791666666666667,45
1,Ranging / Low-Vol,2h,671,-0.00033935436508529364,-0.0005636457780102688,0.00906816345261424,0.47540983606557374,45
1,Ranging / Low-Vol,4h,670,-0.0008684431841219497,-0.00039439078859171417,0.013392701386372094,0.48059701492537316,45
1,Ranging / Low-Vol,8h,669,-0.0020519956194208692,-0.001564031355847817,0.018382355876964067,0.44095665171898357,45
2,Downtrend / High-Vol,30m,123,-0.0005498590359798251,0.000564435724896839,0.012093565725190786,0.5121951219512195,45
2,Downtrend / High-Vol,1h,123,-0.0009664071831278952,2.405843432029542e-05,0.01622392049640142,0.5040650406504065,45
2,Downtrend / High-Vol,2h,123,-0.0006496205265947464,0.0018801507121146699,0.021620015030907477,0.5934959349593496,45
2,Downtrend / High-Vol,4h,120,0.00017473013020556926,0.002851047462563372,0.02271812314954697,0.5583333333333333,45
2,Downtrend / High-Vol,8h,113,-0.0019006218165623125,0.005372239384044519,0.037335294959007725,0.6106194690265486,45
3,Uptrend / High-Vol,30m,113,0.0002076115520868643,-0.0003950879929739415,0.005494255244414873,0.4778761061946903,45
3,Uptrend / High-Vol,1h,113,-0.0003834687865949592,-0.0011040956519376977,0.007086297416049069,0.415929203539823,45
3,Uptrend / High-Vol,2h,113,-0.0016597893981992902,-0.0018784643983753568,0.00886885387128151,0.37168141592920356,45
3,Uptrend / High-Vol,4h,113,-0.001651445893420087,-0.0019822679641290364,0.011219708972743877,0.415929203539823,45
3,Uptrend / High-Vol,8h,113,-0.0003305102511046648,-0.000788977052303963,0.01637617558096798,0.48672566371681414,45
0,Ranging / Low-Vol,30m,572,-0.00015401926080990883,2.4772911042525436e-05,0.004626043544475339,0.5,46
0,Ranging / Low-Vol,1h,572,-0.00020801746395182307,3.6422249435119625e-05,0.006757247330695648,0.5017482517482518,46
0,Ranging / Low-Vol,2h,570,-0.00051687761785314,-0.00015270740940742655,0.00968024985600325,0.48771929824561405,46
0,Ranging / Low-Vol,4h,569,-0.0011473598856145384,-8.516130976587988e-05,0.013845353032040267,0.4973637961335677,46
0,Ranging / Low-Vol,8h,568,-0.002239166160103606,-3.473111653207184e-05,0.019087712251568013,0.4964788732394366,46
1,Uptrend / High-Vol,30m,108,0.0003839330142166658,-0.0003245326654797154,0.006311547210646165,0.48148148148148145,46
1,Uptrend / High-Vol,1h,108,-0.0003357698590317985,-0.0014897925178241067,0.008777353958142666,0.4166666666666667,46
1,Uptrend / High-Vol,2h,108,-0.0006150742105579203,-0.002924519066977993,0.012120358509098943,0.37962962962962965,46
1,Uptrend / High-Vol,4h,108,-0.00016845116033136086,-0.0010047491709848089,0.01708969130228838,0.46296296296296297,46
1,Uptrend / High-Vol,8h,102,-0.00425017685915112,-0.003588477121192035,0.022222112724020575,0.3431372549019608,46
2,Downtrend / High-Vol,30m,153,-0.0009044117170047098,-6.085226864094295e-05,0.008773628839625562,0.49673202614379086,46
2,Downtrend / High-Vol,1h,153,-0.0014834450127946227,0.00013450265147518792,0.011529504367959617,0.5098039215686274,46
2,Downtrend / High-Vol,2h,153,-0.0019223733580972459,-0.0016424267032970619,0.015056199059308903,0.43137254901960786,46
2,Downtrend / High-Vol,4h,153,-0.001635922305434671,-0.00040227447535201577,0.021383919732099542,0.48366013071895425,46
2,Downtrend / High-Vol,8h,153,-0.0011629978701426483,-0.004556408093955966,0.03214376133597595,0.43790849673202614,46
3,Ranging / Low-Vol,30m,654,-3.0003087085555203e-06,4.198121725806914e-06,0.00396603269329261,0.5015290519877675,46
3,Ranging / Low-Vol,1h,653,1.250154065800387e-06,0.0001219624201880265,0.005938288569619083,0.5099540581929556,46
3,Ranging / Low-Vol,2h,653,-0.00018007237090593298,0.00010304486018597458,0.008562857780309416,0.5022970903522205,46
3,Ranging / Low-Vol,4h,650,-0.0009894294371605985,-0.000505090499316907,0.012633754824637904,0.47846153846153844,46
3,Ranging / Low-Vol,8h,649,-0.0020240235071911908,-0.0004290182370425555,0.018183000619416606,0.48536209553158705,46
0,Ranging / Low-Vol,30m,492,0.00010758558515220033,0.0002585925389944066,0.004989778546387377,0.532520325203252,47
0,Ranging / Low-Vol,1h,492,0.00020181406245212773,7.736753931908424e-05,0.006506235575676965,0.5020325203252033,47
0,Ranging / Low-Vol,2h,492,0.00047977272666571203,0.00021597174499277116,0.00982411932627023,0.508130081300813,47
0,Ranging / Low-Vol,4h,492,0.0007438986905457492,0.00045130119545788716,0.01479569308781059,0.5264227642276422,47
0,Ranging / Low-Vol,8h,492,0.001635776218182421,0.0010030492537751456,0.021479548769841744,0.5304878048780488,47
1,Downtrend / High-Vol,30m,141,0.00028229936118557165,0.0002423610649859853,0.007094896197905858,0.5106382978723404,47
1,Downtrend / High-Vol,1h,141,0.0007348193748845218,0.0003633533119167254,0.009200600871114873,0.5460992907801419,47
1,Downtrend / High-Vol,2h,141,7.153867269336656e-05,-0.0007084909615624468,0.012533695131996222,0.48936170212765956,47
1,Downtrend / High-Vol,4h,141,-0.0007740796991757071,-0.000653517119488356,0.016305601634793065,0.48936170212765956,47
1,Downtrend / High-Vol,8h,140,-0.002481343950325281,-0.0009679844985246433,0.024425747068283755,0.4857142857142857,47
2,Ranging / Low-Vol,30m,564,-0.00015174678742658758,-0.0001239612968246817,0.004513295537887273,0.4769503546099291,47
2,Ranging / Low-Vol,1h,564,-0.0002393462556595357,-5.192595307423886e-05,0.0073194405466852725,0.49645390070921985,47
2,Ranging / Low-Vol,2h,564,-3.6566672456056844e-05,0.00020982901735955295,0.010640552409468778,0.5195035460992907,47
2,Ranging / Low-Vol,4h,564,9.393439361903138e-05,0.0007173247699450158,0.015360466080170472,0.5283687943262412,47
2,Ranging / Low-Vol,8h,564,0.0012772037755789366,0.0010608605629620627,0.022775952658556985,0.5443262411347518,47
3,Uptrend / High-Vol,30m,146,0.000744353513022355,5.599351999041602e-05,0.006980821538643606,0.5068493150684932,47
3,Uptrend / High-Vol,1h,145,0.0011385640420098655,-0.00041208291205308,0.010307101574470949,0.46206896551724136,47
3,Uptrend / High-Vol,2h,143,0.0015007790092335562,0.00013036313495895513,0.013601520295422949,0.5314685314685315,47
3,Uptrend / High-Vol,4h,139,0.0032478416226723052,0.0023760849030587394,0.018315499699150473,0.5611510791366906,47
3,Uptrend / High-Vol,8h,132,0.0010130720941277699,0.000628318668001171,0.026550071761284308,0.5227272727272727,47
0,Ranging / Low-Vol,30m,589,6.609803256067073e-05,0.00012365297287786348,0.004311695225757415,0.5093378607809848,48
0,Ranging / Low-Vol,1h,588,0.00018212944520129974,9.472079304195802e-05,0.005925604584835979,0.5051020408163265,48
0,Ranging / Low-Vol,2h,586,0.0004575284864135537,0.00040448293817796355,0.008615164429439076,0.5290102389078498,48
0,Ranging / Low-Vol,4h,586,0.0008550625221507696,0.00033790777622755286,0.012390759298150906,0.5204778156996587,48
0,Ranging / Low-Vol,8h,583,0.0006130837768712111,0.00023531023006384544,0.0174984997711159,0.5231560891938251,48
1,Downtrend / High-Vol,30m,90,-0.0010294150172228654,-0.0008371916609242191,0.00677142796590923,0.45555555555555555,48
1,Downtrend / High-Vol,1h,90,-0.0017305068126894105,-0.0005480518145182245,0.010123060369835516,0.45555555555555555,48
1,Downtrend / High-Vol,2h,90,-0.0019236414224642296,-0.0014705757304520617,0.013560526424292807,0.43333333333333335,48
1,Downtrend / High-Vol,4h,90,-0.0005773987996179268,-0.00014714140719451763,0.016578499725823186,0.4888888888888889,48
1,Downtrend / High-Vol,8h,87,0.003729355608967758,0.005291274043321081,0.019964004505316088,0.5747126436781609,48
2,Ranging / Low-Vol,30m,713,0.00011523507321237776,0.00014763649478766183,0.0039096770912311705,0.514726507713885,48
2,Ranging / Low-Vol,1h,713,0.00025287285366725935,0.0003440306467261678,0.0059143303581046455,0.5399719495091164,48
2,Ranging / Low-Vol,2h,713,0.00037914390084940785,9.408636755026123e-05,0.008191949096230354,0.5091164095371669,48
2,Ranging / Low-Vol,4h,709,0.0006050447958792901,0.0005377586046506622,0.011526384576372626,0.535966149506347,48
2,Ranging / Low-Vol,8h,707,0.0006011048999823923,0.00019270366554380303,0.017201320059071188,0.5077793493635078,48
3,Uptrend / High-Vol,30m,95,0.00020569798500883065,-0.00021015384876754695,0.005768784691779319,0.49473684210526314,48
3,Uptrend / High-Vol,1h,95,-0.0003816387648919766,-0.0011532183273459395,0.007967350798715246,0.4631578947368421,48
3,Uptrend / High-Vol,2h,95,-0.001650392326940775,-0.0002050108103794912,0.0111379486466821,0.47368421052631576,48
3,Uptrend / High-Vol,4h,95,-0.004534748504697274,-0.002235771557538513,0.014824101673101744,0.42105263157894735,48
3,Uptrend / High-Vol,8h,95,-0.002319636288149222,-3.6061759930205994e-05,0.014652604507651214,0.49473684210526314,48
0,Ranging / Low-Vol,30m,717,-0.00010182926098411799,0.00012889773499047408,0.0032830164360183665,0.5132496513249651,49
0,Ranging / Low-Vol,1h,717,-0.0002441962689908748,0.0002591733335517432,0.004768905573237537,0.5369595536959554,49
0,Ranging / Low-Vol,2h,716,-0.0003986624082504229,0.00019543218358908376,0.006590807767903808,0.520949720670391,49
0,Ranging / Low-Vol,4h,713,-0.0008154970181958817,0.00017550903624119485,0.010054449672163884,0.520336605890603,49
0,Ranging / Low-Vol,8h,709,-0.001750250086941075,-0.00011075218412948118,0.014879632985033349,0.4936530324400564,49
1,Uptrend / High-Vol,30m,49,0.00040709356386685016,0.00033014991169189045,0.00530913873668304,0.5102040816326531,49
1,Uptrend / High-Vol,1h,49,0.000755622141410482,-0.00033456090277894646,0.0069911243883569955,0.4489795918367347,49
1,Uptrend / High-Vol,2h,49,-0.0003055519504558617,4.002309407802329e-05,0.009359421550300217,0.5102040816326531,49
1,Uptrend / High-Vol,4h,49,0.0005143377696332456,0.0008805092903756417,0.011402483159696565,0.5510204081632653,49
1,Uptrend / High-Vol,8h,49,0.0002363850976821401,-0.00025247257410754287,0.014303909893002991,0.4897959183673469,49
2,Downtrend / High-Vol,30m,71,-0.00046118918175775943,6.804676225691253e-05,0.004866724947260354,0.5070422535211268,49
2,Downtrend / High-Vol,1h,70,-0.000759812090171457,-0.0008024067063097107,0.00597352671908172,0.44285714285714284,49
2,Downtrend / High-Vol,2h,70,-0.0020996219980748774,-0.0015895257059179713,0.007684280298151672,0.4,49
2,Downtrend / High-Vol,4h,70,-0.003958450454550087,-0.003556863851574832,0.0089372062035805,0.4142857142857143,49
2,Downtrend / High-Vol,8h,70,-0.0035155687238488703,-0.0013552967325782816,0.012934048177986624,0.45714285714285713,49
3,Ranging / Low-Vol,30m,602,-0.00017691298845009244,-7.867074738676649e-05,0.0037308699759564714,0.4867109634551495,49
3,Ranging / Low-Vol,1h,602,-0.00031386103107683953,-0.0001660626956843103,0.005164046298304013,0.4867109634551495,49
3,Ranging / Low-Vol,2h,601,-0.00042851342455262325,1.9785299819830016e-05,0.007641083589941721,0.5008319467554077,49
3,Ranging / Low-Vol,4h,600,-0.0007832634425459458,1.2948106559385053e-05,0.010529354587840406,0.5,49
3,Ranging / Low-Vol,8h,596,-0.0017799726048684365,-0.0006054393320287232,0.015266653313171629,0.4597315436241611,49
0,Uptrend / High-Vol,30m,127,-1.630050330488392e-05,0.000394873505527471,0.009456514918731208,0.5196850393700787,50
0,Uptrend / High-Vol,1h,127,-0.0007686718369815666,-0.00028475540406347477,0.013267188231854965,0.48031496062992124,50
0,Uptrend / High-Vol,2h,127,-0.00206028508345087,-0.0020063586588232596,0.015507312121785667,0.4251968503937008,50
0,Uptrend / High-Vol,4h,127,-0.0027632958483519575,-0.004230767393719859,0.01856232089608042,0.3779527559055118,50
0,Uptrend / High-Vol,8h,125,-0.005838651579915251,-0.0030781848479541907,0.02415996036606014,0.424,50
1,Ranging / Low-Vol,30m,548,-0.00021188540607978705,7.993599474609425e-05,0.004651238500231032,0.5054744525547445,50
1,Ranging / Low-Vol,1h,548,3.192898452229034e-05,0.0004124910737095533,0.006451846931374647,0.5346715328467153,50
1,Ranging / Low-Vol,2h,547,-0.0003264291193680234,-8.973967004699546e-05,0.009331662775416204,0.4936014625228519,50
1,Ranging / Low-Vol,4h,547,-0.0008815051344135202,-0.0002041820994236332,0.013216339731478247,0.489945155393053,50
1,Ranging / Low-Vol,8h,544,-0.0024245572153036576,-0.000470853929433801,0.019860944444909656,0.49080882352941174,50
2,Downtrend / High-Vol,30m,208,-0.00010434492126360367,-0.0009931856051821342,0.01080556737572372,0.47115384615384615,50
2,Downtrend / High-Vol,1h,208,0.00015414682770803918,0.00035744944498983244,0.015206514513365259,0.5240384615384616,50
2,Downtrend / High-Vol,2h,208,0.00040116663015133693,0.002081066567908074,0.021135059150165867,0.5576923076923077,50
2,Downtrend / High-Vol,4h,208,-0.0021573447062683826,0.0021628300896869845,0.027103667868347486,0.5528846153846154,50
2,Downtrend / High-Vol,8h,208,-0.0026100324545913402,0.0008120319143172239,0.033335041976111236,0.5288461538461539,50
3,Ranging / Low-Vol,30m,604,-4.7170919623834024e-05,-0.0001669740998337943,0.004194523689581245,0.48344370860927155,50
3,Ranging / Low-Vol,1h,603,-0.0004768931708400388,-0.0004918856878681765,0.006118107580088563,0.4577114427860697,50
3,Ranging / Low-Vol,2h,602,-0.0005333904493088133,-0.00013450978577012052,0.008617207545956693,0.49169435215946844,50
3,Ranging / Low-Vol,4h,598,-0.00018225831685268586,4.058983136001615e-05,0.011928333796690121,0.5016722408026756,50
3,Ranging / Low-Vol,8h,595,-0.0003229407036447967,0.0005830840405636195,0.017400482665092927,0.5294117647058824,50
0,Ranging / Low-Vol,30m,536,-0.0005183043325185775,-0.00012111852949914237,0.0049757034273843785,0.47761194029850745,51
0,Ranging / Low-Vol,1h,536,-0.0006776731979849615,-0.0002775845796252341,0.007464505069713328,0.47388059701492535,51
0,Ranging / Low-Vol,2h,535,-0.0017678394664948282,-0.0011271602034454986,0.010769121735024307,0.4355140186915888,51
0,Ranging / Low-Vol,4h,533,-0.002824690477893733,-0.0008364112761611864,0.01587621980846567,0.46716697936210133,51
0,Ranging / Low-Vol,8h,530,-0.00526492323326142,-0.0016736460545017096,0.02316846499473676,0.44528301886792454,51
1,Downtrend / High-Vol,30m,329,-0.0008952219517693288,-0.00012004474409543775,0.010696965247482747,0.49544072948328266,51
1,Downtrend / High-Vol,1h,329,-0.0014590666220940629,-0.0013082734205287494,0.014738324553469219,0.44680851063829785,51
1,Downtrend / High-Vol,2h,329,-0.0018867473008497213,-0.0017560332696628933,0.02074311702353741,0.44376899696048633,51
1,Downtrend / High-Vol,4h,327,-0.002646854518208539,-0.0022624170224574414,0.029156684293800854,0.43730886850152906,51
1,Downtrend / High-Vol,8h,327,-0.006909180391899359,-0.004809635297762682,0.03754239759314623,0.4036697247706422,51
2,Uptrend / High-Vol,30m,145,0.0006866380018776103,-2.8218620235165304e-05,0.008594567130104995,0.496551724137931,51
2,Uptrend / High-Vol,1h,145,0.00033818037106477525,-0.0015413283492158314,0.01244331385449705,0.4068965517241379,51
2,Uptrend / High-Vol,2h,145,-0.0004834227329131761,-0.0017615465194307234,0.016729687960401543,0.4413793103448276,51
2,Uptrend / High-Vol,4h,145,-0.003697419871794778,-0.003504082402255193,0.02139657713912071,0.4068965517241379,51
2,Uptrend / High-Vol,8h,145,-0.006674591108024208,-0.008387819701869859,0.028923355134735918,0.41379310344827586,51
3,Ranging / Low-Vol,30m,429,1.242957484557585e-05,0.00010314657645160707,0.005175890218081687,0.5128205128205128,51
3,Ranging / Low-Vol,1h,428,-0.00044769833548118126,2.0867709844551996e-05,0.006780294667392122,0.5023364485981309,51
3,Ranging / Low-Vol,2h,427,-0.0009369850824046994,-0.00017549880493383796,0.010272420851603755,0.49414519906323184,51
3,Ranging / Low-Vol,4h,427,-0.0028325316114303804,-0.0003630876375755321,0.016160347640988674,0.477751756440281,51
3,Ranging / Low-Vol,8h,422,-0.005058211360585146,-0.0010792778762187538,0.02147679594932015,0.466824644549763,51
0,Ranging / Low-Vol,30m,649,-3.464920018959493e-05,6.573896468253793e-05,0.004875827273689958,0.5115562403697997,52
0,Ranging / Low-Vol,1h,648,4.265588815748838e-05,-9.894488074824181e-05,0.006654920030564024,0.4876543209876543,52
0,Ranging / Low-Vol,2h,648,0.00034386460442856925,0.00013721062349869584,0.009704009050464129,0.5092592592592593,52
0,Ranging / Low-Vol,4h,645,0.0003690525559377465,0.00016797349455544008,0.013138744516210105,0.5085271317829457,52
0,Ranging / Low-Vol,8h,641,0.0016064765658331587,0.0011239708618138167,0.01967248474968389,0.5273010920436817,52
1,Uptrend / High-Vol,30m,200,0.00022054358166331055,2.903436363244083e-05,0.007445035096820488,0.51,52
1,Uptrend / High-Vol,1h,200,-3.75092276358302e-05,-0.0009165020746184638,0.01033298601647921,0.455,52
1,Uptrend / High-Vol,2h,200,0.0001487113394237305,-0.0012374957354568394,0.014302838923047123,0.43,52
1,Uptrend / High-Vol,4h,200,0.001246763991870763,-0.00038724647541421575,0.019762498162210828,0.48,52
1,Uptrend / High-Vol,8h,200,0.0004486873987994144,-0.0016970199485353277,0.02395365140872913,0.46,52
2,Ranging / Low-Vol,30m,508,0.00022545086745839532,2.2042553161405465e-05,0.004871797822887721,0.5039370078740157,52
2,Ranging / Low-Vol,1h,508,0.0005161607119494259,0.0006637219072489486,0.007089494646636611,0.5492125984251969,52
2,Ranging / Low-Vol,2h,508,0.0006238272849896065,-0.00013873917969497995,0.009277444795026592,0.4940944881889764,52
2,Ranging / Low-Vol,4h,507,0.0018448826511481631,0.0011228482051333089,0.013626459215545138,0.5562130177514792,52
2,Ranging / Low-Vol,8h,503,0.002814929046892868,0.001493034742541255,0.02036087229645402,0.5447316103379721,52
3,Downtrend / High-Vol,30m,130,-6.131562539813182e-05,-0.00016151186783908145,0.00510603472776577,0.46153846153846156,52
3,Downtrend / High-Vol,1h,130,-0.00011124267514824955,0.00015152580193245058,0.007233987754942873,0.5076923076923077,52
3,Downtrend / High-Vol,2h,128,-0.0002478924470507987,0.0019366241430303077,0.011053032167339306,0.5625,52
3,Downtrend / High-Vol,4h,128,-0.001771975828316369,-0.00037500033942805544,0.01662764942028365,0.484375,52
3,Downtrend / High-Vol,8h,128,0.001968803697797311,0.0020452310696903453,0.019824135089359107,0.5625,52
0,Uptrend / High-Vol,30m,53,-6.207919530794068e-05,0.0005061474394025822,0.004577508397527323,0.5849056603773585,53
0,Uptrend / High-Vol,1h,53,-0.0008945842699621021,-0.0002241686290815892,0.007737794270076069,0.49056603773584906,53
0,Uptrend / High-Vol,2h,53,-0.0025633505706064196,-0.0009017856173407779,0.012339184427899191,0.4528301886792453,53
0,Uptrend / High-Vol,4h,53,-0.0067727215460390644,-0.003489483528591464,0.016312244030938238,0.37735849056603776,53
0,Uptrend / High-Vol,8h,53,-0.0073711131345164296,-0.002278675086405002,0.018449589165182433,0.41509433962264153,53
1,Ranging / Mid-Vol,30m,750,-0.0002288385747229995,-0.00017432998731781169,0.0032740958701191866,0.4666666666666667,53
1,Ranging / Mid-Vol,1h,750,-8.738163504969047e-05,-9.439399427080275e-05,0.004602206733757182,0.49066666666666664,53
1,Ranging / Mid-Vol,2h,749,-0.0003623504408211281,-0.00017337100419645424,0.006974665962471378,0.48464619492656874,53
1,Ranging / Mid-Vol,4h,745,-0.0007927209429427545,-0.00034257214196742325,0.009833171496213204,0.48053691275167787,53
1,Ranging / Mid-Vol,8h,740,-0.0014379356736026825,-0.001704162245047769,0.013769918100415593,0.41621621621621624,53
2,Ranging / Low-Vol,30m,616,0.00015426478799590942,0.0001311813060196343,0.003996887044815137,0.5211038961038961,53
2,Ranging / Low-Vol,1h,615,-0.000122308332099067,-1.7616940121811808e-05,0.005825738420931815,0.4991869918699187,53
2,Ranging / Low-Vol,2h,614,-0.0001354084917989981,7.397025258004675e-05,0.007829119399319422,0.503257328990228,53
2,Ranging / Low-Vol,4h,614,-0.00017430937143963446,-2.179223028786481e-05,0.010919557887119983,0.498371335504886,53
2,Ranging / Low-Vol,8h,611,-0.000719884697327211,-0.0005156272493902492,0.014874633258752091,0.4713584288052373,53
3,Downtrend / High-Vol,30m,68,-0.0010676072104117368,-0.0005522033607299193,0.0056897157872903194,0.4411764705882353,53
3,Downtrend / High-Vol,1h,68,-0.001760010984574541,-0.0007300942913328612,0.007558054408970625,0.4264705882352941,53
3,Downtrend / High-Vol,2h,68,-0.001763908539789661,-0.0014030852746182987,0.009203592909922906,0.4117647058823529,53
3,Downtrend / High-Vol,4h,68,-0.0019575421728275874,-0.001041635659149165,0.011215263761517248,0.4264705882352941,53
3,Downtrend / High-Vol,8h,68,-0.007123171361012664,-0.004346460764621085,0.017507668231883936,0.39705882352941174,53
0,Ranging / Mid-Vol,30m,664,-4.397879192506509e-05,4.740855333640326e-05,0.004461949287243588,0.5075301204819277,54
0,Ranging / Mid-Vol,1h,663,3.4361809985340585e-05,-2.308329607458859e-05,0.005775458814208366,0.497737556561086,54
0,Ranging / Mid-Vol,2h,662,-0.0001002220590331665,7.12125341699732e-05,0.00885976374696592,0.5060422960725075,54
0,Ranging / Mid-Vol,4h,659,-0.0003124077131614116,-4.789854525633075e-05,0.01235777600416043,0.4977238239757208,54
0,Ranging / Mid-Vol,8h,656,-0.0009336633245059566,0.0002666541662019739,0.01866477907436636,0.5152439024390244,54
1,Downtrend / High-Vol,30m,112,-0.0006841951918886226,0.00017533079442255683,0.006839624767734969,0.5089285714285714,54
1,Downtrend / High-Vol,1h,112,-0.0014088818874507128,0.00014019110308183258,0.009390321883729803,0.5089285714285714,54
1,Downtrend / High-Vol,2h,112,-0.002416675889025293,0.000400728919831117,0.012630170804350374,0.5357142857142857,54
1,Downtrend / High-Vol,4h,111,-0.003727904232842972,8.071972647805126e-05,0.01623626661506768,0.5045045045045045,54
1,Downtrend / High-Vol,8h,110,-0.00021193961828492162,0.0011410976984960186,0.024084920033233974,0.5454545454545454,54
2,Ranging / Low-Vol,30m,544,0.0001595117025948461,0.00022601441391500998,0.003639197287708637,0.5386029411764706,54
2,Ranging / Low-Vol,1h,544,0.00013374591430561372,0.00011315105220432997,0.00603851071314508,0.5147058823529411,54
2,Ranging / Low-Vol,2h,543,0.00027757098435661297,-3.5834427034586724e-05,0.009102593690051368,0.4972375690607735,54
2,Ranging / Low-Vol,4h,543,-4.568403701472646e-05,-0.0002560393667163652,0.013774658850976222,0.49171270718232046,54
2,Ranging / Low-Vol,8h,542,-0.0005967532479640788,-6.211145420831343e-05,0.020625339181762393,0.496309963099631,54
3,Uptrend / High-Vol,30m,119,-0.00012698412870659198,0.00047573113565668734,0.008906308533760348,0.5378151260504201,54
3,Uptrend / High-Vol,1h,119,-2.5128215625613848e-05,-0.0012045862433716081,0.009977005470301906,0.47058823529411764,54
3,Uptrend / High-Vol,2h,119,0.0003827077145813921,-0.0008123308465037837,0.012420912554752596,0.48739495798319327,54
3,Uptrend / High-Vol,4h,119,0.0030505566044636855,0.0038002235421359387,0.016731063170898078,0.6554621848739496,54
3,Uptrend / High-Vol,8h,116,0.004779606688933402,0.004824537562917008,0.021459086524922778,0.603448275862069,54
0,Ranging / Mid-Vol,30m,791,-6.835778842065325e-05,-6.689270179727203e-05,0.0026318282763827115,0.48419721871049304,55
0,Ranging / Mid-Vol,1h,791,-5.125796172772164e-06,-1.74230311973389e-05,0.0037754753615597434,0.4943109987357775,55
0,Ranging / Mid-Vol,2h,790,-8.085910967657015e-05,-0.00011787316466804754,0.00504679247806656,0.479746835443038,55
0,Ranging / Mid-Vol,4h,786,-5.5918493335361687e-05,-9.90648024679075e-05,0.0070002891565715325,0.4910941475826972,55
0,Ranging / Mid-Vol,8h,780,0.00015100171719473483,-0.0006251041573612781,0.009375770642812174,0.45,55
1,Downtrend / High-Vol,30m,18,0.0009231484844647556,0.0003245129131910218,0.003578932724457351,0.5555555555555556,55
1,Downtrend / High-Vol,1h,18,0.0026869704509330855,0.0019383648132986764,0.005743020930412662,0.6666666666666666,55
1,Downtrend / High-Vol,2h,18,0.0040801078516431565,0.0017084229191626221,0.012227549767207106,0.6666666666666666,55
1,Downtrend / High-Vol,4h,18,0.005724632672010917,0.00019219989195828902,0.019914542735397625,0.5,55
1,Downtrend / High-Vol,8h,18,0.015176340461732392,0.004610087492888937,0.023279260709493713,0.6111111111111112,55
2,Ranging / Low-Vol,30m,622,6.210908470265565e-05,0.00011167588794780414,0.002934283112337081,0.5209003215434084,55
2,Ranging / Low-Vol,1h,621,-5.607159727396878e-05,1.774109892593856e-05,0.003825630808525773,0.5024154589371981,55
2,Ranging / Low-Vol,2h,620,0.0001235149948419735,-4.541749637088088e-05,0.005073949502413036,0.4967741935483871,55
2,Ranging / Low-Vol,4h,620,0.00027179488495268725,8.378623716964739e-05,0.006995250830759661,0.5096774193548387,55
2,Ranging / Low-Vol,8h,618,0.0001174554223750212,-0.0004838603386563278,0.010176915608439724,0.4546925566343042,55
3,Uptrend / High-Vol,30m,56,0.0009073341827972671,0.0004609196567271212,0.003968216870326238,0.5892857142857143,55
3,Uptrend / High-Vol,1h,56,0.0017291446219299203,0.0008099427451959684,0.005182345418863556,0.5892857142857143,55
3,Uptrend / High-Vol,2h,56,0.0022775686740965323,8.071356358829718e-05,0.008453301966187278,0.5,55
3,Uptrend / High-Vol,4h,56,0.0033310004316160807,0.0013644426565599943,0.011429882174945616,0.5892857142857143,55
3,Uptrend / High-Vol,8h,56,0.006846945549886392,0.005640306637720194,0.013022982085240518,0.5892857142857143,55
0,Ranging / Mid-Vol,30m,683,-0.0001315797073437325,-0.0001050811571730037,0.004614683592967499,0.4802342606149341,56
0,Ranging / Mid-Vol,1h,683,-4.339401378255741e-05,-3.902655757848095e-05,0.005994636523680207,0.493411420204978,56
0,Ranging / Mid-Vol,2h,682,-0.0004750632477905747,-0.0002575937684463625,0.00786267633085269,0.4604105571847507,56
0,Ranging / Mid-Vol,4h,679,-0.00019163437350151364,-0.00018558355467668264,0.010787607487781781,0.4889543446244477,56
0,Ranging / Mid-Vol,8h,676,-0.0019154417674729113,-0.0009100595974800285,0.016713321524379283,0.45710059171597633,56
1,Ranging / Low-Vol,30m,537,0.00012067149905246652,5.312040102367632e-05,0.0032674057589207168,0.5195530726256983,56
1,Ranging / Low-Vol,1h,536,-4.965527635302838e-05,-2.1433640098322826e-06,0.005358573667819157,0.498134328358209,56
1,Ranging / Low-Vol,2h,535,-7.879566082127843e-05,-0.0001034588511821255,0.007318777510229957,0.491588785046729,56
1,Ranging / Low-Vol,4h,534,-0.0011552203492168202,-0.0007316707547726509,0.009744415695233452,0.4419475655430712,56
1,Ranging / Low-Vol,8h,531,-0.0017619192931779644,-0.0014536899420249938,0.01433795948210335,0.455743879472693,56
2,Uptrend / High-Vol,30m,68,-0.0007792807889270706,-0.0010768182151927874,0.006609771073759166,0.4117647058823529,56
2,Uptrend / High-Vol,1h,68,-0.0011806488369668976,-0.0017865537451067226,0.008636035744492301,0.4264705882352941,56
2,Uptrend / High-Vol,2h,68,-0.0005954064100032382,-0.0004096350157842821,0.013371135249573349,0.45588235294117646,56
2,Uptrend / High-Vol,4h,68,-0.0015748161991973042,-0.001474411015999877,0.015933379468638834,0.39705882352941174,56
2,Uptrend / High-Vol,8h,66,0.0060196857942570224,0.000911266166506941,0.023643207275180777,0.5303030303030303,56
3,Downtrend / High-Vol,30m,151,-0.0006446131564192472,-0.00025529441719385204,0.011243603858351624,0.4768211920529801,56
3,Downtrend / High-Vol,1h,151,-0.001414489367765042,0.0003440987105669535,0.016137430893766326,0.5099337748344371,56
3,Downtrend / High-Vol,2h,151,-0.002017585146467042,4.929708592804616e-05,0.023100386348076703,0.5033112582781457,56
3,Downtrend / High-Vol,4h,151,-0.003914964548592035,0.0004960114521406211,0.0302820720389454,0.5364238410596026,56
3,Downtrend / High-Vol,8h,151,-0.007824527529905485,-0.00131318487118115,0.03445793124301232,0.48344370860927155,56
0,Ranging / Low-Vol,30m,682,2.1989116874166783e-05,-1.1056384647822881e-05,0.001804671797232648,0.49560117302052786,57
0,Ranging / Low-Vol,1h,682,1.5859485907474683e-05,9.84665933314588e-05,0.0026614081260176027,0.532258064516129,57
0,Ranging / Low-Vol,2h,680,-0.00015366572569056275,0.0001542469545707803,0.003808125900806823,0.5279411764705882,57
0,Ranging / Low-Vol,4h,677,-0.0002931646517984043,-3.5654140564389536e-06,0.005183167998308382,0.49926144756277696,57
0,Ranging / Low-Vol,8h,674,-0.0005182920678444879,-0.00016993593546477115,0.007740669231704723,0.4807121661721068,57
1,Uptrend / High-Vol,30m,14,0.0003406686995367027,-0.0005964650441185881,0.004680322826199779,0.42857142857142855,57
1,Uptrend / High-Vol,1h,14,-0.00011541718156087606,-0.0003594433871256797,0.005306750167784988,0.35714285714285715,57
1,Uptrend / High-Vol,2h,14,-0.00041829582103312745,-0.0011640304917257538,0.005279506399877696,0.35714285714285715,57
1,Uptrend / High-Vol,4h,14,0.005064878129026086,-0.0004037460295664985,0.0139055817831877,0.5,57
1,Uptrend / High-Vol,8h,14,0.0034350558129617576,0.0008442203297924777,0.008784932329482659,0.6428571428571429,57
2,Downtrend / High-Vol,30m,8,-0.002106854705712591,-0.001699769647180105,0.003961681048572952,0.375,57
2,Downtrend / High-Vol,1h,8,-0.00198003142606451,-0.0020769369628332868,0.005240454324909137,0.375,57
2,Downtrend / High-Vol,2h,8,-0.0006667432832783149,0.00029147074420610153,0.005537336842736111,0.5,57
2,Downtrend / High-Vol,4h,8,-0.0017271345470395438,-0.0014128929409116253,0.0050556425249042025,0.5,57
2,Downtrend / High-Vol,8h,8,-0.010410498090233311,-0.010263893488682285,0.006923766268069572,0.0,57
3,Ranging / Mid-Vol,30m,783,-5.366520901398679e-05,-5.8332830398910573e-05,0.0018294473794215685,0.4674329501915709,57
3,Ranging / Mid-Vol,1h,782,-8.988190567132888e-05,-3.609472299537231e-05,0.0027575770486181228,0.4936061381074169,57
3,Ranging / Mid-Vol,2h,782,-3.974694377873979e-05,-1.4826410438928406e-05,0.003783489810833604,0.49872122762148335,57
3,Ranging / Mid-Vol,4h,781,-0.0001814363836245834,5.12094053917167e-05,0.0048275875755595535,0.5096030729833547,57
3,Ranging / Mid-Vol,8h,776,-0.00019705275487721396,-8.578292999583681e-05,0.007162423969462188,0.49226804123711343,57
0,Downtrend / High-Vol,30m,28,0.0009611213129464399,0.0016954544942286986,0.0063332077464139215,0.6428571428571429,58
0,Downtrend / High-Vol,1h,28,0.0025470602671770087,0.0021426696774851095,0.006457201192226811,0.75,58
0,Downtrend / High-Vol,2h,28,0.004865751486310125,0.00393815779273865,0.0066309331167422976,0.7857142857142857,58
0,Downtrend / High-Vol,4h,28,0.004381401475892182,0.0029406870551484943,0.009270837879406765,0.6785714285714286,58
0,Downtrend / High-Vol,8h,28,0.002820489711461871,0.005187293787230374,0.009311758512847186,0.6785714285714286,58
1,Ranging / Low-Vol,30m,744,9.175746186647095e-05,-1.7747174775983865e-05,0.0025406004396329113,0.4932795698924731,58
1,Ranging / Low-Vol,1h,743,0.0004573031986661789,0.00020622646834844716,0.004256059924823969,0.5437415881561238,58
1,Ranging / Low-Vol,2h,742,0.0009203086286209588,0.00030925195763575886,0.00608718097514692,0.5485175202156334,58
1,Ranging / Low-Vol,4h,741,0.0017163125302661314,0.0005858790691739557,0.009183639848642604,0.5695006747638327,58
1,Ranging / Low-Vol,8h,736,0.003216857013388016,0.0012028446129974668,0.013190491903320136,0.59375,58
2,Ranging / Low-Vol,30m,645,0.00029922401748816576,0.00020408176656694366,0.0033188884186957286,0.5627906976744186,58
2,Ranging / Low-Vol,1h,645,0.00017759012128010893,0.00012435327346160818,0.004048271380235979,0.5333333333333333,58
2,Ranging / Low-Vol,2h,644,0.0003544363519611946,0.0002680423468532922,0.005993902160602942,0.532608695652174,58
2,Ranging / Low-Vol,4h,641,0.001287943021242134,0.00047262056493835303,0.008470511430826276,0.5429017160686428,58
2,Ranging / Low-Vol,8h,638,0.003653421962664415,0.0016869061776096927,0.012616565227629079,0.6159874608150471,58
3,Uptrend / High-Vol,30m,70,0.0006672354649586408,0.00022240400904216528,0.007138996548499614,0.5142857142857142,58
3,Uptrend / High-Vol,1h,70,0.0020610164948247143,0.0013806629189323516,0.0100821435628239,0.5857142857142857,58
3,Uptrend / High-Vol,2h,70,0.004073507448898615,0.0003213317423114148,0.013147585847982295,0.5285714285714286,58
3,Uptrend / High-Vol,4h,70,0.00623922275017613,0.0004772235625276622,0.01751184378390494,0.5428571428571428,58
3,Uptrend / High-Vol,8h,70,0.008163585520197358,-0.0005670484599846759,0.02589233982704123,0.4714285714285714,58
0,Ranging / Mid-Vol,30m,155,0.00012650229581221274,7.190225095676794e-05,0.004945074101950487,0.5096774193548387,59
0,Ranging / Mid-Vol,1h,155,0.0003081071506019404,9.467604348678549e-05,0.0070258721108395926,0.5290322580645161,59
0,Ranging / Mid-Vol,2h,155,0.00016546046505073634,3.7842123093767555e-05,0.010112882153637452,0.5032258064516129,59
0,Ranging / Mid-Vol,4h,152,0.0007879181780455243,0.0007213804437649074,0.012546542787589609,0.5263157894736842,59
0,Ranging / Mid-Vol,8h,151,0.0012733015593757592,-0.0005179393728660386,0.018611184657198358,0.48344370860927155,59
1,Ranging / Mid-Vol,30m,695,-8.392927202690141e-05,-7.14115990589903e-05,0.0031448037022975633,0.48345323741007196,59
1,Ranging / Mid-Vol,1h,695,-0.00021303185245561687,-1.4942357720926225e-05,0.004139693369174812,0.49928057553956834,59
1,Ranging / Mid-Vol,2h,693,-0.00010517637421636312,2.2281286677028334e-05,0.006009015878301,0.5007215007215007,59
1,Ranging / Mid-Vol,4h,692,-0.00020468713220462084,-5.456774869738723e-05,0.00926130191523915,0.49277456647398843,59
1,Ranging / Mid-Vol,8h,687,-0.00027416562967840093,-0.0008442395986421047,0.01336442448608405,0.4468704512372635,59
2,Ranging / Low-Vol,30m,451,-1.6191235166269892e-05,-0.0001026065484399652,0.002784372816601792,0.4656319290465632,59
2,Ranging / Low-Vol,1h,450,6.323463428736255e-05,-7.341899131407814e-05,0.004379957864846068,0.4911111111111111,59
2,Ranging / Low-Vol,2h,450,-0.00023548435220305524,-0.00018936045288953096,0.00621664615646817,0.4822222222222222,59
2,Ranging / Low-Vol,4h,450,-0.00045026938121166737,-0.0002345013812883323,0.008716339766344816,0.4822222222222222,59
2,Ranging / Low-Vol,8h,448,-0.00031547495774301396,-0.0010970289339491401,0.012897733964996976,0.44642857142857145,59
3,Ranging / High-Vol,30m,42,0.0011962410876602124,0.000992211557172773,0.00621968243299608,0.5952380952380952,59
3,Ranging / High-Vol,1h,42,0.0018537381612673052,0.0013644464134738854,0.007951116824031091,0.6190476190476191,59
3,Ranging / High-Vol,2h,42,0.003965895792742795,0.0030015799744589344,0.009096149612279125,0.6666666666666666,59
3,Ranging / High-Vol,4h,42,0.00613323149159351,0.002885857617435761,0.012255645871617236,0.6904761904761905,59
3,Ranging / High-Vol,8h,42,0.006641937277271322,0.003358686129145916,0.020956448209761586,0.5714285714285714,59
0,Uptrend / High-Vol,30m,144,0.001313196590946185,0.0004785609500865817,0.008030601797285486,0.5416666666666666,60
0,Uptrend / High-Vol,1h,144,0.0019466407091788757,-0.00010641120500665124,0.010750312638818812,0.5,60
0,Uptrend / High-Vol,2h,144,0.0033910005939689564,0.0003519261512066052,0.01629006233479935,0.5069444444444444,60
0,Uptrend / High-Vol,4h,144,0.004289564316232681,0.0005005786845293514,0.02110197184936187,0.5347222222222222,60
0,Uptrend / High-Vol,8h,144,0.0039114498935093455,0.0020106880590171627,0.025167669884149455,0.5416666666666666,60
1,Ranging / Low-Vol,30m,669,0.0002617834769969566,4.47823911642331e-06,0.0033810618788737046,0.5007473841554559,60
1,Ranging / Low-Vol,1h,667,0.00046140140708700257,0.000165817373048327,0.004960560731779294,0.5232383808095952,60
1,Ranging / Low-Vol,2h,666,0.0006588768649525994,3.0821304101813496e-05,0.007795722525264213,0.5045045045045045,60
1,Ranging / Low-Vol,4h,663,0.0011127934732259107,3.316620064985898e-05,0.01305053327210297,0.502262443438914,60
1,Ranging / Low-Vol,8h,655,0.002765932143411766,0.0006857160971414089,0.01941230670094953,0.5343511450381679,60
2,Ranging / Low-Vol,30m,554,-0.00018940484050824916,-0.0001266290780961299,0.0033916224706550474,0.47833935018050544,60
2,Ranging / Low-Vol,1h,554,-0.0002111722596335134,-0.00011757395396294612,0.005737935309630514,0.48014440433212996,60
2,Ranging / Low-Vol,2h,551,-3.821696927431656e-05,-9.381701222110905e-05,0.009019629444293175,0.49364791288566245,60
2,Ranging / Low-Vol,4h,546,0.0008001284693648098,-0.00016843737180938234,0.013562459018689991,0.4908424908424908,60
2,Ranging / Low-Vol,8h,538,0.0023694041004338343,0.0006131787065033478,0.02011082351242531,0.5464684014869888,60
3,Downtrend / High-Vol,30m,91,-0.0003577422687975932,1.3875433076293575e-05,0.010237784232689626,0.5054945054945055,60
3,Downtrend / High-Vol,1h,91,-0.00019765122514582155,0.0015343329214037027,0.012808781898433107,0.5714285714285714,60
3,Downtrend / High-Vol,2h,91,-7.880383499236676e-05,0.0015790817253176215,0.012134716502748553,0.5934065934065934,60
3,Downtrend / High-Vol,4h,91,-0.00024787737264492785,0.0014480071259974636,0.014260300558763487,0.5824175824175825,60
3,Downtrend / High-Vol,8h,91,-0.002362909714548602,0.0013391208915169983,0.019183528515149005,0.5604395604395604,60
0,Ranging / Low-Vol,30m,725,-0.00010499992338564039,-4.3918850721524905e-05,0.003046363112237802,0.48551724137931035,61
0,Ranging / Low-Vol,1h,725,-0.00017195974483201606,-0.00010098355861209996,0.004715134321040835,0.4868965517241379,61
0,Ranging / Low-Vol,2h,723,-8.144707694670486e-05,-1.7935643324307193e-05,0.0057288085778674416,0.49930843706777317,61
0,Ranging / Low-Vol,4h,721,-9.901311873098591e-05,-0.00033315712207482306,0.008081259536992581,0.47434119278779474,61
0,Ranging / Low-Vol,8h,718,0.0002913744097194878,-0.0002846674140117855,0.011104571741240708,0.48467966573816157,61
1,Downtrend / High-Vol,30m,37,0.00016315222949858353,0.00041553698842911047,0.011408214231308904,0.5405405405405406,61
1,Downtrend / High-Vol,1h,37,0.0016118344458359534,0.0010998982760774823,0.014098220533180293,0.5945945945945946,61
1,Downtrend / High-Vol,2h,37,0.004107908542453084,0.001789778552129917,0.011965558255091704,0.7027027027027027,61
1,Downtrend / High-Vol,4h,37,0.006603415325684947,0.003562212113640939,0.014092558370171766,0.7297297297297297,61
1,Downtrend / High-Vol,8h,37,0.008041769824346996,0.004018207448192257,0.012419151776775633,0.8108108108108109,61
2,Ranging / Low-Vol,30m,611,0.00011566111855303295,0.0001305484893183717,0.0028730965003996643,0.5319148936170213,61
2,Ranging / Low-Vol,1h,610,0.00011952338907571506,5.971873926213789e-05,0.004199043056029169,0.5114754098360655,61
2,Ranging / Low-Vol,2h,610,-0.00017336305632087253,1.464581380972163e-05,0.007072785549570014,0.5016393442622951,61
2,Ranging / Low-Vol,4h,608,-0.00015398540353478137,-0.00038274849155861546,0.009051016278909623,0.46875,61
2,Ranging / Low-Vol,8h,605,8.097948702178987e-05,-0.0007022971897328034,0.011971582949575487,0.4578512396694215,61
3,Uptrend / High-Vol,30m,66,0.0003821060297041784,0.0004409285756885595,0.003593084438615812,0.5454545454545454,61
3,Uptrend / High-Vol,1h,66,0.0007712304822095364,0.0005654789794045101,0.004529990853135972,0.5303030303030303,61
3,Uptrend / High-Vol,2h,66,0.0019971848538520433,0.0006568255457208849,0.006935584606913688,0.5454545454545454,61
3,Uptrend / High-Vol,4h,66,0.0023158583525220897,-0.00018765993625624589,0.015417526177014581,0.5,61
3,Uptrend / High-Vol,8h,64,-0.00038033366128825685,0.0014933468170843511,0.02493950380690821,0.515625,61
0,Ranging / Low-Vol,30m,654,-0.000122679421952366,-5.548711309000254e-05,0.002782230429156408,0.4847094801223242,62
0,Ranging / Low-Vol,1h,653,-0.00010588129460803682,2.7165909092019547e-05,0.003955209919403673,0.5038284839203675,62
0,Ranging / Low-Vol,2h,652,-0.00022124278262762237,-0.000113734352270356,0.005192480915540613,0.48619631901840493,62
0,Ranging / Low-Vol,4h,651,-0.0001868505511089938,-0.0004341376744267933,0.0072104628543812116,0.4608294930875576,62
0,Ranging / Low-Vol,8h,647,-0.0005697473402915122,-0.00012314413080360964,0.010467657288648442,0.49304482225656876,62
1,Ranging / Low-Vol,30m,753,-0.00011215201797857938,1.1181163168672015e-05,0.0028711994339728126,0.5033200531208499,62
1,Ranging / Low-Vol,1h,753,-0.00026936813930080746,-9.892579188708339e-05,0.0037985650308870215,0.4847277556440903,62
1,Ranging / Low-Vol,2h,752,-0.00041440999233082246,-2.1186038893006298e-05,0.005568539105408335,0.49867021276595747,62
1,Ranging / Low-Vol,4h,749,-0.0006828276336534506,-0.0004174003182768615,0.007280595500212861,0.465954606141522,62
1,Ranging / Low-Vol,8h,745,-0.0008648999099798741,-0.00027047598673846096,0.010122791921449279,0.4791946308724832,62
2,Downtrend / High-Vol,30m,40,0.0015512416425149667,0.0003849164130400595,0.004974105960820897,0.575,62
2,Downtrend / High-Vol,1h,40,0.0018488516789748831,0.0008650373324696758,0.005513595341673503,0.65,62
2,Downtrend / High-Vol,2h,40,0.0034399366890901727,0.002245282858144293,0.008002712638278491,0.675,62
2,Downtrend / High-Vol,4h,40,0.003909348860437411,0.0023048840242516633,0.0077575476884757305,0.675,62
2,Downtrend / High-Vol,8h,40,0.002567379732808783,0.0023074612348521484,0.009001001215358047,0.65,62
3,Uptrend / High-Vol,30m,40,0.0007145915374825229,5.9229792142900806e-05,0.003695053878755995,0.55,62
3,Uptrend / High-Vol,1h,40,0.0012203264771310617,1.133500864636261e-05,0.004524075962502968,0.5,62
3,Uptrend / High-Vol,2h,40,0.0011753518253129868,0.0004372018503344677,0.004078551654569375,0.525,62
3,Uptrend / High-Vol,4h,40,-0.00018478371624834898,0.0007053176142646223,0.01047682783780373,0.6,62
3,Uptrend / High-Vol,8h,40,-0.0005877250359325181,-0.00028170861522269774,0.010053270048601513,0.45,62
0,Ranging / Low-Vol,30m,626,1.5002884559169814e-05,-1.5696039312729226e-06,0.0027024191161041603,0.5,63
0,Ranging / Low-Vol,1h,625,7.302192068995908e-05,-2.0504713859281765e-05,0.003844574103191513,0.4944,63
0,Ranging / Low-Vol,2h,624,0.00019363272599430938,0.00016059230570242278,0.005663849009148772,0.5240384615384616,63
0,Ranging / Low-Vol,4h,622,0.0005429269815445995,0.0003411760717568768,0.00920242582657747,0.5337620578778135,63
0,Ranging / Low-Vol,8h,622,0.0012167824018624344,0.0004713737444959065,0.013373261679692884,0.5257234726688103,63
1,Uptrend / High-Vol,30m,76,0.0012290044341996221,0.0008915478869839788,0.006605650864723889,0.5789473684210527,63
1,Uptrend / High-Vol,1h,76,0.002495376444840231,0.0017140557519148558,0.007711314559907511,0.6447368421052632,63
1,Uptrend / High-Vol,2h,76,0.004840954262482544,0.002674675277721583,0.009913967794545613,0.6578947368421053,63
1,Uptrend / High-Vol,4h,76,0.006124300661374704,0.005480977310337032,0.01237970601165653,0.631578947368421,63
1,Uptrend / High-Vol,8h,76,0.00824364770935837,0.0050001729237409975,0.016643954533450883,0.618421052631579,63
2,Ranging / Low-Vol,30m,698,6.277188137505698e-05,8.610004792330983e-05,0.002730415757517163,0.5143266475644699,63
2,Ranging / Low-Vol,1h,698,1.6285974777662438e-05,7.403557424634499e-05,0.004148041448444961,0.5171919770773639,63
2,Ranging / Low-Vol,2h,697,-4.640706581535199e-05,8.084572185218519e-05,0.006014191947945286,0.5121951219512195,63
2,Ranging / Low-Vol,4h,695,0.000143949839356612,-1.8640276831405345e-05,0.008523207346585997,0.49640287769784175,63
2,Ranging / Low-Vol,8h,690,0.0007842566980304636,4.228087599855712e-05,0.012609084037087263,0.5014492753623189,63
3,Downtrend / High-Vol,30m,39,-0.0009231557153985939,-0.0004993386808589406,0.006068830357316997,0.46153846153846156,63
3,Downtrend / High-Vol,1h,39,-0.0004180437828897819,0.000555642105002363,0.0072765392269664355,0.5897435897435898,63
3,Downtrend / High-Vol,2h,39,0.00024003945793861538,0.002606866637929528,0.008772766099913313,0.5897435897435898,63
3,Downtrend / High-Vol,4h,39,0.0017527603475899994,0.00237314001636868,0.010022574644980508,0.6410256410256411,63
3,Downtrend / High-Vol,8h,36,0.0013424838801110697,0.0035724395758851557,0.008756426590607025,0.5833333333333334,63
0,Ranging / Low-Vol,30m,756,3.7164580555686e-05,1.614741949929055e-06,0.001747427098892795,0.5,64
0,Ranging / Low-Vol,1h,756,7.824453867043727e-05,2.872815732235523e-05,0.002465059803291401,0.5105820105820106,64
0,Ranging / Low-Vol,2h,755,0.00016677157925400082,8.318432231213535e-05,0.003499528220417852,0.5112582781456954,64
0,Ranging / Low-Vol,4h,752,0.00012511351702631005,0.0002640679576035865,0.005317378995276108,0.5292553191489362,64
0,Ranging / Low-Vol,8h,748,-7.485520879230008e-06,-1.0398262737076891e-05,0.007134613122930208,0.49732620320855614,64
1,Uptrend / High-Vol,30m,14,-0.0007882014238637579,-0.0011355677892073146,0.005289986937411169,0.35714285714285715,64
1,Uptrend / High-Vol,1h,14,-0.00257045687120134,-0.0035962473941308915,0.007602615653157212,0.2857142857142857,64
1,Uptrend / High-Vol,2h,14,-0.007527537664899902,-0.007900631678276149,0.00890820870404182,0.21428571428571427,64
1,Uptrend / High-Vol,4h,14,-0.011577879309312296,-0.011711634029234474,0.015222829914644926,0.2857142857142857,64
1,Uptrend / High-Vol,8h,14,-0.011522666505202141,-0.008533630508707368,0.01586602308045138,0.2857142857142857,64
2,Ranging / Low-Vol,30m,695,-5.296927582535567e-05,-4.680722878447341e-05,0.0018819982033534948,0.479136690647482,64
2,Ranging / Low-Vol,1h,694,-8.894370037742288e-05,-5.5272842039322256e-05,0.002753385010241397,0.48703170028818443,64
2,Ranging / Low-Vol,2h,693,-0.00017472886104801273,-0.00013780016175957144,0.003990203307740748,0.47619047619047616,64
2,Ranging / Low-Vol,4h,692,-0.0003184730963592153,2.9731271911970225e-05,0.0054082047707486,0.5043352601156069,64
2,Ranging / Low-Vol,8h,688,-0.0006237492884857705,-6.0111518403793696e-05,0.007502009104713374,0.4941860465116279,64
3,Downtrend / High-Vol,30m,22,-0.0010557667418952153,-0.0004220653134963115,0.004944574493054433,0.4090909090909091,64
3,Downtrend / High-Vol,1h,22,-0.002142051328019176,-0.0007421627332595548,0.006953953392454267,0.5,64
3,Downtrend / High-Vol,2h,22,-0.0030162317225373284,0.0002296418192822003,0.008491526202601239,0.5,64
3,Downtrend / High-Vol,4h,22,-0.0018360112616366629,-0.00126163456951911,0.007911453042793405,0.5,64
3,Downtrend / High-Vol,8h,22,-0.0026187864011090896,-0.003940536618870283,0.007625878388260585,0.4090909090909091,64
0,Ranging / Low-Vol,30m,747,-0.0001766725094186088,-2.614413260459969e-05,0.0025810545975513766,0.4819277108433735,65
0,Ranging / Low-Vol,1h,746,-0.00015650265351145582,1.618318143226105e-05,0.0030629142334136577,0.5080428954423593,65
0,Ranging / Low-Vol,2h,745,-0.0003219915631126674,1.020182093469657e-06,0.005036429849273757,0.5006711409395973,65
0,Ranging / Low-Vol,4h,744,-0.0006638260104167385,-0.0002953787338686453,0.007872034846630618,0.4637096774193548,65
0,Ranging / Low-Vol,8h,744,-0.0010128381916346242,-0.000543700435414074,0.010806739877161941,0.4153225806451613,65
1,Uptrend / High-Vol,30m,17,-0.00029109895683151544,0.0007064043093336636,0.003630682590334648,0.5882352941176471,65
1,Uptrend / High-Vol,1h,17,-0.0006997508052227044,-0.0008497402790279551,0.004275446125908205,0.4117647058823529,65
1,Uptrend / High-Vol,2h,17,-0.002591935316581672,-0.0010076507263505619,0.005586623555413254,0.35294117647058826,65
1,Uptrend / High-Vol,4h,17,-0.005705391896539173,-0.006551512662980485,0.007174784946166567,0.17647058823529413,65
1,Uptrend / High-Vol,8h,17,-0.011357994686108822,-0.013199873265437034,0.00787923614678093,0.11764705882352941,65
2,Ranging / Low-Vol,30m,685,-2.098211991518594e-05,-6.353821919447e-05,0.002314290946335124,0.472992700729927,65
2,Ranging / Low-Vol,1h,685,-0.00021632122561010482,-0.00010209513315828644,0.004080241387046575,0.4686131386861314,65
2,Ranging / Low-Vol,2h,684,-0.0003133914617598095,-0.0002678508322322415,0.0052257735605599695,0.4327485380116959,65
2,Ranging / Low-Vol,4h,684,-0.00036254396046330253,-0.0004792890988261078,0.007802373253693758,0.4239766081871345,65
2,Ranging / Low-Vol,8h,684,-0.0008042904642248787,-0.0006902866327695989,0.012413392285318271,0.40497076023391815,65
3,Downtrend / High-Vol,30m,38,0.0008291146513039282,0.0001136956969158831,0.006609129481166125,0.5263157894736842,65
3,Downtrend / High-Vol,1h,38,0.0009559840337099358,9.725932777371327e-05,0.00785003025372589,0.5263157894736842,65
3,Downtrend / High-Vol,2h,38,0.000664506464847392,-0.0003375884736103174,0.010147368705410552,0.47368421052631576,65
3,Downtrend / High-Vol,4h,35,-0.0015182097957617,-0.0032798087876564352,0.012100294947987597,0.4,65
3,Downtrend / High-Vol,8h,27,-0.005378765527382651,-0.004590983024209905,0.015857210663915187,0.37037037037037035,65
0,Ranging / Low-Vol,30m,726,-5.301829962647471e-05,-4.0911128792231466e-05,0.001982574659818437,0.4903581267217631,66
0,Ranging / Low-Vol,1h,725,0.00011632788561626214,6.260234854060798e-05,0.0027919647206261222,0.5186206896551724,66
0,Ranging / Low-Vol,2h,723,7.790931727016153e-05,7.699408860339929e-05,0.004142932737313005,0.5145228215767634,66
0,Ranging / Low-Vol,4h,721,6.69037039696934e-05,7.961149594137851e-05,0.0057677785653088435,0.5090152565880721,66
0,Ranging / Low-Vol,8h,717,0.00025865496184213614,-0.00013003305517678143,0.007801364202286829,0.48535564853556484,66
1,Ranging / Low-Vol,30m,667,0.0001352921974254012,5.413322652358943e-05,0.0022634894444374617,0.5172413793103449,66
1,Ranging / Low-Vol,1h,667,-7.4900543055754134e-06,-3.271774515667403e-05,0.0030661454300062113,0.4917541229385307,66
1,Ranging / Low-Vol,2h,667,0.00014072748689953834,2.0335367874935173e-05,0.004172691084608464,0.5052473763118441,66
1,Ranging / Low-Vol,4h,665,0.00033795052152711414,0.00011404484910748636,0.005308578278797389,0.5172932330827068,66
1,Ranging / Low-Vol,8h,661,0.0006542364361608575,0.00023669647217872125,0.007741925230870853,0.5279878971255674,66
2,Downtrend / High-Vol,30m,13,0.00032197196701939826,4.9059076362212295e-05,0.004164989080839208,0.5384615384615384,66
2,Downtrend / High-Vol,1h,13,0.001132320257425225,0.0027450774658444033,0.004878916816622482,0.6923076923076923,66
2,Downtrend / High-Vol,2h,13,0.002369002121325864,0.002027054962400854,0.004951390644490312,0.7692307692307693,66
2,Downtrend / High-Vol,4h,13,0.0035274851561733446,0.0029343512669282035,0.0065677537195543345,0.6923076923076923,66
2,Downtrend / High-Vol,8h,13,0.0026576209322141534,0.0009910594090563052,0.00697773701316138,0.6153846153846154,66
3,Uptrend / High-Vol,30m,33,-0.0006268349232384003,-0.0006248519356581994,0.003962926879071833,0.3939393939393939,66
3,Uptrend / High-Vol,1h,33,-0.0007372808395197887,-0.0002665777840586969,0.004999662873216678,0.45454545454545453,66
3,Uptrend / High-Vol,2h,33,-0.0010206344810791042,-0.0007211484518556688,0.004770113587015692,0.42424242424242425,66
3,Uptrend / High-Vol,4h,33,-0.0007156657044931271,-0.0012110146946806566,0.0073280300548561154,0.45454545454545453,66
3,Uptrend / High-Vol,8h,33,-0.0017889887594357498,-0.003252747162969527,0.011324535709821655,0.45454545454545453,66
0,Ranging / Low-Vol,30m,650,0.0002628202908656919,7.383917962577868e-05,0.003443786513119187,0.5153846153846153,67
0,Ranging / Low-Vol,1h,650,0.0003688974405454405,9.695025652778355e-05,0.004317561733709434,0.52,67
0,Ranging / Low-Vol,2h,649,0.0006127646976116334,0.0002932972558564728,0.005030847176442279,0.5269645608628659,67
0,Ranging / Low-Vol,4h,648,0.0010107700169099073,0.00045775206844478333,0.007091315209039576,0.5416666666666666,67
0,Ranging / Low-Vol,8h,644,0.0017334113363824844,0.0008464116542139521,0.010831893042360534,0.5652173913043478,67
1,Downtrend / High-Vol,30m,35,0.00029160746014917597,0.0015025678216833427,0.009968223863200832,0.6285714285714286,67
1,Downtrend / High-Vol,1h,35,0.0011922516448315435,0.0016075956474317366,0.009390905781492381,0.6,67
1,Downtrend / High-Vol,2h,35,0.003964843873967589,0.002288807252591951,0.013664394027680894,0.6285714285714286,67
1,Downtrend / High-Vol,4h,35,0.007262148335651121,0.008357478779178251,0.017728119094342375,0.7142857142857143,67
1,Downtrend / High-Vol,8h,35,0.007358259412484714,0.007510728569011249,0.012191964525187686,0.8,67
2,Uptrend / High-Vol,30m,68,0.0009885557230333052,0.00040552369533219945,0.006624248204162289,0.5588235294117647,67
2,Uptrend / High-Vol,1h,68,0.0016156983098441588,0.0007719423503207423,0.010353150073443312,0.5441176470588235,67
2,Uptrend / High-Vol,2h,68,0.002348019037247377,-0.0003120508116678522,0.01463291830117358,0.47058823529411764,67
2,Uptrend / High-Vol,4h,68,0.006299576313210111,-0.0004637285626936105,0.022614367356257922,0.47058823529411764,67
2,Uptrend / High-Vol,8h,68,0.01316682845762147,0.0033689519482491548,0.03205389596525315,0.5882352941176471,67
3,Ranging / Low-Vol,30m,734,2.512820121378396e-06,0.00012820848623817938,0.002519526703421367,0.5408719346049047,67
3,Ranging / Low-Vol,1h,733,0.0001458641438742742,0.000174510847765319,0.003510748071514506,0.5347885402455662,67
3,Ranging / Low-Vol,2h,732,0.0004012261615332593,0.0003614337535058354,0.0051617618802850046,0.5560109289617486,67
3,Ranging / Low-Vol,4h,729,0.0008723332677615929,0.0005494930624774241,0.006954704995878523,0.5665294924554184,67
3,Ranging / Low-Vol,8h,725,0.0022408101087314507,0.0012213342213307499,0.010994333416878093,0.5972413793103448,67
0,Ranging / Low-Vol,30m,617,-9.13874203235868e-06,-0.00011595025482336041,0.002804345185065894,0.4862236628849271,68
0,Ranging / Low-Vol,1h,616,6.227971987875531e-05,0.00011592783340930168,0.0037088780708149256,0.5113636363636364,68
0,Ranging / Low-Vol,2h,615,0.0002332778124489858,-3.2113475532113966e-05,0.005551517904937023,0.4975609756097561,68
0,Ranging / Low-Vol,4h,613,0.0004681988669406937,0.00010288435218441805,0.007818448807282755,0.5057096247960848,68
0,Ranging / Low-Vol,8h,612,0.0011647778519123738,0.00037933964441982937,0.010692439211297634,0.5147058823529411,68
1,Downtrend / High-Vol,30m,27,0.0005954323791778358,0.00016209085908158727,0.005552636596066889,0.5555555555555556,68
1,Downtrend / High-Vol,1h,27,0.0015065862510513003,0.0003752538677659345,0.006314544316975088,0.6296296296296297,68
1,Downtrend / High-Vol,2h,27,0.002769040402351387,0.0015880089541724374,0.006863556501227003,0.6666666666666666,68
1,Downtrend / High-Vol,4h,27,0.004331802202929403,0.006589073631452891,0.008288738046534818,0.7777777777777778,68
1,Downtrend / High-Vol,8h,27,0.005074683170294136,0.007088075880981037,0.012378235235511527,0.7777777777777778,68
2,Uptrend / High-Vol,30m,59,0.0001878798016643705,0.00017773547197386108,0.004418598571682306,0.5423728813559322,68
2,Uptrend / High-Vol,1h,59,-0.0003377585196563976,0.0008269944030931953,0.006946254090680278,0.5423728813559322,68
2,Uptrend / High-Vol,2h,59,-0.0011474059015161965,0.0017674036173076502,0.009882604598640592,0.5423728813559322,68
2,Uptrend / High-Vol,4h,59,-0.001617081130579304,0.00022191166352492075,0.010321047313720518,0.5423728813559322,68
2,Uptrend / High-Vol,8h,59,-0.0007772388469123212,-0.0024069306210936503,0.012093433129193216,0.3559322033898305,68
3,Ranging / Low-Vol,30m,736,9.033410167476148e-05,0.00013366179791773902,0.0027016376453105066,0.5258152173913043,68
3,Ranging / Low-Vol,1h,736,0.00015955303559834138,6.130230146972337e-05,0.00395275191606994,0.5040760869565217,68
3,Ranging / Low-Vol,2h,735,0.0002782131723908863,0.00022983549603949882,0.005237585360002174,0.527891156462585,68
3,Ranging / Low-Vol,4h,733,0.000561015808957209,0.0002004155865300561,0.007625116720231844,0.5211459754433834,68
3,Ranging / Low-Vol,8h,726,0.0008929795941311421,-0.00020950731181113014,0.010599011816758387,0.4889807162534435,68
0,Ranging / Low-Vol,30m,742,-1.3978385553136134e-05,3.0255843306292718e-05,0.002874953554501461,0.5040431266846361,69
0,Ranging / Low-Vol,1h,741,0.00018314656843385058,0.0001162273252202084,0.004186088386215855,0.5195681511470985,69
0,Ranging / Low-Vol,2h,741,0.00018989100880529387,0.0003453793316019471,0.006015205639743522,0.5263157894736842,69
0,Ranging / Low-Vol,4h,738,0.00016937486035346124,0.00021281499561975892,0.008770501134608498,0.518970189701897,69
0,Ranging / Low-Vol,8h,733,0.0006222606009237718,0.0004850727981935421,0.012780891913269098,0.5279672578444747,69
1,Downtrend / High-Vol,30m,34,-0.00023196455010911793,-0.001232447213674881,0.0060157528804882275,0.4411764705882353,69
1,Downtrend / High-Vol,1h,34,0.0005003713318029376,0.00030596227965418166,0.005958126705217442,0.5294117647058824,69
1,Downtrend / High-Vol,2h,34,0.0008771900351228702,4.0679601012172384e-05,0.006939336593708009,0.5,69
1,Downtrend / High-Vol,4h,34,0.00422508239238664,0.0026197096532998287,0.00805857853127449,0.6176470588235294,69
1,Downtrend / High-Vol,8h,34,0.006786020778570405,0.005062714937015933,0.009525887638746105,0.7941176470588235,69
2,Ranging / Low-Vol,30m,631,0.00011025726979568995,0.0001558518174373802,0.00282999557078311,0.5245641838351822,69
2,Ranging / Low-Vol,1h,631,1.7202099597568012e-05,9.32018396166967e-05,0.004193311459260026,0.5134706814580031,69
2,Ranging / Low-Vol,2h,629,0.00019547336744099635,-3.1871124104299042e-06,0.005913562224568285,0.49761526232114467,69
2,Ranging / Low-Vol,4h,628,0.0006288583050902744,0.0008123005937310523,0.008766487383141442,0.5477707006369427,69
2,Ranging / Low-Vol,8h,625,0.0014156500886734762,0.0008670188164892068,0.012675974812505736,0.5456,69
3,Uptrend / High-Vol,30m,80,0.0008167398536756299,0.0006994882519997248,0.005008923975149641,0.55,69
3,Uptrend / High-Vol,1h,80,0.0008233781076508295,0.0007100419792207546,0.005693091878520115,0.5875,69
3,Uptrend / High-Vol,2h,80,0.002003695137628636,0.0018948112117218585,0.006626814269382369,0.6,69
3,Uptrend / High-Vol,4h,80,0.003088544966190443,0.0012858609893422468,0.009334877937194635,0.55,69
3,Uptrend / High-Vol,8h,80,0.002671655495073977,-0.000369875822599397,0.010616111228741728,0.4875,69
0,Ranging / Low-Vol,30m,668,-4.19066231821018e-05,4.1659617995293274e-06,0.0029480598218032074,0.5014970059880239,70
0,Ranging / Low-Vol,1h,668,-0.00013235013065609404,-3.0360923410910345e-05,0.0046779111681490865,0.49550898203592814,70
0,Ranging / Low-Vol,2h,666,1.4224138575145304e-05,4.0496195794936796e-05,0.007429706290350158,0.503003003003003,70
0,Ranging / Low-Vol,4h,666,-8.543306312809414e-05,9.802188410468204e-05,0.010860320525189635,0.506006006006006,70
0,Ranging / Low-Vol,8h,664,-0.0003474070603519166,0.0003188737738017977,0.015068040918718235,0.516566265060241,70
1,Downtrend / High-Vol,30m,93,-0.00022978245862566887,0.0008004045316027941,0.00803580227967714,0.5268817204301075,70
1,Downtrend / High-Vol,1h,93,-0.00019780116035018338,0.0010839678696878963,0.01136350199387978,0.5376344086021505,70
1,Downtrend / High-Vol,2h,93,-0.0005111473324471264,0.001926153704017608,0.014235995581189431,0.5376344086021505,70
1,Downtrend / High-Vol,4h,90,-0.0001603943715449437,0.0008017614481410362,0.015359514543981089,0.5666666666666667,70
1,Downtrend / High-Vol,8h,90,0.00020623071585968865,0.00398575497784126,0.018646168445719702,0.6,70
2,Ranging / Low-Vol,30m,621,-0.00013225287530043732,-2.4071293402982974e-06,0.0035725807512925426,0.499194847020934,70
2,Ranging / Low-Vol,1h,620,-0.00013290571225898048,9.700482097496632e-05,0.004808640691846797,0.5177419354838709,70
2,Ranging / Low-Vol,2h,620,-0.00019134862221743183,4.502254816696194e-05,0.006921232363567167,0.5016129032258064,70
2,Ranging / Low-Vol,4h,619,-0.00019442273868689594,-2.569683038800008e-05,0.01054121460828437,0.49596122778675283,70
2,Ranging / Low-Vol,8h,617,-0.00021924767428005654,0.0005132096704905109,0.015174138738300187,0.5170178282009724,70
3,Uptrend / High-Vol,30m,105,0.0012882238454348825,0.0011067827062003488,0.0057625266611045335,0.5619047619047619,70
3,Uptrend / High-Vol,1h,105,0.001874283381748263,0.0005159650765147461,0.008283916382946462,0.5523809523809524,70
3,Uptrend / High-Vol,2h,105,0.0015949704876361756,0.0008867871035747044,0.011003617348033247,0.5428571428571428,70
3,Uptrend / High-Vol,4h,105,0.002032367252818004,0.001992994910699153,0.014172895881265888,0.5619047619047619,70
3,Uptrend / High-Vol,8h,101,0.005717638058971401,0.0022675181083240403,0.018329972363056807,0.594059405940594,70
0,Downtrend / High-Vol,30m,31,0.001459376692762401,0.002246784947081082,0.006750494067976702,0.6774193548387096,71
0,Downtrend / High-Vol,1h,31,0.0024842181122739504,0.002434817773542264,0.008700211554130814,0.6129032258064516,71
0,Downtrend / High-Vol,2h,29,0.004270622595334793,0.0007645312190298625,0.012464956073176735,0.5172413793103449,71
0,Downtrend / High-Vol,4h,27,0.009592668412852634,0.008115394240363116,0.009314515135469674,0.9259259259259259,71
0,Downtrend / High-Vol,8h,21,0.016361537835451367,0.016111865470016085,0.008877640950755753,0.9523809523809523,71
1,Uptrend / High-Vol,30m,123,0.0003882367150695774,0.0007413383050742794,0.006268249675576051,0.5284552845528455,71
1,Uptrend / High-Vol,1h,123,0.0005999734580438429,-0.0003196734868318174,0.008571564368517184,0.4878048780487805,71
1,Uptrend / High-Vol,2h,123,0.0014832478789471122,0.001387043864836457,0.009474438159131808,0.5528455284552846,71
1,Uptrend / High-Vol,4h,122,0.004594007826038791,0.0036943993624234395,0.014177289376882835,0.6557377049180327,71
1,Uptrend / High-Vol,8h,122,0.010756512961218215,0.00658891045856258,0.01572610627908911,0.7868852459016393,71
2,Ranging / Low-Vol,30m,678,-1.6561488458496028e-06,-2.4421089362292037e-05,0.002795464207224128,0.4970501474926254,71
2,Ranging / Low-Vol,1h,677,0.0004339284269206253,0.00014845290149878565,0.004137121182930192,0.5332348596750369,71
2,Ranging / Low-Vol,2h,677,0.0010393680240465563,0.0005304903836371722,0.006062706025710556,0.5568685376661743,71
2,Ranging / Low-Vol,4h,676,0.001672877183512556,0.0008240586059473642,0.008346195397747815,0.5517751479289941,71
2,Ranging / Low-Vol,8h,676,0.003391555513832672,0.0013275646408805741,0.012329279750269727,0.5739644970414202,71
3,Ranging / Low-Vol,30m,559,0.0004865184724319394,0.0002070580109112541,0.002983269727688987,0.5438282647584973,71
3,Ranging / Low-Vol,1h,559,0.0005165432427972113,0.00013696115758321525,0.004317494886922323,0.5259391771019678,71
3,Ranging / Low-Vol,2h,559,0.0008472269654366549,0.00022911474694709,0.006460246081513877,0.5205724508050089,71
3,Ranging / Low-Vol,4h,559,0.0018900425133358107,0.000524575817884454,0.009088323774110977,0.5420393559928444,71
3,Ranging / Low-Vol,8h,557,0.003726485770757947,0.0019066034130421627,0.013635187717278523,0.5834829443447038,71
0,Ranging / Low-Vol,30m,632,-4.193311170308101e-05,6.125441759330386e-05,0.0036403072833583027,0.5142405063291139,72
0,Ranging / Low-Vol,1h,632,1.5970444063350257e-05,6.163467720643467e-05,0.005532923067838341,0.504746835443038,72
0,Ranging / Low-Vol,2h,631,0.00023164762174002863,0.0005144391555642613,0.00815971443194801,0.5483359746434231,72
0,Ranging / Low-Vol,4h,630,0.0009043796547528797,0.0009271615195869387,0.011333146197284741,0.5603174603174603,72
0,Ranging / Low-Vol,8h,625,0.0013391669216954454,0.0017873078826724509,0.01683243088872133,0.5744,72
1,Uptrend / High-Vol,30m,189,0.0002749081017782674,0.0004204124843401047,0.007061115851571196,0.5185185185185185,72
1,Uptrend / High-Vol,1h,189,0.0006179172947000549,0.0007539950332446921,0.009394098292132487,0.5396825396825397,72
1,Uptrend / High-Vol,2h,189,0.00044450237707681985,0.0009526900714007525,0.012397486801470932,0.5185185185185185,72
1,Uptrend / High-Vol,4h,189,-0.0006300992634575536,0.000947971410070636,0.018361612126867138,0.5291005291005291,72
1,Uptrend / High-Vol,8h,189,0.0010365180902702493,7.724549910825829e-05,0.023732549168713268,0.5026455026455027,72
2,Downtrend / High-Vol,30m,191,-0.00020709893694434827,0.0002720750545535111,0.008812974405755042,0.518324607329843,72
2,Downtrend / High-Vol,1h,191,-0.00019177536707169638,0.0006438259006689151,0.011352737541343331,0.5235602094240838,72
2,Downtrend / High-Vol,2h,191,-0.00036983531485060007,0.00033962897306594186,0.015137327166340891,0.5078534031413613,72
2,Downtrend / High-Vol,4h,191,0.0008767436604414084,0.0009204714297066374,0.020743217510035366,0.5235602094240838,72
2,Downtrend / High-Vol,8h,191,0.004027271765303287,0.004733608782640175,0.02454489290675583,0.5968586387434555,72
3,Ranging / Low-Vol,30m,475,0.0003329699133776985,9.724814544220806e-05,0.004161584199993984,0.5178947368421053,72
3,Ranging / Low-Vol,1h,474,0.00041934972376266906,0.00034122606519915166,0.005713545104716173,0.5421940928270043,72
3,Ranging / Low-Vol,2h,473,0.0008876273235417854,0.0010975578025131938,0.007880764162579863,0.572938689217759,72
3,Ranging / Low-Vol,4h,470,0.0011973578131644976,0.0015144479972519775,0.011220487909757942,0.574468085106383,72
3,Ranging / Low-Vol,8h,467,0.0010602635464957897,0.0016032669650289932,0.017673598319276975,0.5610278372591007,72
0,Ranging / Low-Vol,30m,650,-0.000114278731258925,1.3858018393264615e-05,0.003964533240966817,0.5015384615384615,73
0,Ranging / Low-Vol,1h,649,-0.0002886044564976355,-7.731944877775732e-05,0.006343299519882165,0.4946070878274268,73
0,Ranging / Low-Vol,2h,649,-0.0007801597716257626,-0.0003401212592066827,0.009091497810112804,0.46841294298921415,73
0,Ranging / Low-Vol,4h,646,-0.001215991687444692,-0.00028956262221679907,0.011810384558282377,0.46594427244582043,73
0,Ranging / Low-Vol,8h,644,-0.001877833009364022,-0.0006667951160821417,0.017130315915802656,0.4813664596273292,73
1,Uptrend / High-Vol,30m,103,-0.0002947080471039912,-0.0003657938355274837,0.004226194144102516,0.4563106796116505,73
1,Uptrend / High-Vol,1h,103,-0.0007706824761496002,-0.0009468010369335644,0.005989989677689781,0.44660194174757284,73
1,Uptrend / High-Vol,2h,101,-0.0005475368827330305,-0.0006840885837497979,0.007680950284586633,0.4752475247524752,73
1,Uptrend / High-Vol,4h,101,-0.0009945157656938422,-0.00153253469271597,0.009397123345665555,0.43564356435643564,73
1,Uptrend / High-Vol,8h,101,-0.0009524740769361414,-0.001187105095846519,0.012202886201281911,0.4752475247524752,73
2,Ranging / Low-Vol,30m,552,-0.00023348900080322682,-0.00015372095301469102,0.0038408450593728207,0.48188405797101447,73
2,Ranging / Low-Vol,1h,552,-0.00038810467552706447,-4.7335023720229685e-05,0.005408928089475659,0.4963768115942029,73
2,Ranging / Low-Vol,2h,552,-0.0006043293198612945,-0.0002166282968021349,0.008101197575731698,0.48731884057971014,73
2,Ranging / Low-Vol,4h,552,-0.0014282451928305875,-0.0005415494853480141,0.012506512070318882,0.45652173913043476,73
2,Ranging / Low-Vol,8h,549,-0.003119350120209693,-0.0006423277414366879,0.017611850377203458,0.46265938069216755,73
3,Downtrend / High-Vol,30m,134,0.0005613915945181559,0.0007558904000495303,0.008781705602650852,0.5522388059701493,73
3,Downtrend / High-Vol,1h,134,0.001207971499676166,0.001268490294876301,0.011553931011910552,0.5522388059701493,73
3,Downtrend / High-Vol,2h,134,0.0019824143668758245,0.00043242274591914764,0.013474033283990956,0.5223880597014925,73
3,Downtrend / High-Vol,4h,133,0.00293603904775076,0.0024847853211795723,0.016758690124324137,0.5263157894736842,73
3,Downtrend / High-Vol,8h,130,0.004170167233960762,0.00412360539519252,0.021438180432669828,0.6076923076923076,73
0,Ranging / Low-Vol,30m,705,-0.0001991379201483448,-0.00027279822423054156,0.0031264235328749513,0.4624113475177305,74
0,Ranging / Low-Vol,1h,705,-0.00015408933494712374,-0.0001877119866477983,0.0044642047162282055,0.47375886524822697,74
0,Ranging / Low-Vol,2h,703,0.00017269660195658423,0.0002181092258801698,0.006391120760282747,0.5177809388335705,74
0,Ranging / Low-Vol,4h,700,0.0004093262626130491,0.0005041397057192754,0.009113252262606992,0.5385714285714286,74
0,Ranging / Low-Vol,8h,696,0.0009311547378949315,0.0005027886108424084,0.013435061351453456,0.5359195402298851,74
1,Uptrend / High-Vol,30m,104,0.0008520968518083577,0.00028545816253977563,0.005364540183644008,0.5576923076923077,74
1,Uptrend / High-Vol,1h,104,0.0010286927036095102,0.00037505850743180247,0.007432657582045781,0.5480769230769231,74
1,Uptrend / High-Vol,2h,104,0.0017649765778349885,0.0011701942422188694,0.009460737044537489,0.5480769230769231,74
1,Uptrend / High-Vol,4h,104,0.005102174501557486,0.004998342094965302,0.012215966499026447,0.6730769230769231,74
1,Uptrend / High-Vol,8h,104,0.00836043752360486,0.006612945190492603,0.016658266633707796,0.6442307692307693,74
2,Ranging / Low-Vol,30m,636,0.00026055142726842526,0.00027981979778868293,0.0032641160218090733,0.539308176100629,74
2,Ranging / Low-Vol,1h,635,0.00032913280171212403,0.00028164790327700473,0.004839358435715168,0.5307086614173229,74
2,Ranging / Low-Vol,2h,635,0.00017982372662080678,0.00023013824834805519,0.007080218519879109,0.5196850393700787,74
2,Ranging / Low-Vol,4h,634,0.00022729147832881044,0.0003668327247634551,0.00994909941392713,0.526813880126183,74
2,Ranging / Low-Vol,8h,630,0.0006150092427105621,0.0006725983840354388,0.014145449220996309,0.5380952380952381,74
3,Downtrend / High-Vol,30m,42,-6.25891270255083e-05,0.0008366801385495393,0.00624082640061791,0.5714285714285714,74
3,Downtrend / High-Vol,1h,42,0.0003301852228020321,0.0017963444948243534,0.006856619947732791,0.5952380952380952,74
3,Downtrend / High-Vol,2h,42,0.0007784416684275541,0.0016325133121553037,0.007798499206689832,0.6190476190476191,74
3,Downtrend / High-Vol,4h,42,-0.0006790821402582787,-0.0011964236888735158,0.009647028759271845,0.4523809523809524,74
3,Downtrend / High-Vol,8h,42,0.0007859385941585998,0.0020136345173806802,0.00861883955814623,0.5476190476190477,74
0,Ranging / Low-Vol,30m,724,-8.577905298989645e-05,3.372456827488435e-05,0.0024970606272735328,0.5138121546961326,75
0,Ranging / Low-Vol,1h,724,-0.00011232549160300291,5.251363721026081e-05,0.0036669242430915163,0.5124309392265194,75
0,Ranging / Low-Vol,2h,724,-0.0002776692381428471,-5.471086271935377e-05,0.005203944130883434,0.494475138121547,75
0,Ranging / Low-Vol,4h,722,-0.00048681458475925156,3.334199076476807e-05,0.00724033005749322,0.502770083102493,75
0,Ranging / Low-Vol,8h,717,-0.0008605284681965626,6.239717855116567e-05,0.010027915794862095,0.502092050209205,75
1,Ranging / Low-Vol,30m,648,-3.998388904789561e-05,-6.220235699583299e-05,0.002784202200630588,0.49074074074074076,75
1,Ranging / Low-Vol,1h,648,-0.0001725296171088196,-0.0001346153811692119,0.003828366105482931,0.4783950617283951,75
1,Ranging / Low-Vol,2h,648,-0.00017245173430000018,-0.00018297164798308785,0.005326815734285973,0.4722222222222222,75
1,Ranging / Low-Vol,4h,646,-0.0004283118271525528,-0.0002780627696559179,0.007232849280631502,0.47523219814241485,75
1,Ranging / Low-Vol,8h,643,-0.0009042924126651965,-9.8313433939623e-05,0.010226434311186151,0.48522550544323484,75
2,Uptrend / High-Vol,30m,32,-0.000601821713824946,-0.0008328195936622151,0.003386505670887919,0.375,75
2,Uptrend / High-Vol,1h,31,-0.00157771390016945,-0.0020529473280230803,0.00446040168177015,0.22580645161290322,75
2,Uptrend / High-Vol,2h,29,-0.0023692840564781058,-0.0024316805646886763,0.004983355643289815,0.3103448275862069,75
2,Uptrend / High-Vol,4h,29,-0.0047910866556051335,-0.004015510306256687,0.00809055614877927,0.2413793103448276,75
2,Uptrend / High-Vol,8h,29,-0.00883586347418849,-0.00527301630264887,0.010037968412738484,0.2413793103448276,75
3,Downtrend / High-Vol,30m,35,0.0009648304945505361,0.002403627501681882,0.0046300608311049965,0.6285714285714286,75
3,Downtrend / High-Vol,1h,35,0.002730877381326532,0.00285784230531938,0.00563034521141036,0.7714285714285715,75
3,Downtrend / High-Vol,2h,35,0.0026464210011578108,0.0022459927680014147,0.006427887502551701,0.7142857142857143,75
3,Downtrend / High-Vol,4h,35,0.0036977909534864446,0.0035931587119524266,0.007636958905778042,0.7142857142857143,75
3,Downtrend / High-Vol,8h,35,0.0027253103071198026,0.003867409578433012,0.014277559385599279,0.6285714285714286,75
0,Ranging / Low-Vol,30m,601,-8.624831317298328e-05,-5.981681586675336e-05,0.003899062570830157,0.49584026622296173,76
0,Ranging / Low-Vol,1h,601,-8.625043374964708e-05,3.237577937476033e-05,0.005171132240991541,0.5091514143094842,76
0,Ranging / Low-Vol,2h,600,-0.0002987282467626014,3.759840251760238e-05,0.007145741573122878,0.5083333333333333,76
0,Ranging / Low-Vol,4h,600,-0.0002396640932979673,-1.5018838877445262e-05,0.010453851036713077,0.5,76
0,Ranging / Low-Vol,8h,597,-0.0004095331083330481,0.00020306782685430846,0.015168953028640953,0.507537688442211,76
1,Uptrend / High-Vol,30m,114,0.0003446527869456031,0.0003679492428654285,0.004779735785674031,0.5263157894736842,76
1,Uptrend / High-Vol,1h,114,0.0006306134789052489,-3.551958306058367e-05,0.005679549019306934,0.49122807017543857,76
1,Uptrend / High-Vol,2h,114,0.0012350807350028465,0.0011397727048567674,0.006951827720384458,0.6140350877192983,76
1,Uptrend / High-Vol,4h,114,0.003011179137307498,0.002765619418521048,0.010547213085890877,0.6578947368421053,76
1,Uptrend / High-Vol,8h,114,0.0008521221493285904,0.0011260178439629343,0.01575502328708199,0.5877192982456141,76
2,Downtrend / High-Vol,30m,83,-0.00034604210111933,0.00028140280566901765,0.006153272240858817,0.5301204819277109,76
2,Downtrend / High-Vol,1h,83,-0.001086205903322318,-0.00023092957358450406,0.0090635380742402,0.46987951807228917,76
2,Downtrend / High-Vol,2h,83,-0.0016592846382248209,-6.393054668940579e-05,0.011860080826632419,0.4939759036144578,76
2,Downtrend / High-Vol,4h,80,-0.002589362301646236,-0.00020558743099918786,0.017776171215932595,0.4875,76
2,Downtrend / High-Vol,8h,78,0.0035357991675955902,0.0026701223778067273,0.024880638893659306,0.5128205128205128,76
3,Ranging / Low-Vol,30m,689,0.00010338660579535464,0.00021822073980359846,0.0031743037847341148,0.5341074020319303,76
3,Ranging / Low-Vol,1h,688,0.00018657356507300642,0.000296382926329386,0.004810627034751582,0.5319767441860465,76
3,Ranging / Low-Vol,2h,687,0.0003998696696343975,0.00038795721747675316,0.007060920689569771,0.537117903930131,76
3,Ranging / Low-Vol,4h,686,0.0002722950498139442,0.0007396211926558038,0.00977241851013175,0.543731778425656,76
3,Ranging / Low-Vol,8h,683,0.0005942807706113075,0.000544978481844538,0.014648381740360624,0.5256222547584187,76
0,Ranging / Mid-Vol,30m,634,-0.0001787662812388745,8.811593996949085e-05,0.0036762723181333824,0.5141955835962145,77
0,Ranging / Mid-Vol,1h,634,0.00010994967159892124,0.00029327741375517746,0.005254866512584665,0.526813880126183,77
0,Ranging / Mid-Vol,2h,633,2.9352106593116508e-05,0.0004272088359282833,0.0079359931094743,0.5339652448657188,77
0,Ranging / Mid-Vol,4h,631,-0.00021268067588836795,0.00027057843360900335,0.012031316704355303,0.5118858954041204,77
0,Ranging / Mid-Vol,8h,626,-0.001293025165493205,0.0007792717832044715,0.017193935776301565,0.5319488817891374,77
1,Uptrend / High-Vol,30m,122,0.00025102062527663534,-0.0007172800432302395,0.00547157845983394,0.4098360655737705,77
1,Uptrend / High-Vol,1h,122,0.00043929413118428827,-0.0001526279050096946,0.007402876490463611,0.47540983606557374,77
1,Uptrend / High-Vol,2h,122,0.0013577624543759067,0.0001543119862228437,0.009459534904976447,0.5,77
1,Uptrend / High-Vol,4h,122,0.0020268507741981728,-0.0008415793339020539,0.013332338514477425,0.47540983606557374,77
1,Uptrend / High-Vol,8h,122,0.0010302011499010626,-0.002135684369654278,0.02175660121116204,0.48360655737704916,77
2,Downtrend / High-Vol,30m,169,-0.00010212802040382342,-1.7327425792856843e-05,0.010499413413173666,0.4970414201183432,77
2,Downtrend / High-Vol,1h,169,-0.0003727725043600828,-0.0005965214254182172,0.014337317289448632,0.4556213017751479,77
2,Downtrend / High-Vol,2h,169,-0.00029548348322251466,0.0002173841980486202,0.018791703040467917,0.5207100591715976,77
2,Downtrend / High-Vol,4h,169,-0.000132467460426863,-0.0003683989528617815,0.025058196265050237,0.4970414201183432,77
2,Downtrend / High-Vol,8h,169,0.0020459450048986067,0.002282929831153524,0.03275069624146209,0.5562130177514792,77
3,Ranging / Low-Vol,30m,562,1.6693032508750545e-05,0.00017434795971382755,0.0040815737330408,0.5177935943060499,77
3,Ranging / Low-Vol,1h,561,-0.000432945579894846,-6.846981880315184e-05,0.00631769254788416,0.49376114081996436,77
3,Ranging / Low-Vol,2h,560,-0.0008753598102475145,-0.0001114865766957962,0.010232127171417122,0.48392857142857143,77
3,Ranging / Low-Vol,4h,558,-0.001391622734010454,-9.56540648777704e-05,0.014032885324078918,0.4874551971326165,77
3,Ranging / Low-Vol,8h,555,-0.0018454093227986308,-0.0004904457495555903,0.019401332724317738,0.4900900900900901,77
0,Ranging / Mid-Vol,30m,709,6.390646078942765e-05,-6.084206330037034e-05,0.0029967310967438906,0.48801128349788436,78
0,Ranging / Mid-Vol,1h,709,0.00011764377494151769,0.00012858474645582874,0.004271652895463698,0.5176304654442877,78
0,Ranging / Mid-Vol,2h,709,0.00033656771118896673,8.993342449947761e-05,0.005949893658455502,0.5091678420310296,78
0,Ranging / Mid-Vol,4h,706,0.0004219985735103872,3.720590432543247e-05,0.008590928344769247,0.5084985835694051,78
0,Ranging / Mid-Vol,8h,701,0.0009538245208867295,0.0008214175781553479,0.012399206395239483,0.5278174037089871,78
1,Uptrend / High-Vol,30m,86,0.00029078615779914866,9.553589494970538e-05,0.004991434795304051,0.5,78
1,Uptrend / High-Vol,1h,86,0.0003000463132969732,-0.00013448447202257796,0.007304619428948227,0.47674418604651164,78
1,Uptrend / High-Vol,2h,86,-0.00046917451378824306,0.00040399921149969487,0.00908969513617446,0.5116279069767442,78
1,Uptrend / High-Vol,4h,86,-0.0004783367863745757,-0.00022671886633851557,0.011391464300926165,0.4883720930232558,78
1,Uptrend / High-Vol,8h,86,-0.00102399877480163,-0.00026908791800206444,0.01389105439202867,0.47674418604651164,78
2,Downtrend / High-Vol,30m,42,-0.0007744311497783551,0.0005480003989655202,0.005743013111525936,0.5238095238095238,78
2,Downtrend / High-Vol,1h,42,-0.0006716273461283403,-0.0002530877154427458,0.006998038871240599,0.47619047619047616,78
2,Downtrend / High-Vol,2h,42,5.961906597960026e-05,0.001018398395850717,0.00982712263653301,0.5952380952380952,78
2,Downtrend / High-Vol,4h,42,-6.532895256105591e-05,0.0011436688990853483,0.013691919494897732,0.5714285714285714,78
2,Downtrend / High-Vol,8h,42,-1.7461915113869964e-05,-0.0002734379008808574,0.013359789140159969,0.5,78
3,Ranging / Low-Vol,30m,602,5.589161308404888e-05,1.5208429243074306e-05,0.0032129097986283287,0.5,78
3,Ranging / Low-Vol,1h,601,0.00010531425833816183,-2.436850456355444e-05,0.004290367357279666,0.49750415973377704,78
3,Ranging / Low-Vol,2h,599,0.0001600635825627384,0.0003225234286592382,0.006332625455015512,0.5208681135225376,78
3,Ranging / Low-Vol,4h,598,0.0006446449504095636,0.00010436506588895611,0.008806264853313693,0.5033444816053512,78
3,Ranging / Low-Vol,8h,595,0.0012532278939419521,0.0006341211413847248,0.012466086311519511,0.5294117647058824,78
0,Uptrend / High-Vol,30m,50,-0.0006906582580271347,-0.0011562385473329329,0.003824554409637345,0.42,79
0,Uptrend / High-Vol,1h,50,-0.001223488193202158,-0.0008448282818989128,0.005973577206211961,0.4,79
0,Uptrend / High-Vol,2h,50,-0.0012137825927546685,-0.0008082761727612464,0.005785462804708481,0.42,79
0,Uptrend / High-Vol,4h,50,-0.002721754655785773,-0.0023562399758780828,0.008818353882425146,0.36,79
0,Uptrend / High-Vol,8h,50,-0.0002390245927172785,-0.00066203906397444,0.011057863787605812,0.48,79
1,Ranging / Mid-Vol,30m,730,0.00012746654120824303,0.00012292115433076845,0.002695708087390736,0.5191780821917809,79
1,Ranging / Mid-Vol,1h,730,0.00031492607721849493,0.00020380887397486447,0.004021093653621283,0.5260273972602739,79
1,Ranging / Mid-Vol,2h,729,0.00033266333703330857,0.00027903493847603045,0.005375196399964475,0.5294924554183813,79
1,Ranging / Mid-Vol,4h,727,0.0005708200009947377,0.0004969265552094981,0.00730890474506031,0.5392022008253095,79
1,Ranging / Mid-Vol,8h,723,0.0010818565249171859,0.0009326571304750786,0.010630244060151029,0.5643153526970954,79
2,Downtrend / High-Vol,30m,42,0.0002502494889340295,0.001000837295845436,0.0059868934903147064,0.5476190476190477,79
2,Downtrend / High-Vol,1h,42,0.0005535745943018575,-0.00034913976624384446,0.0064729073185695015,0.47619047619047616,79
2,Downtrend / High-Vol,2h,42,0.00043886051519639207,0.0003201650906490272,0.008810301641228827,0.5476190476190477,79
2,Downtrend / High-Vol,4h,42,0.0023101346532042825,0.0034936198840682664,0.010381855769414083,0.6666666666666666,79
2,Downtrend / High-Vol,8h,42,0.002754009465144422,0.005553610798022746,0.014110212244089131,0.6428571428571429,79
3,Ranging / Low-Vol,30m,665,5.25630942867154e-05,-1.6086719519137205e-05,0.0031727127990377685,0.4917293233082707,79
3,Ranging / Low-Vol,1h,664,2.679006085590609e-05,0.00011893766543824569,0.004079167702439852,0.5225903614457831,79
3,Ranging / Low-Vol,2h,663,0.00032429001889291287,0.0002574664893426615,0.005654265352770241,0.5279034690799397,79
3,Ranging / Low-Vol,4h,661,0.0006692863036958321,0.000447613269615843,0.007570828229694251,0.5325264750378215,79
3,Ranging / Low-Vol,8h,657,0.0010916017755294338,0.0009247909719682923,0.01046300366530852,0.5403348554033486,79
0,Ranging / Low-Vol,30m,549,0.00019182774008614964,0.00014727188024288296,0.0037867327085238304,0.5318761384335154,80
0,Ranging / Low-Vol,1h,549,0.0005436478293555144,0.0004470074026770021,0.00532510979416744,0.5391621129326047,80
0,Ranging / Low-Vol,2h,548,0.0010806921162484062,0.0006713426944147116,0.007536935346256805,0.5583941605839416,80
0,Ranging / Low-Vol,4h,545,0.002044982359289638,0.0012385429490908706,0.010941839742987354,0.563302752293578,80
0,Ranging / Low-Vol,8h,540,0.004412746226521776,0.002126182055425474,0.015245017338129588,0.6037037037037037,80
1,Uptrend / High-Vol,30m,164,0.0005013962478537519,9.174489650121131e-05,0.005863662928830709,0.5121951219512195,80
1,Uptrend / High-Vol,1h,164,0.0009316147718807131,0.0001846595773411508,0.008559203907996851,0.5304878048780488,80
1,Uptrend / High-Vol,2h,164,0.0007963144873120862,0.00041586978850194356,0.012473164340448149,0.5182926829268293,80
1,Uptrend / High-Vol,4h,164,-8.919676114049215e-05,-0.00234119835487423,0.01753047844385741,0.4573170731707317,80
1,Uptrend / High-Vol,8h,164,-0.0001627726824236224,0.00022652536286216218,0.01853017647073442,0.5060975609756098,80
2,Ranging / Mid-Vol,30m,644,9.89711562338414e-05,8.175607616678349e-05,0.0036361244252718773,0.515527950310559,80
2,Ranging / Mid-Vol,1h,643,8.692694220611704e-05,0.00021716382684644486,0.0051369528764380196,0.5163297045101088,80
2,Ranging / Mid-Vol,2h,642,0.0007051472995568868,0.00048599312330921407,0.006943082072761726,0.5451713395638629,80
2,Ranging / Mid-Vol,4h,641,0.0019647691192829137,0.0008428218122791264,0.0102894392566312,0.5631825273010921,80
2,Ranging / Mid-Vol,8h,638,0.003843407037967177,0.002432406286747124,0.015067375279783107,0.5752351097178683,80
3,Downtrend / High-Vol,30m,82,0.000764857708111573,-0.00011272417700780579,0.006121882354751657,0.4878048780487805,80
3,Downtrend / High-Vol,1h,82,0.0015069390852104035,0.0021915654392232753,0.0072804910229462535,0.5975609756097561,80
3,Downtrend / High-Vol,2h,82,0.001299071863462621,0.001494809275937925,0.009910941899311515,0.573170731707317,80
3,Downtrend / High-Vol,4h,82,0.0030664926193519687,0.0033432055998092736,0.010724815913583563,0.6219512195121951,80
3,Downtrend / High-Vol,8h,82,0.005689547367976869,0.0048481183431041686,0.017233114717041864,0.6341463414634146,80
0,Ranging / Mid-Vol,30m,670,-8.99157010108692e-05,-7.869925852066473e-05,0.0036245846241712352,0.48656716417910445,81
0,Ranging / Mid-Vol,1h,670,-5.066746751383023e-05,7.200827342490612e-05,0.005413827389984087,0.5119402985074627,81
0,Ranging / Mid-Vol,2h,670,0.00011432846498195894,0.00024206484316735555,0.007679805337882062,0.5223880597014925,81
0,Ranging / Mid-Vol,4h,668,0.00019128365460946062,0.0004767173185751261,0.010844358640921111,0.5254491017964071,81
0,Ranging / Mid-Vol,8h,663,-0.00017491759586924058,0.0013577770083816887,0.014423695694332607,0.555052790346908,81
1,Uptrend / High-Vol,30m,109,0.000489012348989006,0.0001286086754213045,0.005367950898744555,0.5137614678899083,81
1,Uptrend / High-Vol,1h,109,0.0003432937079355001,-0.0007396703758573153,0.007408344541899679,0.48623853211009177,81
1,Uptrend / High-Vol,2h,109,-0.0008188338097799403,-0.0009323672205336919,0.009449265912850788,0.44036697247706424,81
1,Uptrend / High-Vol,4h,109,-0.0015516789534858965,-0.0041584002558057165,0.012583641446578139,0.3853211009174312,81
1,Uptrend / High-Vol,8h,109,0.0008060333824611754,-0.0009661510844622967,0.017630413118487488,0.47706422018348627,81
2,Ranging / Low-Vol,30m,587,3.509161021441994e-05,0.00024610902333499496,0.0035688164415634536,0.5366269165247018,81
2,Ranging / Low-Vol,1h,586,-8.746857510563253e-05,0.00022400422924029328,0.005165062364866813,0.5187713310580204,81
2,Ranging / Low-Vol,2h,584,-3.607007445212019e-05,9.155556156326128e-05,0.0077345913085712726,0.5102739726027398,81
2,Ranging / Low-Vol,4h,582,-0.00030954261602743696,0.00037416359342401506,0.0110940439143377,0.5343642611683849,81
2,Ranging / Low-Vol,8h,579,-0.001076120040509754,0.00043203092377375185,0.01580712596873547,0.5198618307426598,81
3,Downtrend / High-Vol,30m,121,-0.00037584296359684233,-0.00019746843555878968,0.007530165426543142,0.47107438016528924,81
3,Downtrend / High-Vol,1h,121,-9.499951235974703e-05,0.0009417034084293618,0.009559829086237386,0.5867768595041323,81
3,Downtrend / High-Vol,2h,121,-0.0006750470460327054,-9.52736519170827e-05,0.011582976817111929,0.49586776859504134,81
3,Downtrend / High-Vol,4h,121,8.333181825282691e-05,8.626204208894706e-05,0.015028475094905671,0.5041322314049587,81
3,Downtrend / High-Vol,8h,121,0.0021748035239968593,0.0025456570536253054,0.016647447540929224,0.628099173553719,81
0,Ranging / Low-Vol,30m,604,0.0001748460117616667,0.00012759353398195117,0.003996718869404535,0.5231788079470199,82
0,Ranging / Low-Vol,1h,604,0.0004582091509847509,0.0003325313553457221,0.0050892455658744845,0.5364238410596026,82
0,Ranging / Low-Vol,2h,603,0.00045849193870327326,0.00037427349031737833,0.007172252781317698,0.5306799336650083,82
0,Ranging / Low-Vol,4h,603,0.0008349309603099557,0.0005423995853011121,0.01027695683168324,0.5472636815920398,82
0,Ranging / Low-Vol,8h,602,0.0011954119551062545,0.0009602661518730571,0.014360741505169613,0.5448504983388704,82
1,Downtrend / High-Vol,30m,122,-2.816050005180345e-05,-0.00023493000249885654,0.007486507572024998,0.4918032786885246,82
1,Downtrend / High-Vol,1h,122,-0.0007989074288585497,-0.0015249265804841983,0.00983715286689762,0.4180327868852459,82
1,Downtrend / High-Vol,2h,122,-0.0019171148171490864,-0.0022124230652487142,0.01234152648709949,0.45901639344262296,82
1,Downtrend / High-Vol,4h,119,-0.0013030384687697514,-0.0014300992147013858,0.016031292646489986,0.47058823529411764,82
1,Downtrend / High-Vol,8h,116,0.0031161544318707743,0.0022217847432823845,0.02652193237554866,0.5603448275862069,82
2,Ranging / Mid-Vol,30m,667,6.435592678587155e-06,-0.0001362616309279474,0.003321600626031057,0.4827586206896552,82
2,Ranging / Mid-Vol,1h,666,2.4479366495958714e-05,-0.00011378625111380103,0.005250093529174438,0.49099099099099097,82
2,Ranging / Mid-Vol,2h,665,0.0005997286291550909,0.00024977917476221023,0.007187741500015482,0.5323308270676692,82
2,Ranging / Mid-Vol,4h,664,0.0007909418952075682,0.00030370006867652677,0.011048104261323076,0.516566265060241,82
2,Ranging / Mid-Vol,8h,660,0.0008819996921377817,0.0003244909477464475,0.014753315721480836,0.5151515151515151,82
3,Uptrend / High-Vol,30m,94,-0.00019199146510792862,8.39354136505932e-05,0.00516900326782288,0.5106382978723404,82
3,Uptrend / High-Vol,1h,94,-0.00028865923569004157,-0.00043934348391427847,0.006469351753997014,0.4787234042553192,82
3,Uptrend / High-Vol,2h,94,-0.0010362588049319618,-1.4973255436423472e-05,0.008388469289105527,0.5,82
3,Uptrend / High-Vol,4h,94,-0.0021663171149453324,-0.0002853375965630178,0.011141739577417419,0.46808510638297873,82
3,Uptrend / High-Vol,8h,94,-0.001834590418573162,0.0008280632772104113,0.015628975534316733,0.5425531914893617,82
0,Ranging / Mid-Vol,30m,618,-4.712645612730295e-05,0.00011123402454948916,0.0029878722595023774,0.5226537216828478,83
0,Ranging / Mid-Vol,1h,617,-5.309645892690152e-05,6.412980868475415e-05,0.004099011377891079,0.5121555915721232,83
0,Ranging / Mid-Vol,2h,616,-0.0007363845862791614,0.00013975776568564413,0.006473337639886508,0.5162337662337663,83
0,Ranging / Mid-Vol,4h,614,-0.0016834085114671791,-0.00043681180290544575,0.009507892104542549,0.4609120521172638,83
0,Ranging / Mid-Vol,8h,614,-0.0029450905414172964,-0.0008415354379751605,0.014209728418542338,0.4495114006514658,83
1,Uptrend / High-Vol,30m,65,0.0010646063862066167,0.0005032811437946094,0.006390487013858009,0.5230769230769231,83
1,Uptrend / High-Vol,1h,65,0.001730187377987737,7.331923908004967e-05,0.008805032735306303,0.5230769230769231,83
1,Uptrend / High-Vol,2h,65,0.0022326206973646598,0.0018137457888638409,0.010679999692688106,0.5384615384615384,83
1,Uptrend / High-Vol,4h,64,0.004124870393988345,0.000507889406866191,0.014490164019856642,0.546875,83
1,Uptrend / High-Vol,8h,56,0.005680241184463102,0.003920575763577183,0.02305291032283401,0.6071428571428571,83
2,Ranging / Low-Vol,30m,552,-0.00025947886635271884,-3.825367463505813e-05,0.003274165635098689,0.4927536231884058,83
2,Ranging / Low-Vol,1h,552,-0.0005880633570865988,-0.0003327938654900109,0.005131299334209912,0.46557971014492755,83
2,Ranging / Low-Vol,2h,551,-0.0005180774847036365,-7.890369831464739e-05,0.0073738022203452295,0.4863883847549909,83
2,Ranging / Low-Vol,4h,550,-0.001044258063529533,-0.0004005136063680581,0.010668866804946076,0.46545454545454545,83
2,Ranging / Low-Vol,8h,550,-0.002764785657555584,-0.0014921492297066408,0.015514797619684259,0.43272727272727274,83
3,Downtrend / High-Vol,30m,108,-0.000829678474471076,-0.0004906504033233006,0.006844002544378412,0.48148148148148145,83
3,Downtrend / High-Vol,1h,108,-0.0013415964649320172,-0.0008757418615887858,0.008924679515034596,0.4351851851851852,83
3,Downtrend / High-Vol,2h,108,-0.0017858378418347828,0.0004467266848582341,0.012474268451239418,0.5092592592592593,83
3,Downtrend / High-Vol,4h,108,-0.002124706630369451,0.0018099115879595118,0.016745955508348506,0.5277777777777778,83
3,Downtrend / High-Vol,8h,108,-0.001213591478325239,-0.0010309258336489435,0.02271923799448922,0.49074074074074076,83
0,Downtrend / High-Vol,30m,143,8.457438521245211e-05,-1.1617910722350189e-07,0.008055321332488204,0.4965034965034965,84
0,Downtrend / High-Vol,1h,143,0.0006419735542771362,0.001316726032614568,0.010766335645166759,0.5804195804195804,84
0,Downtrend / High-Vol,2h,143,0.0012345470969931688,0.0029349780389118507,0.013658542404874635,0.5944055944055944,84
0,Downtrend / High-Vol,4h,143,0.0012709140144247933,0.001330675556120653,0.021149388130245764,0.5174825174825175,84
0,Downtrend / High-Vol,8h,143,-0.0015435739742250896,0.0007188774999793424,0.02639271977450576,0.5244755244755245,84
1,Ranging / Mid-Vol,30m,660,-0.00013246977094171658,4.711019512804171e-05,0.003578836187938039,0.5060606060606061,84
1,Ranging / Mid-Vol,1h,660,-0.00016143666719100513,0.00011272892194824635,0.0050295562896708335,0.509090909090909,84
1,Ranging / Mid-Vol,2h,659,-0.00029830882773340656,6.765850389456318e-05,0.0068748479304135985,0.5068285280728376,84
1,Ranging / Mid-Vol,4h,655,-0.0005447819379382852,6.060769585580772e-05,0.009533820942767286,0.5068702290076336,84
1,Ranging / Mid-Vol,8h,650,-0.00011892947406576964,0.00021010075566163522,0.01578686476807042,0.5107692307692308,84
2,Ranging / Low-Vol,30m,581,-1.3826692467767495e-05,7.999680017078958e-05,0.0038536637131001625,0.5163511187607573,84
2,Ranging / Low-Vol,1h,580,-0.00019882655821315217,-0.00015001408790382698,0.005488254589712066,0.4810344827586207,84
2,Ranging / Low-Vol,2h,579,-9.595427532322296e-05,0.00026852689402545593,0.00766290823687314,0.5267702936096719,84
2,Ranging / Low-Vol,4h,579,0.0001305519225569801,0.00019098307958920202,0.012202719398191607,0.5112262521588946,84
2,Ranging / Low-Vol,8h,576,8.204238994227114e-05,-1.706544746316041e-05,0.018070441188409544,0.4930555555555556,84
3,Uptrend / High-Vol,30m,103,0.0006089406043080859,0.00047191025171677836,0.00632075704726992,0.5242718446601942,84
3,Uptrend / High-Vol,1h,103,0.0008859324669118369,-0.000147140976283211,0.010379913816466368,0.49514563106796117,84
3,Uptrend / High-Vol,2h,103,-9.327894690027532e-05,0.0007031531169676697,0.01801312870270484,0.5533980582524272,84
3,Uptrend / High-Vol,4h,103,-0.001057318916350404,-0.0017722026564044313,0.019799684967465155,0.47572815533980584,84
3,Uptrend / High-Vol,8h,103,-0.0017478214823937156,-0.0023833489341402725,0.021804472147642664,0.4174757281553398,84
0,Ranging / Low-Vol,30m,592,0.00011502309204538421,0.0001390085933694607,0.0032375496781085734,0.5287162162162162,85
0,Ranging / Low-Vol,1h,592,0.000139697833517806,6.127264788524656e-05,0.004635456085521587,0.5067567567567568,85
0,Ranging / Low-Vol,2h,590,0.00030482829237781645,0.00017808443540356933,0.006439244596496583,0.5169491525423728,85
0,Ranging / Low-Vol,4h,588,0.0002353864591877203,0.0004870177829472411,0.010041042293526651,0.5357142857142857,85
0,Ranging / Low-Vol,8h,583,0.000940867033225418,0.0007480852408701111,0.013935984397574685,0.5368782161234992,85
1,Ranging / Mid-Vol,30m,636,9.139689028141748e-06,7.326544118058109e-07,0.003236015606567976,0.5,85
1,Ranging / Mid-Vol,1h,635,0.00011490877530490601,-0.00012259528996771962,0.004626311575919201,0.48031496062992124,85
1,Ranging / Mid-Vol,2h,635,0.00026935456817092694,0.00014349076764474944,0.007195816018533028,0.5133858267716536,85
1,Ranging / Mid-Vol,4h,633,0.0007500324090511089,0.0004351497065329113,0.00982733779920664,0.5292259083728278,85
1,Ranging / Mid-Vol,8h,630,0.001713591367401897,0.00040379789522937415,0.014139568529742534,0.5142857142857142,85
2,Uptrend / High-Vol,30m,120,0.0002613664149893946,-0.0001393386497001714,0.0056309626719254855,0.48333333333333334,85
2,Uptrend / High-Vol,1h,120,0.0007467090440173833,-0.0002543032324959782,0.007251773514824711,0.48333333333333334,85
2,Uptrend / High-Vol,2h,120,0.0017695047692308414,0.0008566386380799429,0.00962808725145172,0.5416666666666666,85
2,Uptrend / High-Vol,4h,120,0.0023707576364962496,0.0015807434921990549,0.01458085585109974,0.6083333333333333,85
2,Uptrend / High-Vol,8h,120,0.003519045266450756,0.0026505150566915603,0.019808720568450594,0.5583333333333333,85
3,Downtrend / High-Vol,30m,91,0.0002786658259321697,0.00025364564439200876,0.007526170592098561,0.5164835164835165,85
3,Downtrend / High-Vol,1h,91,0.00018418251963639716,0.0010470249710472501,0.009896878826109469,0.5274725274725275,85
3,Downtrend / High-Vol,2h,91,-0.0004408650372035122,0.0023211906932090187,0.012766899503724121,0.5604395604395604,85
3,Downtrend / High-Vol,4h,91,0.0016174879110530827,0.0024213665826398056,0.015235287208567087,0.5604395604395604,85
3,Downtrend / High-Vol,8h,91,-0.00035906528925118555,0.0028582085652342215,0.02091793373477256,0.5384615384615384,85
0,Ranging / Low-Vol,30m,641,-3.646192053697333e-05,-5.55269686142168e-05,0.00272636305209214,0.49297971918876754,86
0,Ranging / Low-Vol,1h,640,8.333456028436492e-07,4.283808995175775e-05,0.0038224713182648255,0.5046875,86
0,Ranging / Low-Vol,2h,640,0.00022286784309325235,-9.553056352729072e-05,0.005277215599429034,0.4875,86
0,Ranging / Low-Vol,4h,639,0.0002562439550499225,-0.00017551334661547457,0.007171358856376255,0.49608763693270735,86
0,Ranging / Low-Vol,8h,637,0.0008440539718545854,0.00028732009220711063,0.009579154141339183,0.5133437990580848,86
1,Uptrend / High-Vol,30m,73,-0.00020744159046176926,0.0003957800455349769,0.004180948489296083,0.5616438356164384,86
1,Uptrend / High-Vol,1h,73,-0.0003591363068146433,0.0002187891246219209,0.005928720948228698,0.5342465753424658,86
1,Uptrend / High-Vol,2h,73,-0.0008818019521066251,8.117473675461895e-05,0.00796055187390314,0.5205479452054794,86
1,Uptrend / High-Vol,4h,73,-0.0004622735067236517,0.0008845867162996512,0.009198290881350314,0.5205479452054794,86
1,Uptrend / High-Vol,8h,73,0.0021465274873142264,0.003016225456667243,0.011955621433311135,0.684931506849315,86
2,Ranging / Mid-Vol,30m,754,0.000166551805600107,0.0001030289268442175,0.002528449998874574,0.5265251989389921,86
2,Ranging / Mid-Vol,1h,754,0.0002498208953214168,0.00016574008193970258,0.003572237888884674,0.5251989389920424,86
2,Ranging / Mid-Vol,2h,752,0.0002951218026293848,0.00029648514181790375,0.005092329464957475,0.5252659574468085,86
2,Ranging / Mid-Vol,4h,749,0.0007625069422351598,0.00025816388084187736,0.007005893157626467,0.5180240320427236,86
2,Ranging / Mid-Vol,8h,743,0.0010098649052816498,6.583949330973837e-05,0.009289624830357574,0.5020188425302826,86
3,Downtrend / High-Vol,30m,19,0.0008749713150927027,0.000616737058575012,0.003718090479575698,0.631578947368421,86
3,Downtrend / High-Vol,1h,19,0.0023157131886573793,0.002254748951203922,0.0058136384420798244,0.6842105263157895,86
3,Downtrend / High-Vol,2h,19,0.005699029494579028,0.006317178403719481,0.007110468907946804,0.8421052631578947,86
3,Downtrend / High-Vol,4h,19,0.005556456794286665,0.006535461526018693,0.008473216776210381,0.7368421052631579,86
3,Downtrend / High-Vol,8h,19,0.00699378574853146,0.0005636592545279484,0.013908401042315636,0.5789473684210527,86
0,Ranging / High-Vol,30m,17,-0.0006169646420055966,-0.0010199706425044752,0.0031566505081693534,0.35294117647058826,87
0,Ranging / High-Vol,1h,17,-0.0012654679181214716,-0.001879715941845106,0.004985637468122453,0.29411764705882354,87
0,Ranging / High-Vol,2h,17,0.0006367129679164203,0.0003902748456496852,0.004907893481272472,0.5294117647058824,87
0,Ranging / High-Vol,4h,17,0.0005699933394560391,-0.0013169471043852354,0.006265142127639063,0.35294117647058826,87
0,Ranging / High-Vol,8h,17,0.009109616291611791,0.009464080947021003,0.009295605466218711,0.8235294117647058,87
1,Ranging / Mid-Vol,30m,748,-3.841994027104806e-05,-8.765612634142883e-05,0.0025591254062339625,0.48663101604278075,87
1,Ranging / Mid-Vol,1h,747,2.1953502968504453e-05,-3.971094107058093e-05,0.0032638869641621773,0.4886211512717537,87
1,Ranging / Mid-Vol,2h,745,0.00016935174976715498,0.0001226766174600158,0.004697561823090894,0.5181208053691275,87
1,Ranging / Mid-Vol,4h,743,0.00024474798141474886,0.00030405824721846386,0.006815009883741091,0.531628532974428,87
1,Ranging / Mid-Vol,8h,737,0.00029755633421084285,0.0006746101534975679,0.010051616314196522,0.5345997286295794,87
2,Ranging / Low-Vol,30m,545,0.00012347684138496552,0.00016017169537008158,0.0020343627228301205,0.5321100917431193,87
2,Ranging / Low-Vol,1h,545,0.00011670885109116088,7.403142548945141e-05,0.003016615479489802,0.5284403669724771,87
2,Ranging / Low-Vol,2h,545,0.0001474994764911838,0.00023962343045269563,0.004566011250168162,0.5339449541284403,87
2,Ranging / Low-Vol,4h,543,0.00013875457463276698,0.00022895778971765424,0.006583663274008471,0.5174953959484346,87
2,Ranging / Low-Vol,8h,541,9.759980659906457e-06,0.00031873324267728265,0.009009253289533283,0.5101663585951941,87
3,Ranging / Mid-Vol,30m,129,-1.4872796574364148e-05,-4.676594450891969e-05,0.004035621943438144,0.4883720930232558,87
3,Ranging / Mid-Vol,1h,129,-5.2927814930963135e-05,-8.18525022090455e-05,0.005841377108422814,0.49612403100775193,87
3,Ranging / Mid-Vol,2h,129,-0.0008538809935503059,-0.001147842390757603,0.00755414828063179,0.4108527131782946,87
3,Ranging / Mid-Vol,4h,129,-0.0003033638865443548,4.421928639608552e-05,0.010317714903997481,0.5038759689922481,87
3,Ranging / Mid-Vol,8h,129,0.000612725201496336,0.0012700751542578104,0.014884742047417859,0.5426356589147286,87
0,Ranging / Low-Vol,30m,684,5.297342469650248e-05,9.330518816419442e-05,0.0022473935390058875,0.5175438596491229,88
0,Ranging / Low-Vol,1h,683,9.681166617580482e-05,0.00016241177948828067,0.0032918316812562175,0.5373352855051244,88
0,Ranging / Low-Vol,2h,682,7.041492254832242e-05,0.00011767611051460847,0.0044745419017798395,0.5175953079178885,88
0,Ranging / Low-Vol,4h,681,0.00016950265422318073,4.819905972119898e-05,0.006109214955962706,0.5036710719530103,88
0,Ranging / Low-Vol,8h,678,0.0006452191810744518,0.0006591793508743393,0.009271207811584817,0.5398230088495575,88
1,Uptrend / High-Vol,30m,30,0.0006678982211124544,0.0009294120258989125,0.00433961403912112,0.5666666666666667,88
1,Uptrend / High-Vol,1h,30,0.0006681919059398448,-0.0004962568174367021,0.004901100149638819,0.5,88
1,Uptrend / High-Vol,2h,30,0.0010863610600438279,0.0009290996481290392,0.005641185146029133,0.5666666666666667,88
1,Uptrend / High-Vol,4h,30,0.005137287355974843,0.0041075444649081305,0.007997686454495686,0.7333333333333333,88
1,Uptrend / High-Vol,8h,30,0.007565301529034999,0.0050890628324680165,0.010833988176618375,0.7,88
2,Downtrend / High-Vol,30m,8,0.00017173024226857514,0.0001472566878106818,0.003556273584289847,0.5,88
2,Downtrend / High-Vol,1h,8,-0.0006181941215905873,0.00039186044850847424,0.004655401503325542,0.5,88
2,Downtrend / High-Vol,2h,8,0.00017598846404620616,3.752563879810822e-05,0.004352581580171171,0.5,88
2,Downtrend / High-Vol,4h,8,-0.00241781934281593,-0.0035650666465985026,0.004813074801270774,0.25,88
2,Downtrend / High-Vol,8h,8,0.0027901204284812575,0.002760420677427433,0.007910519714147218,0.5,88
3,Ranging / Mid-Vol,30m,765,2.5485171951937112e-05,8.913902157914322e-05,0.0021536443235541827,0.515032679738562,88
3,Ranging / Mid-Vol,1h,765,9.608989761535177e-05,-1.7777111136041412e-05,0.003002730178418582,0.49673202614379086,88
3,Ranging / Mid-Vol,2h,764,0.00030231380579675096,0.0001964184480574005,0.004413584622810209,0.5157068062827225,88
3,Ranging / Mid-Vol,4h,761,0.0005260892090860594,0.00025143339767197403,0.006004477846179364,0.5269382391590013,88
3,Ranging / Mid-Vol,8h,756,0.0009750821947632307,0.0007214473693979429,0.008703185896668403,0.5595238095238095,88
0,Ranging / Low-Vol,30m,682,-2.8925426458891118e-05,-9.538568794820179e-05,0.0026210664625545468,0.48533724340175954,89
0,Ranging / Low-Vol,1h,681,-0.00010062217652075148,-0.00012785807753346035,0.003581056016083962,0.4801762114537445,89
0,Ranging / Low-Vol,2h,680,-0.0002522421360343288,-0.00015400801344345183,0.005090017230136797,0.4823529411764706,89
0,Ranging / Low-Vol,4h,678,-0.00015525007844300733,-0.00018509399580235453,0.007078239013610576,0.4896755162241888,89
0,Ranging / Low-Vol,8h,675,-0.00029323897076122783,-0.0001163891281308338,0.010180285938802842,0.4962962962962963,89
1,Uptrend / High-Vol,30m,27,0.0001399284187890128,-0.0005038718724481583,0.0032135989757532237,0.4074074074074074,89
1,Uptrend / High-Vol,1h,27,-0.0003825855351988349,-0.00035315853188500057,0.004832064139405585,0.4074074074074074,89
1,Uptrend / High-Vol,2h,27,-0.00012735344006025245,0.0003676249160466938,0.004360308404961214,0.5185185185185185,89
1,Uptrend / High-Vol,4h,27,4.9696085372427545e-05,0.00012498683435602231,0.005434748332679656,0.5555555555555556,89
1,Uptrend / High-Vol,8h,27,-0.003213305808342452,-0.001430727644208929,0.009090391879408464,0.3333333333333333,89
2,Ranging / Mid-Vol,30m,756,-4.148667290295327e-05,-4.671382111354205e-06,0.00225049620507729,0.49603174603174605,89
2,Ranging / Mid-Vol,1h,756,-2.9435742553792758e-05,1.0389954119283118e-05,0.0031764153447850054,0.5,89
2,Ranging / Mid-Vol,2h,755,-6.603741355700309e-05,-3.35404071023504e-05,0.00456434085105895,0.495364238410596,89
2,Ranging / Mid-Vol,4h,753,-0.0004481836771334089,-0.0002213616717661182,0.006740997394237496,0.47410358565737054,89
2,Ranging / Mid-Vol,8h,748,-0.0007937004216007281,-0.0003228329347324532,0.009628166999834934,0.48663101604278075,89
3,Downtrend / High-Vol,30m,22,-0.0009155456896845493,-0.00017335155164133198,0.003200869234889167,0.5,89
3,Downtrend / High-Vol,1h,22,-0.0013305314689694729,-0.0016214998289498794,0.004694251229629275,0.45454545454545453,89
3,Downtrend / High-Vol,2h,22,-0.0007504902417976502,-0.0010174053099758495,0.004539462747273615,0.36363636363636365,89
3,Downtrend / High-Vol,4h,22,-0.0018277932934895476,-0.001084451795522412,0.004264601596595458,0.36363636363636365,89
3,Downtrend / High-Vol,8h,22,-0.002676568676559622,-0.003004623477310453,0.005750169305309725,0.36363636363636365,89
0,Ranging / Low-Vol,30m,656,-8.315255005515822e-05,-3.455538680352532e-05,0.0021366389520355816,0.4801829268292683,90
0,Ranging / Low-Vol,1h,655,9.748099516725658e-06,6.404795630743365e-06,0.003087128398362951,0.5038167938931297,90
0,Ranging / Low-Vol,2h,655,0.00016109874759053552,0.00013229789568924843,0.004292438136634772,0.5190839694656488,90
0,Ranging / Low-Vol,4h,654,0.00020118054105951143,-5.713336675938763e-05,0.005420648969158577,0.4938837920489297,90
0,Ranging / Low-Vol,8h,650,0.0003927972695916264,0.00029400004557178505,0.007555567070303297,0.5276923076923077,90
1,Uptrend / High-Vol,30m,22,0.00045249948156830556,0.0007517162362606911,0.0020347427100163374,0.6363636363636364,90
1,Uptrend / High-Vol,1h,22,-0.00018048337547190002,0.0003616610253764918,0.0035446576511918857,0.5454545454545454,90
1,Uptrend / High-Vol,2h,22,-0.00212410945334085,-0.003219435311669905,0.0042956758789322955,0.36363636363636365,90
1,Uptrend / High-Vol,4h,22,-0.002511346853795696,-0.0027064317763247914,0.003789932858850645,0.22727272727272727,90
1,Uptrend / High-Vol,8h,22,-0.0029606839169592,-0.00144557826547409,0.006229353198800121,0.3181818181818182,90
2,Ranging / Mid-Vol,30m,752,0.00013956051038233289,9.160325588020157e-05,0.001866093028109871,0.5199468085106383,90
2,Ranging / Mid-Vol,1h,752,0.00013419490897830516,1.5437856700550867e-05,0.002617843914305608,0.5066489361702128,90
2,Ranging / Mid-Vol,2h,750,0.00020808238888375758,0.00015516926038827705,0.0039638824861764335,0.5226666666666666,90
2,Ranging / Mid-Vol,4h,747,0.0004848569981004876,0.00022942088914490455,0.005586466425586487,0.5261044176706827,90
2,Ranging / Mid-Vol,8h,743,0.0008735286815078189,0.0007509636305229606,0.007442966594505932,0.5558546433378196,90
3,Downtrend / High-Vol,30m,9,-0.00046960348461884865,7.47825886247e-05,0.004278726021969367,0.5555555555555556,90
3,Downtrend / High-Vol,1h,9,0.0005016226543640793,-0.00016323472564749864,0.003553370182359046,0.4444444444444444,90
3,Downtrend / High-Vol,2h,9,-0.0003395824636697063,-0.0010809190911533761,0.0022032662148991967,0.2222222222222222,90
3,Downtrend / High-Vol,4h,9,0.001842591147292399,0.0005405040149017992,0.004095984330447929,0.6666666666666666,90
3,Downtrend / High-Vol,8h,9,0.0010213711439836083,0.0011447810299731742,0.0034500895187461107,0.5555555555555556,90
0,Ranging / Low-Vol,30m,647,-4.0170235549635464e-05,-6.120085707550516e-05,0.002995575280106263,0.49149922720247297,91
0,Ranging / Low-Vol,1h,647,-4.543060237382016e-05,4.75395084222896e-05,0.004349058361621123,0.5054095826893354,91
0,Ranging / Low-Vol,2h,647,6.986440988441898e-05,5.620687801943802e-05,0.0063635984634348875,0.5038639876352395,91
0,Ranging / Low-Vol,4h,646,0.00018880714635577785,0.00012307835258251743,0.009184018855360207,0.5092879256965944,91
0,Ranging / Low-Vol,8h,644,-0.00011594096240535901,0.0009106053269629655,0.01391603455159818,0.5450310559006211,91
1,Uptrend / High-Vol,30m,60,0.00010205106251669113,6.955883202142132e-05,0.004807910983635099,0.5,91
1,Uptrend / High-Vol,1h,60,-0.00018598593985368338,-0.0003788382541474178,0.005917292202935297,0.43333333333333335,91
1,Uptrend / High-Vol,2h,60,-0.0002487215902582681,-0.0006903237130790885,0.007461632166511688,0.45,91
1,Uptrend / High-Vol,4h,60,-0.0016167887115239902,-0.00020904850264447106,0.00934182239554587,0.4666666666666667,91
1,Uptrend / High-Vol,8h,60,-0.005886489102112691,-0.0008573804239082605,0.016696071144840504,0.4166666666666667,91
2,Ranging / Mid-Vol,30m,692,7.393706118375893e-05,0.0001282438594509827,0.0027799790610235635,0.5216763005780347,91
2,Ranging / Mid-Vol,1h,691,0.00010447269217158024,0.00022242535437122513,0.004122340542703253,0.5238784370477568,91
2,Ranging / Mid-Vol,2h,689,4.8389020009428556e-05,0.0002909494187441908,0.006023536322232936,0.532656023222061,91
2,Ranging / Mid-Vol,4h,686,7.06622199434945e-05,0.00018855115983829052,0.008916196005846573,0.5204081632653061,91
2,Ranging / Mid-Vol,8h,681,0.00025328788461100623,0.0008246869179195926,0.013210668810101264,0.5521292217327459,91
3,Downtrend / High-Vol,30m,88,-0.0008042851852553167,-0.0005568791499195314,0.009456742915495978,0.4431818181818182,91
3,Downtrend / High-Vol,1h,88,-0.0012779183758637937,-0.0022782486988530692,0.011663814129080853,0.45454545454545453,91
3,Downtrend / High-Vol,2h,88,-0.0026233984086317234,-0.0017400725758047741,0.013395091467349518,0.4431818181818182,91
3,Downtrend / High-Vol,4h,88,-0.004669793870848265,-0.0015681215743699184,0.016077713636063407,0.3977272727272727,91
3,Downtrend / High-Vol,8h,87,-0.005074309220829721,0.0001531346751146856,0.01945656068070884,0.5287356321839081,91
0,Ranging / Low-Vol,30m,565,-8.994128708077515e-05,0.0001683613125571526,0.0034367809076476163,0.5292035398230088,92
0,Ranging / Low-Vol,1h,564,-0.00034662576531006113,-0.00010408026876174148,0.00469311770310651,0.4858156028368794,92
0,Ranging / Low-Vol,2h,564,-0.0005908845889632021,-5.269902548299399e-05,0.0070129024821212315,0.49645390070921985,92
0,Ranging / Low-Vol,4h,561,-0.00072529270715162,-0.0003989490819478192,0.010988751676871283,0.48484848484848486,92
0,Ranging / Low-Vol,8h,558,-0.0021057133375528537,-0.0010106568058558807,0.015333023698418304,0.45340501792114696,92
1,Uptrend / High-Vol,30m,93,0.00031947426747411397,0.00023041918129607097,0.004217870663987116,0.5161290322580645,92
1,Uptrend / High-Vol,1h,93,0.0002128257879806277,0.0003678250535052996,0.005792913006867929,0.5161290322580645,92
1,Uptrend / High-Vol,2h,93,0.000522610958087581,0.0007468131228076658,0.00664787659668886,0.5376344086021505,92
1,Uptrend / High-Vol,4h,93,4.64135054527056e-05,-0.00024657856234178155,0.009364302498514462,0.46236559139784944,92
1,Uptrend / High-Vol,8h,93,-0.001660328456646958,-0.0032928172630519725,0.010932448258208924,0.45161290322580644,92
2,Ranging / Mid-Vol,30m,652,-0.00023390321312067433,-9.051900753931363e-05,0.0033102741262977034,0.48466257668711654,92
2,Ranging / Mid-Vol,1h,652,-0.0002669479284634513,0.00012658242801855124,0.004980293666065906,0.5168711656441718,92
2,Ranging / Mid-Vol,2h,650,-0.0006498802395059619,-4.9589313592335316e-05,0.007089365095242128,0.49538461538461537,92
2,Ranging / Mid-Vol,4h,649,-0.0017575860905201623,-0.0008266243811014817,0.010423483834318618,0.4437596302003082,92
2,Ranging / Mid-Vol,8h,644,-0.0028244327929219984,-0.0017783865141849375,0.015377646104895618,0.4394409937888199,92
3,Downtrend / High-Vol,30m,129,-0.0001461416735099538,1.4893372183522047e-05,0.006373623206420365,0.5038759689922481,92
3,Downtrend / High-Vol,1h,129,-0.0002606000828359174,-0.0003152023925334646,0.0085663035000315,0.4728682170542636,92
3,Downtrend / High-Vol,2h,129,-0.00036792233027842377,-0.0004922442518999759,0.010570576191110433,0.4806201550387597,92
3,Downtrend / High-Vol,4h,129,0.00033002084667042603,0.0014207925549136746,0.012371698951118587,0.5736434108527132,92
3,Downtrend / High-Vol,8h,129,0.0012825872389905994,0.0024431809410483396,0.01723042072783337,0.5348837209302325,92
0,Ranging / Mid-Vol,30m,716,5.237363785820174e-05,6.0742713798411785e-05,0.0028666520798904427,0.5195530726256983,93
0,Ranging / Mid-Vol,1h,716,0.00010662773225661355,7.127024496877965e-05,0.004004321336115075,0.5111731843575419,93
0,Ranging / Mid-Vol,2h,714,0.00015119609381662226,8.270884960470681e-05,0.005799124517892551,0.5154061624649859,93
0,Ranging / Mid-Vol,4h,712,0.00028537148863187707,0.0004740150157429568,0.008868580460068401,0.550561797752809,93
0,Ranging / Mid-Vol,8h,708,0.0006260099907383989,0.000465424788133717,0.012687839728396507,0.5324858757062146,93
1,Uptrend / High-Vol,30m,76,0.0002018985676525201,0.0001809022375107716,0.005796947083365439,0.5526315789473685,93
1,Uptrend / High-Vol,1h,76,-1.2767343699242828e-05,0.00036966195708298955,0.008365599080686785,0.5526315789473685,93
1,Uptrend / High-Vol,2h,76,-0.0006175476771574461,-0.0013740472281877913,0.010133614549841173,0.47368421052631576,93
1,Uptrend / High-Vol,4h,76,-0.0028756675541352287,-0.003260804374414228,0.014188216473457122,0.4342105263157895,93
1,Uptrend / High-Vol,8h,76,-0.004731362344879218,-0.001768472232437368,0.0163440011610141,0.42105263157894735,93
2,Ranging / Low-Vol,30m,617,2.3159343858582294e-05,0.0001338662705379079,0.003016575487336476,0.5251215559157212,93
2,Ranging / Low-Vol,1h,616,-9.75625424267815e-06,4.5199312825872084e-05,0.004680825763358691,0.512987012987013,93
2,Ranging / Low-Vol,2h,616,9.722066673414872e-05,0.000162936231608235,0.006758649273902279,0.5243506493506493,93
2,Ranging / Low-Vol,4h,614,9.073467258841622e-05,0.00040398875048808236,0.009351294436917217,0.5407166123778502,93
2,Ranging / Low-Vol,8h,610,-9.75702739948403e-05,0.00026076031971111746,0.012980539396527572,0.5180327868852459,93
3,Downtrend / High-Vol,30m,78,-0.0009666319066853135,-0.0008472611311969303,0.005161694055194232,0.41025641025641024,93
3,Downtrend / High-Vol,1h,78,-0.000896099325388765,-0.0004863475761585079,0.006354240407826507,0.48717948717948717,93
3,Downtrend / High-Vol,2h,78,-0.0013890389686544735,0.000357635839418613,0.008299426324120446,0.5128205128205128,93
3,Downtrend / High-Vol,4h,78,0.0002588724381458071,0.0011359542317359583,0.010492712346136664,0.5256410256410257,93
3,Downtrend / High-Vol,8h,78,0.0023952897101874116,0.0008858324981737553,0.010468028302047547,0.5256410256410257,93
0,Ranging / Mid-Vol,30m,726,4.6663657040851987e-05,-2.4095020617842522e-05,0.002493561189771278,0.4903581267217631,94
0,Ranging / Mid-Vol,1h,726,2.9773609156106184e-05,8.49843653227822e-06,0.0034920200541935322,0.5013774104683195,94
0,Ranging / Mid-Vol,2h,724,-0.00015825907889677746,7.166678094350232e-05,0.005103138781354688,0.511049723756906,94
0,Ranging / Mid-Vol,4h,724,-0.0005725076458943079,-0.0001663991422882205,0.0073173939351006715,0.4861878453038674,94
0,Ranging / Mid-Vol,8h,724,-0.0011145378936648792,-0.00022982026118167909,0.011060021309989277,0.48204419889502764,94
1,Downtrend / High-Vol,30m,52,-0.000991433406313742,-0.00015031979660662387,0.0058499750060668565,0.46153846153846156,94
1,Downtrend / High-Vol,1h,52,-0.0007829990327897176,0.00032482401562106133,0.008835979419713345,0.5192307692307693,94
1,Downtrend / High-Vol,2h,52,-0.0007580195613783485,0.0012667743862593284,0.013444107234445843,0.5384615384615384,94
1,Downtrend / High-Vol,4h,48,-0.002180036218222862,0.0015970050122211532,0.019159603157140496,0.6041666666666666,94
1,Downtrend / High-Vol,8h,40,-0.0015548279215567896,0.004885001206475614,0.018131047904578243,0.55,94
2,Ranging / Low-Vol,30m,659,-0.0001316103686175862,8.371358759440284e-05,0.002870513326025675,0.5189681335356601,94
2,Ranging / Low-Vol,1h,659,-0.000218191797602182,-5.02175518590775e-06,0.004103654254387445,0.4992412746585736,94
2,Ranging / Low-Vol,2h,659,-0.0002457643437074232,0.00013824504575588037,0.005808505842681805,0.5128983308042488,94
2,Ranging / Low-Vol,4h,659,-0.0004326173876136035,-0.00010984708546857291,0.008079176810418786,0.4931714719271624,94
2,Ranging / Low-Vol,8h,659,-0.0011656754862484097,0.00018144492245752986,0.012110829869072038,0.511380880121396,94
3,Uptrend / High-Vol,30m,50,-8.434163888846768e-05,3.7670581930271396e-05,0.003772207615722632,0.5,94
3,Uptrend / High-Vol,1h,49,-0.001056519470148371,-0.0007679548460046703,0.005612957436058882,0.4489795918367347,94
3,Uptrend / High-Vol,2h,49,-0.0026884213521121726,-0.0005648478640978283,0.007471630605761115,0.3877551020408163,94
3,Uptrend / High-Vol,4h,49,-0.0026181061325570468,-0.001507964502458492,0.007295868641337139,0.46938775510204084,94
3,Uptrend / High-Vol,8h,49,-0.0026717619819360554,-0.003750368400947224,0.007786966957016327,0.2857142857142857,94
0,Ranging / Mid-Vol,30m,550,-5.974158259398621e-06,7.16215239027207e-05,0.003592898292814659,0.5109090909090909,95
0,Ranging / Mid-Vol,1h,550,-0.0001711509527158645,1.9640591878200553e-05,0.005386499422257623,0.5018181818181818,95
0,Ranging / Mid-Vol,2h,550,-0.0006675646470727062,-6.43750583027014e-05,0.007639761215203761,0.49636363636363634,95
0,Ranging / Mid-Vol,4h,550,-0.0015633548153344118,-0.0005208657129323058,0.011554882595828875,0.48363636363636364,95
0,Ranging / Mid-Vol,8h,547,-0.003293244465790145,-0.0019412670469680648,0.01713401705240602,0.4405850091407678,95
1,Downtrend / High-Vol,30m,199,-0.0006704112890358603,0.00012708222571511385,0.008631637502091644,0.5226130653266332,95
1,Downtrend / High-Vol,1h,199,-0.0009513519927915607,0.0002873158950968957,0.011549885817986862,0.5276381909547738,95
1,Downtrend / High-Vol,2h,199,-0.0016413943920023195,-0.0001518605050296884,0.01473307377484142,0.49246231155778897,95
1,Downtrend / High-Vol,4h,199,-0.0012081713331318737,0.002230279228326637,0.01949006819566127,0.5477386934673367,95
1,Downtrend / High-Vol,8h,199,-0.001208625665550154,0.0020419464112357844,0.028917625061141976,0.5477386934673367,95
2,Ranging / Low-Vol,30m,450,-0.0002513162745597381,9.942417187680519e-05,0.00421682239943661,0.5066666666666667,95
2,Ranging / Low-Vol,1h,450,-0.0003083353434953019,-0.00019503474348070426,0.006172646084408028,0.48444444444444446,95
2,Ranging / Low-Vol,2h,450,-0.0002806597252970949,3.76375492763259e-05,0.008527742354250443,0.5044444444444445,95
2,Ranging / Low-Vol,4h,450,-0.0013539698777909554,-0.000318737929956292,0.012816426507999632,0.4777777777777778,95
2,Ranging / Low-Vol,8h,448,-0.002968737709957913,-0.0020580296921774988,0.017089003100577593,0.43080357142857145,95
3,Uptrend / High-Vol,30m,144,0.000579896110493768,0.000854593046073937,0.005700071338020219,0.5555555555555556,95
3,Uptrend / High-Vol,1h,143,0.000635299118565053,0.0008104091940275282,0.007894892210245303,0.5384615384615384,95
3,Uptrend / High-Vol,2h,141,0.0011978231758351177,0.0011111174394571321,0.011601284851845788,0.5531914893617021,95
3,Uptrend / High-Vol,4h,137,0.002874698434196829,0.0013715374829441629,0.01664469665125233,0.5109489051094891,95
3,Uptrend / High-Vol,8h,134,0.004410854478610308,0.00010306192501907674,0.023271708787553375,0.5149253731343284,95
0,Ranging / Mid-Vol,30m,681,0.00011054920631212932,6.552927418823629e-05,0.0036029544416810748,0.5080763582966226,96
0,Ranging / Mid-Vol,1h,681,-2.0863739876413137e-05,7.482268977199169e-05,0.0048482172120170594,0.5124816446402349,96
0,Ranging / Mid-Vol,2h,681,-5.529581329570113e-05,-0.00024737252352835526,0.006801881465078505,0.4787077826725404,96
0,Ranging / Mid-Vol,4h,680,0.0002227194246178598,-0.00024568034242555825,0.010071147923821622,0.4823529411764706,96
0,Ranging / Mid-Vol,8h,679,-0.00036423079991143256,-0.0011143883336401927,0.014326646890074637,0.46244477172312226,96
1,Uptrend / High-Vol,30m,121,0.00044284996480894713,-1.1236892273558396e-05,0.005929248860231078,0.49586776859504134,96
1,Uptrend / High-Vol,1h,121,0.0002811054998764268,-0.000402395042092607,0.007607663603648154,0.47107438016528924,96
1,Uptrend / High-Vol,2h,121,-0.0002753363969260483,-0.0016300101853605753,0.010189620251633865,0.3884297520661157,96
1,Uptrend / High-Vol,4h,121,0.0003084682164201777,-0.0015865291514245428,0.012439912408918386,0.45454545454545453,96
1,Uptrend / High-Vol,8h,116,0.0011500262392974165,-0.001015095422093104,0.018172490741267453,0.47413793103448276,96
2,Downtrend / High-Vol,30m,81,-0.00016236041338505246,-0.0002012735675176458,0.005120378681084251,0.48148148148148145,96
2,Downtrend / High-Vol,1h,81,0.00011601073181904062,0.0001516964269772103,0.006437633439668537,0.5185185185185185,96
2,Downtrend / High-Vol,2h,81,0.0006204129701469178,0.0009802774189111574,0.00841001266218022,0.5555555555555556,96
2,Downtrend / High-Vol,4h,81,-0.0008048943406842858,-0.000973885536904362,0.009574622904251083,0.48148148148148145,96
2,Downtrend / High-Vol,8h,81,0.0005007981308322694,-0.0021768383447593465,0.013322057830669674,0.3950617283950617,96
3,Ranging / Low-Vol,30m,604,-0.000154658329078866,-2.9272171546246284e-05,0.003484625967928994,0.4900662251655629,96
3,Ranging / Low-Vol,1h,603,2.498288292562988e-05,-0.0001565351922998559,0.00531445567727955,0.4842454394693201,96
3,Ranging / Low-Vol,2h,601,0.0001724023882196443,-0.0001992426867296615,0.007850591393802122,0.4841930116472546,96
3,Ranging / Low-Vol,4h,598,-1.5559190724003662e-05,-0.00041704216857763043,0.011133059331640233,0.48494983277591974,96
3,Ranging / Low-Vol,8h,596,0.0004181267120271628,-0.0008108562369653072,0.015460440260780946,0.4664429530201342,96
0,Uptrend / High-Vol,30m,70,0.00039084637774688957,-0.0003277109734511896,0.004985808123829348,0.42857142857142855,97
0,Uptrend / High-Vol,1h,70,0.00028327718535337,-0.0002580613002356458,0.007205224978068546,0.4714285714285714,97
0,Uptrend / High-Vol,2h,70,0.0010162886651465238,-0.0013383224630301171,0.00970037513955576,0.4,97
0,Uptrend / High-Vol,4h,70,0.0018899861369286088,0.0005973623371957615,0.011313815849161893,0.5571428571428572,97
0,Uptrend / High-Vol,8h,70,0.0039055643341327543,0.001541633026221234,0.014205030200701794,0.5714285714285714,97
1,Ranging / Mid-Vol,30m,706,6.889371395879214e-05,6.92718746462262e-05,0.0027507964166607578,0.5184135977337111,97
1,Ranging / Mid-Vol,1h,706,0.00020802484052887132,6.909988419678825e-05,0.003790511409748477,0.5155807365439093,97
1,Ranging / Mid-Vol,2h,704,0.00030692877731485315,0.00012668644899349601,0.005245106737302752,0.515625,97
1,Ranging / Mid-Vol,4h,701,0.0004196359212132378,6.032186455051658e-05,0.0072740032040245865,0.5049928673323824,97
1,Ranging / Mid-Vol,8h,697,0.000795406914814645,0.0006245795874360027,0.010588039789434471,0.509325681492109,97
2,Ranging / Low-Vol,30m,638,9.187504094562104e-05,0.00012718657769372754,0.002680565912166178,0.5235109717868338,97
2,Ranging / Low-Vol,1h,637,0.00014802050803101424,0.00026313074484818344,0.0038308430500129196,0.5478806907378336,97
2,Ranging / Low-Vol,2h,637,0.00029182120423614026,0.00019808228891093904,0.005489348427073413,0.521193092621664,97
2,Ranging / Low-Vol,4h,636,0.0007834550321634533,0.00015293375817471144,0.008205658955410413,0.5094339622641509,97
2,Ranging / Low-Vol,8h,632,0.0015401140540140994,0.00030668057497695855,0.011451974335890805,0.5174050632911392,97
3,Downtrend / High-Vol,30m,25,-0.000753563353201443,-0.0006157397039423529,0.0027626289006837212,0.28,97
3,Downtrend / High-Vol,1h,25,-0.0013776295373216386,-0.001204326655065202,0.004167315891733678,0.32,97
3,Downtrend / High-Vol,2h,25,-0.0005083399753714701,-0.0007746140113802369,0.00601816101785926,0.36,97
3,Downtrend / High-Vol,4h,25,0.00035849853082574155,0.0010838748999901782,0.005535231117728946,0.56,97
3,Downtrend / High-Vol,8h,25,-0.000736003207557161,-0.0015807309985635953,0.007523107548737341,0.36,97
0,Ranging / Low-Vol,30m,689,-3.0441920319893493e-06,1.9045638206094395e-05,0.002430100060514861,0.502177068214804,98
0,Ranging / Low-Vol,1h,688,-0.00017867386898943468,-0.00017385265246261383,0.003085957113813057,0.4622093023255814,98
0,Ranging / Low-Vol,2h,688,-2.2498833778237662e-05,0.00027809481647711465,0.004361691646266705,0.5305232558139535,98
0,Ranging / Low-Vol,4h,686,-0.00020630106306146202,1.2061575999311458e-05,0.006225559153593681,0.5014577259475219,98
0,Ranging / Low-Vol,8h,682,-0.00024614176440494273,0.00032463753983513755,0.008269654070286589,0.5219941348973607,98
1,Downtrend / High-Vol,30m,15,0.00039383703501272294,0.00013342600732713095,0.0024558069573363647,0.6,98
1,Downtrend / High-Vol,1h,15,0.00017014328960520685,0.00012678108602770521,0.003121943804959004,0.5333333333333333,98
1,Downtrend / High-Vol,2h,15,-0.00021541876111316565,0.00020162630937115011,0.004749422201084502,0.5333333333333333,98
1,Downtrend / High-Vol,4h,15,0.0021731951063653555,0.0025320083702204954,0.007895715281407532,0.6666666666666666,98
1,Downtrend / High-Vol,8h,15,0.0024861607179850866,0.0027250020333458025,0.009828126841235001,0.5333333333333333,98
2,Uptrend / High-Vol,30m,30,-0.0008142422203543258,-0.00025354455132120535,0.004145812509984056,0.4666666666666667,98
2,Uptrend / High-Vol,1h,30,-0.0008421314204350475,-0.0010268663967041292,0.005275251930466013,0.43333333333333335,98
2,Uptrend / High-Vol,2h,30,-0.0015110330441815496,-0.0019820085090147543,0.006393340519076066,0.36666666666666664,98
2,Uptrend / High-Vol,4h,30,-0.003575988390078599,-0.002524117342835197,0.00693500772559508,0.3,98
2,Uptrend / High-Vol,8h,30,-0.006778414653328172,-0.004654570615922893,0.00838777863039947,0.2,98
3,Ranging / Mid-Vol,30m,753,-2.3152806134719275e-05,1.8101306814344298e-05,0.0020470006966290992,0.5046480743691899,98
3,Ranging / Mid-Vol,1h,753,9.645231580019882e-05,8.102462839509883e-05,0.0031936803336249744,0.5245683930942895,98
3,Ranging / Mid-Vol,2h,751,-0.0001072448368180252,-2.6932973929305604e-05,0.004485347068999605,0.4940079893475366,98
3,Ranging / Mid-Vol,4h,749,-0.00012748949354559187,1.6291314175020943e-05,0.005825090127588287,0.5006675567423231,98
3,Ranging / Mid-Vol,8h,745,-0.0004657763432878979,-8.799264485048752e-06,0.007844373328682343,0.4993288590604027,98
0,Uptrend / High-Vol,30m,91,-0.0005113850335900969,-0.0007854678940653059,0.0042580736402732,0.4065934065934066,99
0,Uptrend / High-Vol,1h,91,-0.0006094803141034366,-0.0009823618362219122,0.005002099537345629,0.4835164835164835,99
0,Uptrend / High-Vol,2h,91,-0.0016095126505894259,-0.0013786230306660485,0.006077790742297114,0.37362637362637363,99
0,Uptrend / High-Vol,4h,91,-0.004769356080227583,-0.003267668725914774,0.008787513411695348,0.31868131868131866,99
0,Uptrend / High-Vol,8h,91,-0.005310907619860506,-0.00573209089239235,0.01146872303692852,0.2967032967032967,99
1,Ranging / Low-Vol,30m,601,-0.00011054537094846382,1.2181165603308841e-05,0.0036046180057872626,0.5041597337770383,99
1,Ranging / Low-Vol,1h,600,-0.0004449016530498658,-0.0002715177176977335,0.005171737679738754,0.4683333333333333,99
1,Ranging / Low-Vol,2h,599,-0.0007742219070315616,-0.0002741884156307606,0.007214499716366673,0.4791318864774624,99
1,Ranging / Low-Vol,4h,598,-0.0013263774349523297,-0.0004992272496737726,0.009824284659462912,0.459866220735786,99
1,Ranging / Low-Vol,8h,595,-0.0023816004523588646,-0.0006621979170979841,0.012885603617199643,0.4722689075630252,99
2,Downtrend / High-Vol,30m,119,0.000801763898976985,0.0008851970540337817,0.006794389946635279,0.5294117647058824,99
2,Downtrend / High-Vol,1h,119,0.0018442151946047834,0.001620574099534977,0.009301742842675858,0.5714285714285714,99
2,Downtrend / High-Vol,2h,119,0.002788561989272724,0.002790279489413905,0.0132650595605137,0.5798319327731093,99
2,Downtrend / High-Vol,4h,119,0.003591096397368551,0.003605611146575427,0.014527175043540373,0.680672268907563,99
2,Downtrend / High-Vol,8h,119,0.0006046878873999832,0.002848465066126238,0.014400946595816049,0.5882352941176471,99
3,Ranging / Mid-Vol,30m,628,-0.00034204494337794294,-0.00022091217275121977,0.0036166336180460026,0.4585987261146497,99
3,Ranging / Mid-Vol,1h,628,-0.0005747261100326691,-0.00026088084851050297,0.004881448743731911,0.4538216560509554,99
3,Ranging / Mid-Vol,2h,627,-0.001014521713823879,-0.0007542650566652043,0.006501505430889653,0.4433811802232855,99
3,Ranging / Mid-Vol,4h,624,-0.0016493665502835648,-0.0011555478802289798,0.009387007511836798,0.4310897435897436,99
3,Ranging / Mid-Vol,8h,619,-0.0028930839880543253,-0.000775266859562862,0.013305480941586139,0.47495961227786754,99
0,Ranging / Low-Vol,30m,391,0.00023205733170781744,0.00010350948132931137,0.002546687932594909,0.5268542199488491,100
0,Ranging / Low-Vol,1h,391,0.0003596978137826272,0.00020067505053056323,0.0038146383881554574,0.5498721227621484,100
0,Ranging / Low-Vol,2h,389,0.00045910218569662905,0.00019332475014444128,0.0052309376569859905,0.532133676092545,100
0,Ranging / Low-Vol,4h,387,0.0010516673561246118,0.0004890943962720939,0.007545408938042505,0.5452196382428941,100
0,Ranging / Low-Vol,8h,381,0.002110490391418196,0.0020539363336240513,0.010170306366941897,0.6220472440944882,100
1,Ranging / Mid-Vol,30m,426,-1.0841697324300633e-05,-2.8819931983115055e-05,0.002430483854150507,0.4953051643192488,100
1,Ranging / Mid-Vol,1h,425,9.135979758424807e-05,9.984875032209573e-05,0.0035704919078112358,0.52,100
1,Ranging / Mid-Vol,2h,425,0.0003103245121406422,0.00026702203215123177,0.00526682811876901,0.5317647058823529,100
1,Ranging / Mid-Vol,4h,423,0.0003959508361679459,0.00010683980583792163,0.006842752139883153,0.508274231678487,100
1,Ranging / Mid-Vol,8h,421,0.001059340264325041,0.0008896936160915914,0.009743541244572924,0.5439429928741093,100
2,Downtrend / High-Vol,30m,6,-0.0003936387008414144,-0.0011773723006500703,0.00416526043744243,0.3333333333333333,100
2,Downtrend / High-Vol,1h,6,0.0005142736816378483,0.000431780956101413,0.006187150329014658,0.6666666666666666,100
2,Downtrend / High-Vol,2h,6,0.008783432610531902,0.0037334702844740164,0.010307677518103962,0.8333333333333334,100
2,Downtrend / High-Vol,4h,6,0.02061682583663001,0.025536858588242062,0.01467551858690568,0.8333333333333334,100
2,Downtrend / High-Vol,8h,6,0.024284587090288134,0.029851514731401352,0.018594959414186058,0.8333333333333334,100
3,Uptrend / High-Vol,30m,40,0.0005216596031698995,0.0004058298746301148,0.003519460839522,0.525,100
3,Uptrend / High-Vol,1h,40,0.000587174154883563,-0.00010379664735005178,0.003953210489572122,0.475,100
3,Uptrend / High-Vol,2h,40,0.001111117440972409,0.000568256247461818,0.005727991692168962,0.625,100
3,Uptrend / High-Vol,4h,40,0.0018924712995123994,0.0032286860647374738,0.007310864215985448,0.6,100
3,Uptrend / High-Vol,8h,40,0.0020313156761355257,0.003777251395276515,0.009519324667085528,0.6,100
