state,regime,horizon,n,mean_ret,median_ret,std_ret,p_positive,fold_id
0,Downtrend / Mid-Vol,15m,2508,-0.0002912243872116246,0.00035770640207033466,0.006617961336527713,0.523524720893142,0
1,Ranging / High-Vol,15m,672,0.0002203346637157298,0.00032377302305253153,0.008616865521057643,0.5163690476190477,0
2,Ranging / Low-Vol,15m,3628,-0.00019708316742584657,0.0,0.004895368539913094,0.49696802646085997,0
3,Uptrend / Mid-Vol,15m,2117,5.308780899161295e-05,-0.00031493312237351745,0.006257311646254816,0.46717052432687767,0
0,Downtrend / Mid-Vol,30m,2508,-0.0002578999550499271,0.0008416652215004206,0.009313095542724331,0.5506379585326954,0
1,Ranging / High-Vol,30m,672,0.0004552384998648618,0.0004905389281173456,0.010664172758281132,0.5148809523809523,0
2,Ranging / Low-Vol,30m,3625,-0.0005250331138469478,-9.227890845231457e-05,0.007397602278086636,0.49158620689655175,0
3,Uptrend / Mid-Vol,30m,2117,-6.685965952590992e-05,-0.0005831254554262699,0.008815439099350668,0.46291922531884744,0
0,Downtrend / Mid-Vol,1h,2503,0.00015351493980389518,0.0011249047613777208,0.012861848650816068,0.5481422293248103,0
1,Ranging / High-Vol,1h,672,0.0005530687902618881,0.0008751463622589384,0.013105114562154406,0.5327380952380952,0
2,Ranging / Low-Vol,1h,3624,-0.001331992094428794,-0.0003405684371733386,0.011235920013209326,0.47902869757174393,0
3,Uptrend / Mid-Vol,1h,2117,-0.00035138118371267057,-0.0006184955608681264,0.012594400190939575,0.4681152574397733,0
0,Downtrend / Mid-Vol,2h,2503,0.0009592126096344178,0.0021216766379019703,0.017378606972845444,0.564522572912505,0
1,Ranging / High-Vol,2h,672,-0.0005083918054516811,0.0004770629917345559,0.017256936920099924,0.5119047619047619,0
2,Ranging / Low-Vol,2h,3612,-0.00260993423774144,-0.000713675951151238,0.015515451103082388,0.47259136212624586,0
3,Uptrend / Mid-Vol,2h,2117,-0.0010727468979911275,-0.0013506994315957144,0.018067012783281714,0.4520547945205479,0
0,Downtrend / Mid-Vol,4h,2491,0.0005426314922033636,0.0015984609870614008,0.024438271347974865,0.5343235648334003,0
1,Ranging / High-Vol,4h,670,-0.0033363969119015575,-0.0018389851600417728,0.023678488430502395,0.4746268656716418,0
2,Ranging / Low-Vol,4h,3602,-0.004224845522792138,-0.0014764266200142373,0.021514663918685555,0.4600222098833981,0
3,Uptrend / Mid-Vol,4h,2117,-0.001500228270923589,0.0001367603192079514,0.024884796004480823,0.5054322153991497,0
0,Ranging / Low-Vol,15m,6030,7.443680005568685e-05,0.00014592151391390473,0.0035859519914874832,0.5270315091210613,1
1,Ranging / High-Vol,15m,299,0.0003576189683429728,2.945495086947858e-06,0.007076921436892105,0.5050167224080268,1
2,Uptrend / Mid-Vol,15m,1050,0.00024826507136430683,-0.00011574029889338533,0.005114826572940676,0.4819047619047619,1
3,Downtrend / Mid-Vol,15m,1258,1.4538781015448033e-05,0.00040608987818302467,0.005452390225483408,0.5317965023847376,1
0,Ranging / Low-Vol,30m,6027,0.00019457887648142346,0.00033065138623733503,0.005061141757169331,0.5427244068359051,1
1,Ranging / High-Vol,30m,299,0.0004418417226829932,0.00010914051852495277,0.009369603657713492,0.5217391304347826,1
2,Uptrend / Mid-Vol,30m,1050,0.000163373373264741,-0.0003319142667725927,0.00800051157938269,0.4704761904761905,1
3,Downtrend / Mid-Vol,30m,1258,0.0001437591221387137,0.00101881434903639,0.00793415138191284,0.5651828298887123,1
0,Ranging / Low-Vol,1h,6024,0.00039120842929077387,0.00047612217885362185,0.008127770734625369,0.5423306772908366,1
1,Ranging / High-Vol,1h,299,0.00028266689727795446,0.00024450481722304573,0.00833344272944695,0.5351170568561873,1
2,Uptrend / Mid-Vol,1h,1050,-0.00024686625318083143,-0.0009011696824599014,0.010413255369212674,0.43333333333333335,1
3,Downtrend / Mid-Vol,1h,1255,0.0009000379756546522,0.001586670327757389,0.010742847441267417,0.5832669322709163,1
0,Ranging / Low-Vol,2h,6018,0.0007932128590183585,0.0007452502519393889,0.01223855153499878,0.5458624127617149,1
1,Ranging / High-Vol,2h,299,-0.00021195268647566934,-0.0003597338008702877,0.009643525545852244,0.48494983277591974,1
2,Uptrend / Mid-Vol,2h,1047,-0.000754796238513585,-0.00095043787051452,0.012984490644175211,0.44508118433619864,1
3,Downtrend / Mid-Vol,2h,1252,0.0021603161361188456,0.0029776175175122432,0.01350505486245061,0.6230031948881789,1
0,Ranging / Low-Vol,4h,6003,0.001722785596015905,0.0020319339918977164,0.016526840047302396,0.5940363151757455,1
1,Ranging / High-Vol,4h,299,0.0039159858209601535,-0.00045444085196955086,0.02456887732135279,0.4414715719063545,1
2,Uptrend / Mid-Vol,4h,1047,-0.0015543905642552063,-0.0013616896768944287,0.01575450098514796,0.4479465138490926,1
3,Downtrend / Mid-Vol,4h,1243,0.0029627524117451696,0.0038917878839228592,0.017612817478488564,0.6476267095736122,1
0,Ranging / High-Vol,15m,99,0.0006904728429231043,0.00023572196410270863,0.004148652667169762,0.5252525252525253,2
1,Uptrend / Mid-Vol,15m,677,-0.00011036655312506324,-0.00029394886228573114,0.0039904435154594926,0.45937961595273263,2
2,Ranging / Low-Vol,15m,7005,-5.786771993122832e-05,-1.3679881210038047e-06,0.0030761250666318956,0.49721627408993574,2
3,Downtrend / Mid-Vol,15m,1144,-0.00018005562878518113,0.00036435684653746137,0.0049956555329820585,0.5402097902097902,2
0,Ranging / High-Vol,30m,99,0.0013238037637654135,0.00012939345834084293,0.005330967611315322,0.5252525252525253,2
1,Uptrend / Mid-Vol,30m,677,-0.00043658040596202474,-0.0007191135364941204,0.0049257316637744035,0.4342688330871492,2
2,Ranging / Low-Vol,30m,7002,-0.00014178110598562547,1.990807549567819e-05,0.004486908586817156,0.5057126535275636,2
3,Downtrend / Mid-Vol,30m,1144,-5.1406078318290616e-05,0.0007707362805557949,0.006680796949039711,0.5611888111888111,2
0,Ranging / High-Vol,1h,99,0.0019459345489561525,0.0018446601928232553,0.005641171016686218,0.6565656565656566,2
1,Uptrend / Mid-Vol,1h,677,-0.0008294474267978491,-0.001037296654502029,0.006411562180538965,0.4091580502215657,2
2,Ranging / Low-Vol,1h,6997,-0.0002839169136326493,0.0,0.0064711844061059445,0.4994997856224096,2
3,Downtrend / Mid-Vol,1h,1143,1.8044488255434275e-05,0.0010957746085598075,0.008964692991268394,0.5686789151356081,2
0,Ranging / High-Vol,2h,93,0.0037186552150065377,0.0028886361153439566,0.005912873380920314,0.7419354838709677,2
1,Uptrend / Mid-Vol,2h,677,-0.0014304727880825449,-0.0015582042914950023,0.0075322048264179165,0.3914327917282127,2
2,Ranging / Low-Vol,2h,6996,-0.0006091428254184637,0.0001015315512153947,0.009373956345127743,0.5068610634648371,2
3,Downtrend / Mid-Vol,2h,1138,0.0003079615095098617,0.0015734538147906818,0.011017562034070652,0.5659050966608085,2
0,Ranging / High-Vol,4h,93,0.00015204090027786624,-5.351184885427074e-06,0.0060228001286242805,0.4946236559139785,2
1,Uptrend / Mid-Vol,4h,677,-0.0016739628832882765,-0.0015123014836326831,0.013540935768993118,0.4342688330871492,2
2,Ranging / Low-Vol,4h,6972,-0.0011864833035820515,0.00028486875145361523,0.013198747496908674,0.5121916236374068,2
3,Downtrend / Mid-Vol,4h,1138,0.0006282722403235654,0.0015406738400551845,0.013203935343807156,0.5500878734622144,2
0,Ranging / Low-Vol,15m,6916,-4.564766715817157e-05,-3.3896683772738356e-05,0.0025532606055439794,0.489010989010989,3
1,Ranging / High-Vol,15m,201,0.000576824408185209,-1.6051351483525877e-06,0.006345869284239169,0.4975124378109453,3
2,Downtrend / Mid-Vol,15m,735,-0.0007616804238512911,-2.9872903784422533e-05,0.005264857656684911,0.4925170068027211,3
3,Uptrend / Mid-Vol,15m,544,0.0005066956923858168,-5.189984114561952e-05,0.005602992253491003,0.4889705882352941,3
0,Ranging / Low-Vol,30m,6909,-0.0001416958969717857,-7.126332726237194e-05,0.0037948931487850218,0.4854537559704733,3
1,Ranging / High-Vol,30m,201,0.0013295912996647836,0.0003063456656100527,0.0075510454967340785,0.527363184079602,3
2,Downtrend / Mid-Vol,30m,735,-0.0011240455874322304,0.00021405196544854732,0.00732285717556858,0.5210884353741496,3
3,Uptrend / Mid-Vol,30m,542,0.0010532742974152243,-0.00019564115994619158,0.0077856810800076654,0.4833948339483395,3
0,Ranging / Low-Vol,1h,6894,-0.00036665738284913195,-0.0002124808568906289,0.005973363860679646,0.47360023208587176,3
1,Ranging / High-Vol,1h,201,0.0021904668756014553,0.001616233361726671,0.008095585857091673,0.5920398009950248,3
2,Downtrend / Mid-Vol,1h,732,-0.000587923219911691,0.0006511714527217549,0.011024217464627612,0.546448087431694,3
3,Uptrend / Mid-Vol,1h,542,0.0010128124338277245,-0.0005535179262832202,0.00960154532656048,0.45940959409594095,3
0,Ranging / Low-Vol,2h,6859,-0.0007569644737850788,-0.00026696993018227033,0.009081038630972751,0.4749963551538125,3
1,Ranging / High-Vol,2h,201,0.0024266487297449862,0.0011940031653754346,0.011372923772129874,0.5472636815920398,3
2,Downtrend / Mid-Vol,2h,731,0.0003883891270560934,0.00041094742884517643,0.014003166195266162,0.53077975376197,3
3,Uptrend / Mid-Vol,2h,542,0.0009053345382779332,-0.0006646232079514647,0.010489673069384356,0.4446494464944649,3
0,Ranging / Low-Vol,4h,6788,-0.0014307852937852606,-0.0007186270436418951,0.013638456806846236,0.44652327637006484,3
1,Ranging / High-Vol,4h,201,0.0026584045975241713,-0.001025519618748305,0.01342532170774659,0.4626865671641791,3
2,Downtrend / Mid-Vol,4h,731,0.0010221029852329328,0.001017257270209626,0.017094738549192738,0.5512995896032832,3
3,Uptrend / Mid-Vol,4h,541,0.0011991730272483047,-0.0002276583897007356,0.01296148314414172,0.48428835489833644,3
0,Downtrend / Mid-Vol,15m,708,-5.7651886445912334e-05,0.00025456923395683617,0.00442537276241728,0.5338983050847458,4
1,Ranging / Low-Vol,15m,7251,3.0741734345197135e-05,3.0805647785570045e-05,0.0024636752664430016,0.5102744449041512,4
2,Ranging / High-Vol,15m,115,0.00022368043718847916,-0.0004256628156245057,0.007999874356538117,0.4782608695652174,4
3,Uptrend / Mid-Vol,15m,710,0.00046620473285586216,0.0001225020986197478,0.004210578569011543,0.5211267605633803,4
0,Downtrend / Mid-Vol,30m,708,0.00024446862138433273,0.000617531556125428,0.00577410079593947,0.5790960451977402,4
1,Ranging / Low-Vol,30m,7248,7.497843072526256e-05,5.9409906142171565e-05,0.0038365026758303824,0.5114514348785872,4
2,Ranging / High-Vol,30m,113,2.7063181710822132e-06,-0.0004532749189944951,0.010162146033886925,0.4778761061946903,4
3,Uptrend / Mid-Vol,30m,709,0.000532350993258467,-0.00016535464851585857,0.005492418418878185,0.4837799717912553,4
0,Downtrend / Mid-Vol,1h,705,0.0007895305290350108,0.0015113450929788996,0.007432054282325045,0.6127659574468085,4
1,Ranging / Low-Vol,1h,7239,0.00021509698802689973,2.262728413171544e-05,0.005892064565329691,0.5031081641110651,4
2,Ranging / High-Vol,1h,113,-0.0010414791098480986,-0.0018157483056313595,0.010872357939641206,0.3805309734513274,4
3,Uptrend / Mid-Vol,1h,709,0.00023852342019278492,-0.00030101323702247385,0.007225300807486067,0.47531734837799716,4
0,Downtrend / Mid-Vol,2h,693,0.0007179394607972918,0.0014089456096115782,0.00961156084458513,0.5930735930735931,4
1,Ranging / Low-Vol,2h,7227,0.0005127697355104982,0.0001882105513999477,0.008462488743570267,0.517503805175038,4
2,Ranging / High-Vol,2h,113,-0.0013132295334653574,-0.003146798651405547,0.010860113949318509,0.3805309734513274,4
3,Uptrend / Mid-Vol,2h,709,0.00012419189648748684,-0.0007320150389951152,0.009683362207585337,0.4527503526093089,4
0,Downtrend / Mid-Vol,4h,689,0.0009303117351392393,0.0011439184977977135,0.013069528614904041,0.5529753265602322,4
1,Ranging / Low-Vol,4h,7183,0.0010778835528537165,0.0003639906595012121,0.012168873164527411,0.52540721147153,4
2,Ranging / High-Vol,4h,113,-0.0005649694176184931,-0.0024277038414783902,0.012583180389643891,0.40707964601769914,4
3,Uptrend / Mid-Vol,4h,709,0.00028001884185791973,-0.0010442045454475135,0.010828599036976623,0.45557122708039494,4
0,Downtrend / Mid-Vol,15m,1202,-0.00033100547104625527,0.0001637491011345915,0.005233843326379639,0.521630615640599,5
1,Ranging / Low-Vol,15m,6117,3.6629701418284685e-05,6.313466482588126e-05,0.0027909481491606974,0.5144678764100049,5
2,Uptrend / Mid-Vol,15m,1378,-3.093525852115976e-05,-0.0001275010985031244,0.0039948872737474396,0.4862119013062409,5
3,Ranging / High-Vol,15m,228,-0.00031048531412202537,7.91669734212519e-07,0.005357319829439299,0.5,5
0,Downtrend / Mid-Vol,30m,1200,-0.0006882447273065544,0.0005374659350128042,0.007395810455226827,0.5583333333333333,5
1,Ranging / Low-Vol,30m,6116,8.96396601644748e-05,8.523072265731457e-05,0.004277766893906553,0.5106278613472858,5
2,Uptrend / Mid-Vol,30m,1378,-0.00017268976313894482,-0.00048022355183441334,0.00499582477125573,0.4448476052249637,5
3,Ranging / High-Vol,30m,228,-0.00025636707840849516,1.437674418003354e-05,0.005456343473343149,0.5,5
0,Downtrend / Mid-Vol,1h,1200,-0.0006107283709572083,0.0008016748778674199,0.009676572169018521,0.5616666666666666,5
1,Ranging / Low-Vol,1h,6110,5.117934244527392e-05,0.00016249938800605435,0.006543810337888497,0.5183306055646482,5
2,Uptrend / Mid-Vol,1h,1378,-0.00033004110749616474,-0.0004194654973366241,0.006206865116513017,0.4528301886792453,5
3,Ranging / High-Vol,1h,228,-0.0010500524489645315,-4.8841515806863356e-05,0.007095321285134112,0.49122807017543857,5
0,Downtrend / Mid-Vol,2h,1200,-0.0005596254379202792,0.0013003783683940284,0.012187559759721297,0.5683333333333334,5
1,Ranging / Low-Vol,2h,6098,-7.224200028408553e-05,2.5085583570394476e-05,0.009614542300339885,0.5031157756641522,5
2,Uptrend / Mid-Vol,2h,1378,-0.0007126367302938755,-0.0005786566776775359,0.008814379424893333,0.4644412191582003,5
3,Ranging / High-Vol,2h,228,-3.700449993414704e-05,0.0009300608857829573,0.007461362145158093,0.5307017543859649,5
0,Downtrend / Mid-Vol,4h,1200,-0.0010285550617112448,0.0019150746802516494,0.015566847238911247,0.5741666666666667,5
1,Ranging / Low-Vol,4h,6074,-6.694731081089306e-05,0.0007424577438435165,0.013512491611283229,0.5403358577543629,5
2,Uptrend / Mid-Vol,4h,1378,-0.0007557796047779708,-3.6254598694718254e-05,0.011839515897577653,0.49564586357039186,5
3,Ranging / High-Vol,4h,228,-0.0046327179840682155,-0.002092072959481328,0.011787853062919192,0.37719298245614036,5
0,Ranging / Low-Vol,15m,7385,-3.448018718084322e-05,1.720070960686826e-05,0.002243990134333172,0.5065673662830061,6
1,Ranging / High-Vol,15m,118,-0.001189100963371766,-9.691402479194977e-05,0.009486165899326748,0.4745762711864407,6
2,Uptrend / Mid-Vol,15m,541,-9.680015358997212e-05,-0.0003545518233991629,0.0026604805321926973,0.4177449168207024,6
3,Downtrend / Mid-Vol,15m,593,0.00044574385923420556,0.0006537417379046673,0.004410494929378024,0.5902192242833052,6
0,Ranging / Low-Vol,30m,7382,-4.937055563756326e-05,4.473561091256073e-05,0.0032642689851995325,0.5085342725548632,6
1,Ranging / High-Vol,30m,118,-0.002580157804010413,-0.00032555353662999664,0.012586284492395454,0.4830508474576271,6
2,Uptrend / Mid-Vol,30m,541,-0.0003652298795389201,-0.00047211218262077637,0.003199578020107846,0.41035120147874304,6
3,Downtrend / Mid-Vol,30m,593,0.0008427486793055397,0.001030501526312122,0.005540519409999655,0.6205733558178752,6
0,Ranging / Low-Vol,1h,7376,-6.413517019394402e-05,8.242745806974483e-05,0.0049493715741466635,0.5119305856832972,6
1,Ranging / High-Vol,1h,118,-0.003216792628451915,-0.00024934279607435883,0.012262340363222303,0.4576271186440678,6
2,Uptrend / Mid-Vol,1h,541,-0.000683582098344003,-0.0008064522807611496,0.003912617447352447,0.4029574861367837,6
3,Downtrend / Mid-Vol,1h,593,0.0008339471329116862,0.001270800141947248,0.007581752468830714,0.6391231028667791,6
0,Ranging / Low-Vol,2h,7367,-0.00014575814553087192,0.00015264809786152966,0.007258548114009036,0.5155422831546084,6
1,Ranging / High-Vol,2h,118,-0.0033992543004771935,-0.001637941690200151,0.011793874779285892,0.3728813559322034,6
2,Uptrend / Mid-Vol,2h,538,-0.0012013740553404708,-0.0010615868375918325,0.005312129200006197,0.3903345724907063,6
3,Downtrend / Mid-Vol,2h,593,0.0010433792964530547,0.0022948455739655316,0.010420087484700968,0.7116357504215851,6
0,Ranging / Low-Vol,4h,7353,-0.00033951149042026594,0.00044119274797616015,0.010424474577270693,0.5276757785937712,6
1,Ranging / High-Vol,4h,118,-0.003488901391381419,-0.00032607661730388315,0.011205617067021376,0.4745762711864407,6
2,Uptrend / Mid-Vol,4h,538,-0.0018707655092816652,-0.0009373632681253241,0.008831418207142921,0.42379182156133827,6
3,Downtrend / Mid-Vol,4h,583,0.0012570159638597915,0.002334822608005993,0.010978773184112502,0.6500857632933105,6
0,Uptrend / Mid-Vol,15m,243,0.0004851299834876644,-3.806910456560786e-05,0.0038224521935533206,0.4773662551440329,7
1,Ranging / High-Vol,15m,76,0.00032771937255842386,-0.001232921513123486,0.019108158502906876,0.4605263157894737,7
2,Downtrend / Mid-Vol,15m,288,-0.00010924795444658717,0.0003944142747398516,0.003710766195801029,0.5520833333333334,7
3,Ranging / Low-Vol,15m,8226,-2.7897791816226106e-05,-3.0128033996490444e-06,0.0012914677049290079,0.49562363238512036,7
0,Uptrend / Mid-Vol,30m,243,0.0011235059514122239,-0.0004369323173385453,0.008071698608866815,0.42386831275720166,7
1,Ranging / High-Vol,30m,76,-0.00013276105137301867,-0.0019026302760796199,0.024975854348307264,0.4342105263157895,7
2,Downtrend / Mid-Vol,30m,288,-0.000525599530655939,0.0001540744874901634,0.005944016005362596,0.5138888888888888,7
3,Ranging / Low-Vol,30m,8220,-4.1735014025727404e-05,1.5164152031843514e-06,0.00182950075917269,0.5007299270072992,7
0,Uptrend / Mid-Vol,1h,243,0.0014472214023503744,-0.0007805238202500675,0.012081044517311032,0.42386831275720166,7
1,Ranging / High-Vol,1h,76,-0.0011417398736694537,-0.0032725352795450746,0.035035274819887406,0.3815789473684211,7
2,Downtrend / Mid-Vol,1h,288,-0.0011768761280739584,9.67909108142706e-05,0.00888307497918228,0.5104166666666666,7
3,Ranging / Low-Vol,1h,8208,-4.51146236470598e-05,-1.5192940328034865e-06,0.002959007958630541,0.4982943469785575,7
0,Uptrend / Mid-Vol,2h,243,0.0005522726622929698,-0.001950489506647557,0.016684961433352463,0.27983539094650206,7
1,Ranging / High-Vol,2h,76,-0.006071593549336682,-0.0036037531689618874,0.030038255497641574,0.4473684210526316,7
2,Downtrend / Mid-Vol,2h,288,-0.0014815175237650438,0.001066069820631732,0.010672332144305898,0.5729166666666666,7
3,Ranging / Low-Vol,2h,8184,-9.358735124971744e-06,-5.9951146601733285e-05,0.006015888449938498,0.4880254154447703,7
0,Uptrend / Mid-Vol,4h,243,-0.0021387438837474535,-0.0032275127076477617,0.011190551473698483,0.3004115226337449,7
1,Ranging / High-Vol,4h,76,-0.003960693087317198,-0.002553792066751548,0.02240432811264479,0.40789473684210525,7
2,Downtrend / Mid-Vol,4h,288,-0.001738326847559985,0.00018246569881519292,0.010231810750487784,0.5034722222222222,7
3,Ranging / Low-Vol,4h,8136,-4.724944433664565e-05,-0.00013004460446985888,0.008675110563391255,0.48168633235004915,7
0,Ranging / Low-Vol,15m,4625,-5.124624919561696e-05,1.2380412947265995e-05,0.001473033121165012,0.5074594594594595,8
1,Uptrend / Mid-Vol,15m,1434,-5.995294786716856e-05,-0.0004112836013865362,0.005638397705101561,0.45327754532775455,8
2,Ranging / High-Vol,15m,974,9.493377036471543e-05,-0.0002851791510458668,0.009693888477470743,0.4887063655030801,8
3,Downtrend / Mid-Vol,15m,1470,-0.0007426135789279268,-0.00021579950099770429,0.006477909310371694,0.48095238095238096,8
0,Ranging / Low-Vol,30m,4622,-0.00010910028303944371,1.7062464423567292e-05,0.002069835055339319,0.5062743401125054,8
1,Uptrend / Mid-Vol,30m,1431,-0.00023960455614476184,-0.000669010822475613,0.008517061615333176,0.4584206848357792,8
2,Ranging / High-Vol,30m,974,1.3328258219515465e-05,-0.0007274801952190657,0.012484053947403843,0.473305954825462,8
3,Downtrend / Mid-Vol,30m,1470,-0.0012251053324724875,6.386253600076941e-05,0.009450834544959406,0.5061224489795918,8
0,Ranging / Low-Vol,1h,4616,-0.0002006606510695555,-3.8573715945844356e-06,0.0030065190091057127,0.49740034662045063,8
1,Uptrend / Mid-Vol,1h,1425,-0.0005735548786815196,-0.0012098509862301654,0.011875925986085695,0.42947368421052634,8
2,Ranging / High-Vol,1h,974,-0.0004952403825234541,-0.0006812712603627702,0.015806398737546325,0.4702258726899384,8
3,Downtrend / Mid-Vol,1h,1470,-0.0020810402115625177,3.742638990633651e-05,0.013828782110592085,0.5027210884353741,8
0,Ranging / Low-Vol,2h,4604,-0.0005295323377816973,-7.309263995658455e-05,0.004937185009091765,0.48588184187662903,8
1,Uptrend / Mid-Vol,2h,1423,-0.0022538641990943603,-0.0018027232842090513,0.017018085115646852,0.43851018973998596,8
2,Ranging / High-Vol,2h,974,-0.0019513320306970853,-0.0005791731614435136,0.019262328724141232,0.48459958932238195,8
3,Downtrend / Mid-Vol,2h,1460,-0.0021438462142901013,0.0005461141145879367,0.019305085526990267,0.5164383561643836,8
0,Ranging / Low-Vol,4h,4574,-0.0013037531667234679,-1.152968180839764e-05,0.0101447084073845,0.4982509838216003,8
1,Uptrend / Mid-Vol,4h,1419,-0.0033399010605868213,-0.0033458088493478755,0.022294642627597037,0.4355179704016913,8
2,Ranging / High-Vol,4h,974,-0.004477625800437388,-0.004201008952396279,0.025060338879999144,0.4342915811088296,8
3,Downtrend / Mid-Vol,4h,1446,-0.0038085788826079303,-0.0012869265940942398,0.026387588151948357,0.4640387275242047,8
0,Ranging / Low-Vol,15m,2451,-8.62689787642907e-05,0.0,0.0033317622991951732,0.49979600163198695,9
1,Uptrend / Mid-Vol,15m,3177,-1.6883996598454244e-05,-0.00024844985167504774,0.004694093211556464,0.46490399748190114,9
2,Downtrend / Mid-Vol,15m,2604,2.7629616600534326e-05,0.0004251366876113494,0.005136124091546916,0.5487711213517665,9
3,Ranging / High-Vol,15m,693,-9.298896525350103e-05,4.997468388800996e-05,0.006968233932508361,0.5036075036075036,9
0,Ranging / Low-Vol,30m,2449,-0.0001446163276170313,8.332986130454856e-05,0.0052918401786212176,0.513679052674561,9
1,Uptrend / Mid-Vol,30m,3176,-0.00021764874922794826,-0.0004883836045115331,0.006443867324759773,0.45371536523929473,9
2,Downtrend / Mid-Vol,30m,2604,0.00028259207836166055,0.0006959270219617508,0.007113470220396377,0.5672043010752689,9
3,Ranging / High-Vol,30m,693,-0.00029188161435320716,-0.00031247319724414524,0.00938480685744874,0.47619047619047616,9
0,Ranging / Low-Vol,1h,2449,-0.00013974094805216294,0.00023189383582611356,0.008598041670547242,0.518170681910984,9
1,Uptrend / Mid-Vol,1h,3170,-0.0006189959214243964,-0.0008983508622693037,0.009359681524765589,0.44542586750788643,9
2,Downtrend / Mid-Vol,1h,2604,0.0006177152521533584,0.0009794887578911116,0.009848034232499381,0.5733486943164362,9
3,Ranging / High-Vol,1h,693,-0.0004898420734216215,-0.0002492160092657514,0.011412910102897685,0.4834054834054834,9
0,Ranging / Low-Vol,2h,2441,-0.0001672788567369223,0.00012431548800506675,0.012468008226691269,0.5075788611224907,9
1,Uptrend / Mid-Vol,2h,3166,-0.0006677140459747854,-0.001133087904245933,0.013290128457860003,0.43682880606443464,9
2,Downtrend / Mid-Vol,2h,2604,9.764595696170788e-05,0.0011526809523196846,0.01281750710325118,0.5645161290322581,9
3,Ranging / High-Vol,2h,693,8.793738848915909e-05,-0.0005448925297510954,0.014740158421445687,0.47474747474747475,9
0,Ranging / Low-Vol,4h,2439,-9.826195669952116e-05,-1.3422836810050853e-05,0.01671572727220592,0.4977449774497745,9
1,Uptrend / Mid-Vol,4h,3164,-0.0019117716925628019,-0.002346366278501044,0.018939924300542497,0.4134007585335019,9
2,Downtrend / Mid-Vol,4h,2584,0.00025578433493995316,0.000799056712685875,0.01816755492300829,0.5263157894736842,9
3,Ranging / High-Vol,4h,693,0.0017419132173051859,0.000831183660805479,0.017965039836434497,0.5238095238095238,9
0,Ranging / High-Vol,15m,161,-0.0003254143545880829,-2.2760249226649876e-05,0.004923302068539045,0.484472049689441,10
1,Uptrend / Mid-Vol,15m,639,-7.837479910834234e-05,-0.00032267535172536554,0.0035728793575286687,0.4413145539906103,10
2,Ranging / Low-Vol,15m,7512,-2.1099998167394485e-05,2.713142033172744e-05,0.002136690399622172,0.509318423855165,10
3,Downtrend / Mid-Vol,15m,613,6.227614364200725e-05,0.00030544576403457313,0.003303893315297503,0.566068515497553,10
0,Ranging / High-Vol,30m,161,-0.0005362597755968593,-7.112102383111107e-05,0.006160430146961156,0.4906832298136646,10
1,Uptrend / Mid-Vol,30m,639,-0.00033904037797272883,-0.0005499022378749885,0.004295979181851012,0.39593114241001565,10
2,Ranging / Low-Vol,30m,7509,-3.6890615078716794e-05,2.9180466597722443e-05,0.003281498341166617,0.5051271807164736,10
3,Downtrend / Mid-Vol,30m,613,0.0002231012339740376,0.00062346494749832,0.004116703596902277,0.5840130505709625,10
0,Ranging / High-Vol,1h,161,-0.0007801516993240715,-0.0003027477080532748,0.007226535212919982,0.4658385093167702,10
1,Uptrend / Mid-Vol,1h,639,-0.0006517738639286421,-0.000981739981286367,0.004888422351312799,0.38810641627543035,10
2,Ranging / Low-Vol,1h,7503,-9.616056574447984e-05,3.8995121714791026e-05,0.004947564645020219,0.5061975209916033,10
3,Downtrend / Mid-Vol,1h,613,0.0006042231255143219,0.0009380317009846095,0.0047115163557892885,0.6280587275693311,10
0,Ranging / High-Vol,2h,161,-0.0006421792468147613,-0.0004951984489132144,0.0075676895175258285,0.453416149068323,10
1,Uptrend / Mid-Vol,2h,639,-0.0007777144217579933,-0.0011523905447177185,0.005762519898462219,0.38967136150234744,10
2,Ranging / Low-Vol,2h,7491,-0.000248909105041922,2.505892327420156e-05,0.007021982943323446,0.5028701107996262,10
3,Downtrend / Mid-Vol,2h,613,0.0011968457290008308,0.0014182613435789193,0.005635750172021224,0.6476345840130505,10
0,Ranging / High-Vol,4h,161,-0.0013179511678112277,-0.0005171285760177113,0.008851048630846256,0.484472049689441,10
1,Uptrend / Mid-Vol,4h,639,1.0112189682906446e-05,-0.0004353201413014318,0.009086964683886768,0.4616588419405321,10
2,Ranging / Low-Vol,4h,7467,-0.000484614601354302,-6.698521861991935e-05,0.009931323526909413,0.4940404446230079,10
3,Downtrend / Mid-Vol,4h,613,0.0006649731697935419,0.0012523230787326867,0.007637907597250576,0.6052202283849919,10
0,Ranging / Mid-Vol,15m,280,0.0008736306112725182,0.00030272294600131033,0.0063180211856990595,0.5392857142857143,11
1,Ranging / Low-Vol,15m,5963,7.4204164534763514e-06,3.4003596537601766e-05,0.0013681086537122968,0.5140030186147913,11
2,Ranging / High-Vol,15m,115,-0.0016836385739298913,-0.0006118528317742289,0.008313499668181604,0.4608695652173913,11
3,Ranging / Low-Vol,15m,1703,0.00012908445251355182,0.00015331220474479323,0.0028154453167597653,0.533176746917205,11
0,Ranging / Mid-Vol,30m,280,0.0009831012501476761,0.00040329131591843037,0.007080699220456105,0.5392857142857143,11
1,Ranging / Low-Vol,30m,5960,1.534330957206212e-05,8.637458667504205e-05,0.0019438072814896012,0.523993288590604,11
2,Ranging / High-Vol,30m,115,-0.001961741308540579,-0.00048702143583412294,0.009563059270828561,0.43478260869565216,11
3,Ranging / Low-Vol,30m,1703,0.00028943469929049626,0.00035273318394857256,0.005109805381877024,0.5613623018203171,11
0,Ranging / Mid-Vol,1h,280,0.0019480703832463586,0.0006554969911798381,0.009883832900290077,0.55,11
1,Ranging / Low-Vol,1h,5954,7.862095673665293e-05,0.00011610812006512816,0.0027688058522849926,0.5228417870339268,11
2,Ranging / High-Vol,1h,115,-0.0018353408211058556,-4.490244943511357e-05,0.010479142290454687,0.4956521739130435,11
3,Ranging / Low-Vol,1h,1703,0.00027731640150050315,0.0004495523526877321,0.007609177058560247,0.5478567234292425,11
0,Ranging / Mid-Vol,2h,280,0.0034624952047198274,0.002415787296379257,0.011246998906636165,0.6678571428571428,11
1,Ranging / Low-Vol,2h,5942,0.0002515989407598531,0.00015904303944225262,0.00475507723675512,0.5237293840457758,11
2,Ranging / High-Vol,2h,115,-0.0005513248115718275,0.0017343736636821205,0.013495277719754529,0.6173913043478261,11
3,Ranging / Low-Vol,2h,1703,0.00010581271027008718,0.00046534516613405685,0.010812512216180674,0.5466823253082795,11
0,Ranging / Mid-Vol,4h,280,0.004393049110406944,0.0015320456854137632,0.012085710461444788,0.5964285714285714,11
1,Ranging / Low-Vol,4h,5923,0.00037867200931494,0.0002378154176447822,0.008606682883558904,0.5299679216613202,11
2,Ranging / High-Vol,4h,115,0.0011820026294077726,0.0019282047779505262,0.013586447258141128,0.5565217391304348,11
3,Ranging / Low-Vol,4h,1698,0.000984349621910319,0.0007032673604658868,0.014220611601410004,0.555359246171967,11
0,Uptrend / Mid-Vol,15m,389,8.224360507813296e-05,3.551577788662996e-05,0.002847532077244227,0.5038560411311054,12
1,Ranging / Low-Vol,15m,7983,3.2187546369745435e-05,2.59070713362064e-05,0.0012327097543040307,0.512714518351497,12
2,Downtrend / Mid-Vol,15m,408,-0.0003705741638744743,-5.837602211045123e-05,0.0029808594629871224,0.4803921568627451,12
3,Ranging / High-Vol,15m,23,0.0017308333860704141,0.0015518295143266414,0.0038248153649292826,0.6521739130434783,12
0,Uptrend / Mid-Vol,30m,389,0.00018192406182003965,0.0,0.0036336473730427237,0.4987146529562982,12
1,Ranging / Low-Vol,30m,7977,5.406461558643725e-05,5.4604933321655835e-05,0.0017110570111752597,0.5149805691362668,12
2,Downtrend / Mid-Vol,30m,408,-0.0004914491240256361,0.0001976547441930876,0.0038368668704179707,0.5294117647058824,12
3,Ranging / High-Vol,30m,23,0.0022826438202542313,0.0017511171110449197,0.00439923437569587,0.6956521739130435,12
0,Uptrend / Mid-Vol,1h,389,0.000168082940471626,-0.0001839800062981567,0.004507104947121894,0.4832904884318766,12
1,Ranging / Low-Vol,1h,7971,9.222128886824078e-05,0.00010577956322954662,0.002462614982504135,0.5245264082298331,12
2,Downtrend / Mid-Vol,1h,402,-0.00035902791966448014,0.0003805111500891911,0.004797865202889476,0.5621890547263682,12
3,Ranging / High-Vol,1h,23,0.0018745497929683005,0.0005296409914610223,0.005098796474714931,0.5652173913043478,12
0,Uptrend / Mid-Vol,2h,389,-0.00029131504117038237,-0.0005083412056468006,0.004716378322354215,0.43444730077120824,12
1,Ranging / Low-Vol,2h,7955,0.00020783625758102919,0.00020137877401538162,0.0035982018909819346,0.5353865493400377,12
2,Downtrend / Mid-Vol,2h,394,-0.0004341933607182337,0.0005358628842433433,0.0054321452518059365,0.5710659898477157,12
3,Ranging / High-Vol,2h,23,0.002959846743105681,0.002285086205274567,0.004587475149454096,0.6956521739130435,12
0,Uptrend / Mid-Vol,4h,389,-0.00038805194903412916,-0.0001600499772376196,0.0059203493936615505,0.48586118251928023,12
1,Ranging / Low-Vol,4h,7907,0.0003951312870987594,0.0005026057529740058,0.0050180502026549055,0.5662071582142405,12
2,Downtrend / Mid-Vol,4h,394,-0.00020866358442948852,0.00041096908029558676,0.005805586988876968,0.5304568527918782,12
3,Ranging / High-Vol,4h,23,0.005498160675170669,0.005011921982891465,0.004195690338078447,0.9565217391304348,12
0,Ranging / Low-Vol,15m,3523,4.747428031136542e-05,6.410449423377429e-05,0.001917179892317542,0.5160374680669884,13
1,Ranging / Low-Vol,15m,3838,8.662472231172476e-05,9.372973117471872e-05,0.0026845824633561577,0.5211047420531527,13
2,Ranging / Mid-Vol,15m,1020,0.00013388926575713905,0.0005178949425941326,0.005197543512706625,0.5637254901960784,13
3,Ranging / High-Vol,15m,256,0.0005613735125722108,0.0007799008236508698,0.009984400301053008,0.546875,13
0,Ranging / Low-Vol,30m,3520,0.00014011746829537845,5.831915947052124e-05,0.003088856782480705,0.5142045454545454,13
1,Ranging / Low-Vol,30m,3838,9.771721532109652e-05,0.000215073275792399,0.004109409091856275,0.532569046378322,13
2,Ranging / Mid-Vol,30m,1020,0.0003333381710550614,0.0009434068842040233,0.00723802455971064,0.5509803921568628,13
3,Ranging / High-Vol,30m,256,0.0014116211562823153,0.0013384100974302982,0.012429554566859922,0.5859375,13
0,Ranging / Low-Vol,1h,3517,0.00033111418321592613,0.00020742415874330788,0.005471391202055567,0.5297128234290589,13
1,Ranging / Low-Vol,1h,3835,0.00020827805519805747,0.00030511550464318304,0.006220073341467604,0.5327249022164277,13
2,Ranging / Mid-Vol,1h,1020,0.0006458900726379775,0.0011514086522961264,0.009634036844945987,0.5823529411764706,13
3,Ranging / High-Vol,1h,256,0.0019126394823928902,0.00239895973743387,0.013794985273869182,0.63671875,13
0,Ranging / Low-Vol,2h,3514,0.000780293948334372,0.0005725267260441314,0.008834389671434052,0.5606146841206602,13
1,Ranging / Low-Vol,2h,3826,0.0004569319743225034,0.0005483763397178265,0.008517170380352606,0.5439100888656561,13
2,Ranging / Mid-Vol,2h,1020,0.0008197622509571378,0.002009090435958427,0.01322329895646411,0.6039215686274509,13
3,Ranging / High-Vol,2h,256,0.003354861696597121,0.003359955786478075,0.014907682519529456,0.63671875,13
0,Ranging / Low-Vol,4h,3493,0.0014972319658550096,0.0011394912515445554,0.01278423697033212,0.5960492413398225,13
1,Ranging / Low-Vol,4h,3823,0.00115556746422178,0.0011334154130260288,0.012451919637202697,0.5728485482605283,13
2,Ranging / Mid-Vol,4h,1020,0.0006713449929037413,0.001633400981801536,0.015054299403398303,0.5754901960784313,13
3,Ranging / High-Vol,4h,256,0.007413147774168682,0.006284856016648632,0.01661157919314619,0.6796875,13
0,Ranging / Low-Vol,15m,4207,0.00020157043503803496,0.00018968050197898378,0.0027565295002640955,0.5324459234608985,14
1,Ranging / Low-Vol,15m,927,0.00013580832409666578,0.00012563855813674252,0.002037984142934738,0.5490830636461704,14
2,Ranging / Mid-Vol,15m,2949,0.00010584014626200719,7.536223372106576e-05,0.005279077143451617,0.5072906069854188,14
3,Ranging / High-Vol,15m,672,0.00017553172123009015,0.0007403626256810014,0.009368335369298122,0.5431547619047619,14
0,Ranging / Low-Vol,30m,4204,0.0003473105323152264,0.00029346171347643946,0.004048086394099562,0.5342530922930543,14
1,Ranging / Low-Vol,30m,927,0.00034783863311398273,0.0002303554132012664,0.0035107426793363544,0.5490830636461704,14
2,Ranging / Mid-Vol,30m,2946,0.00021780158206557515,0.00036827181637910655,0.0074516689137924755,0.5237610319076714,14
3,Ranging / High-Vol,30m,672,0.0005325342638347819,0.0011381369210381465,0.011604249525852107,0.5476190476190477,14
0,Ranging / Low-Vol,1h,4198,0.0006704624177224473,0.0005340885816700336,0.005989393716043656,0.5512148642210577,14
1,Ranging / Low-Vol,1h,927,0.0007619166806852762,0.000308762500523585,0.006327416151381072,0.5566343042071198,14
2,Ranging / Mid-Vol,1h,2940,0.0004740164259638674,0.0007446249098146396,0.010676643096457944,0.541156462585034,14
3,Ranging / High-Vol,1h,672,0.0009137898119664843,0.0015999648259539256,0.0138317587543673,0.5461309523809523,14
0,Ranging / Low-Vol,2h,4189,0.0016221175988649186,0.0010080353135375475,0.009513479940061362,0.5645738839818573,14
1,Ranging / Low-Vol,2h,927,0.001402006967798298,0.0006866310663333763,0.009438276348954487,0.5879180151024811,14
2,Ranging / Mid-Vol,2h,2925,0.0009243845573253316,0.0009259092909701394,0.014330438537078168,0.5401709401709401,14
3,Ranging / High-Vol,2h,672,0.0002657123632900673,0.0022958993140740347,0.01744596988229535,0.5729166666666666,14
0,Ranging / Low-Vol,4h,4173,0.002989211115404501,0.001375450425289415,0.014412028171930201,0.5662592858854542,14
1,Ranging / Low-Vol,4h,927,0.003776578275443558,0.0016390554542180524,0.012533489154430004,0.6537216828478964,14
2,Ranging / Mid-Vol,4h,2897,0.0013725416612648052,0.0019950086856432847,0.01936350936662035,0.5640317569899896,14
3,Ranging / High-Vol,4h,668,0.0023149142255959806,0.0038648105858971604,0.022656447510892366,0.594311377245509,14
0,Ranging / High-Vol,15m,929,0.00018257545635512703,0.0008255735350974902,0.010627676984079928,0.5317545748116254,15
1,Ranging / Mid-Vol,15m,2797,-7.955556052367871e-05,5.520098843625476e-05,0.006181510044682439,0.5076868072935288,15
2,Ranging / Low-Vol,15m,727,7.010744801681727e-05,2.302461166614478e-05,0.0023715729237106338,0.5089408528198074,15
3,Ranging / Low-Vol,15m,4108,0.0001741927276729399,0.00017704558915809798,0.00298178665475187,0.5301850048685491,15
0,Ranging / High-Vol,30m,929,-0.0002939324306970917,0.0003351638324335937,0.014633047281245195,0.5123789020452099,15
1,Ranging / Mid-Vol,30m,2791,3.678082182111946e-05,0.0002052862472545769,0.007884154547086655,0.5134360444285202,15
2,Ranging / Low-Vol,30m,727,0.0003139277419206689,0.00019534474921911738,0.003802441514800901,0.5281980742778541,15
3,Ranging / Low-Vol,30m,4108,0.00035234877962642954,0.00025991866261509955,0.00430698224992293,0.5340798442064265,15
0,Ranging / High-Vol,1h,923,-0.0006901076728509978,0.0005021377522957948,0.021160687500595427,0.514626218851571,15
1,Ranging / Mid-Vol,1h,2786,7.735213204676834e-05,0.0003796338761352658,0.011298252719619381,0.5204594400574301,15
2,Ranging / Low-Vol,1h,727,0.0007066577008600794,0.0005584314708659832,0.005279465540417106,0.5584594222833562,15
3,Ranging / Low-Vol,1h,4107,0.000726028023863958,0.0004977660488982849,0.006236651769308299,0.5429754078402727,15
0,Ranging / High-Vol,2h,917,-0.0011265200709055657,-0.0004190675807791422,0.028977718185005035,0.48854961832061067,15
1,Ranging / Mid-Vol,2h,2780,0.0002113399722332097,0.000887282337966866,0.01596639824335921,0.537410071942446,15
2,Ranging / Low-Vol,2h,727,0.001153235613236217,0.0006885677630474873,0.007362019988260055,0.5488308115543329,15
3,Ranging / Low-Vol,2h,4095,0.0014776435402558679,0.0008924069119906619,0.00900228328374274,0.5531135531135531,15
0,Ranging / High-Vol,4h,917,-0.005940116219864245,-0.004107961013547268,0.03427323303819563,0.41657579062159217,15
1,Ranging / Mid-Vol,4h,2739,0.0022091176541576604,0.0028986519890707996,0.02157110330661686,0.5983935742971888,15
2,Ranging / Low-Vol,4h,727,0.0026542502387369637,0.001969192314907886,0.00960926644245088,0.5804676753782668,15
3,Ranging / Low-Vol,4h,4088,0.0027095035724905552,0.0015934689287204762,0.014180455746004123,0.5733855185909981,15
0,Ranging / High-Vol,15m,1195,0.0005088846837490301,0.00012949285556196344,0.007429463816929518,0.5163179916317991,16
1,Ranging / Low-Vol,15m,616,9.073013583067994e-05,0.0001509874842202663,0.0045958986823257135,0.5405844155844156,16
2,Ranging / Mid-Vol,15m,4142,-0.00011189325020642987,-0.00014169928614826688,0.006112594848689131,0.4872042491549976,16
3,Ranging / Low-Vol,15m,2972,-0.00014679859765152857,-3.521083145230364e-05,0.003529475423692267,0.4942799461641992,16
0,Ranging / High-Vol,30m,1195,0.0007715400088145346,0.0002801693599643329,0.01010410615814264,0.5196652719665272,16
1,Ranging / Low-Vol,30m,616,8.522382372904897e-05,0.00016276581931329304,0.006508921021107572,0.5211038961038961,16
2,Ranging / Mid-Vol,30m,4142,-0.00017584726814046784,-0.0001381496260846049,0.008766736888503882,0.48985997102848866,16
3,Ranging / Low-Vol,30m,2969,-0.0002550597054048106,-8.564545219869046e-05,0.005274998642450985,0.48871673964297746,16
0,Ranging / High-Vol,1h,1195,0.0018054295817850582,0.0015741115935981043,0.014568954292384577,0.5631799163179916,16
1,Ranging / Low-Vol,1h,616,0.00027983736350120094,0.00039285905179475833,0.009683653387781465,0.5405844155844156,16
2,Ranging / Mid-Vol,1h,4142,-0.0004182955183819303,-4.0218298386740514e-05,0.012060888875333027,0.4987928536938677,16
3,Ranging / Low-Vol,1h,2963,-0.0005609373767543177,-0.00037641181157965775,0.007743506651414934,0.4684441444481944,16
0,Ranging / High-Vol,2h,1195,0.0041888693954876,0.002424005185375222,0.018913766995381838,0.5899581589958159,16
1,Ranging / Low-Vol,2h,616,0.00041312126002446845,0.0011460448217599506,0.013829759991050893,0.586038961038961,16
2,Ranging / Mid-Vol,2h,4142,-0.0013078642868408238,-0.0005570791831308597,0.01661869007903585,0.4794785127957508,16
3,Ranging / Low-Vol,2h,2951,-0.0007096052643571327,-0.0003743081651297331,0.011454714400001747,0.47475432056929856,16
0,Ranging / High-Vol,4h,1195,0.007374217164748277,0.0048908560959368685,0.02628106749431503,0.6309623430962343,16
1,Ranging / Low-Vol,4h,616,-0.0010945352966732996,0.0016302250613939862,0.019980225584486786,0.5551948051948052,16
2,Ranging / Mid-Vol,4h,4142,-0.002762870578408224,-0.0018137655591417001,0.022430459346671313,0.4451955577015934,16
3,Ranging / Low-Vol,4h,2927,-0.00046808885332168086,5.2606300240398696e-06,0.01564254665645389,0.5005124701059105,16
0,Ranging / Mid-Vol,15m,1704,0.00014502840721217382,0.00013543779641445042,0.0044507491250318255,0.5140845070422535,17
1,Ranging / Low-Vol,15m,1554,-0.00018621752289544805,-0.00019513909579327304,0.0018669341464804749,0.4453024453024453,17
2,Ranging / High-Vol,15m,372,7.621299452898508e-05,0.000205016109141809,0.006293359819529306,0.5268817204301075,17
3,Ranging / Low-Vol,15m,5149,-2.4118754961863748e-05,2.820316241880505e-06,0.0030850158219843135,0.5018450184501845,17
0,Ranging / Mid-Vol,30m,1701,0.0002905279399507788,0.00027833420553058374,0.006062067252038599,0.5243974132863022,17
1,Ranging / Low-Vol,30m,1551,-0.0005297008568734114,-0.0004120755950847155,0.003771744889323589,0.42940038684719534,17
2,Ranging / High-Vol,30m,372,6.369215066603451e-05,-1.561023070717482e-05,0.0073673888472375005,0.5,17
3,Ranging / Low-Vol,30m,5149,6.747198500873056e-06,0.0,0.0044950081705793545,0.4997086812973393,17
0,Ranging / Mid-Vol,1h,1695,0.0006959530256079415,0.0005178630942737072,0.007909254187614451,0.5415929203539823,17
1,Ranging / Low-Vol,1h,1550,-0.0008968981300122719,-0.0007236225443660871,0.00606641509769595,0.4012903225806452,17
2,Ranging / High-Vol,1h,372,0.0003787653660094887,0.0003602472449468763,0.009012391284819487,0.543010752688172,17
3,Ranging / Low-Vol,1h,5144,-8.265870071297288e-05,-3.2216119207006955e-05,0.006541276661306253,0.49572317262830484,17
0,Ranging / Mid-Vol,2h,1681,0.001379304864516498,0.0011774583180219622,0.010027427520939729,0.5675193337299227,17
1,Ranging / Low-Vol,2h,1550,-0.0013012940599984627,-0.0008825657281867905,0.009084885775330417,0.41935483870967744,17
2,Ranging / High-Vol,2h,372,0.00011883675723171909,0.0008479704992874204,0.010783982657359496,0.5376344086021505,17
3,Ranging / Low-Vol,2h,5134,-0.00023765701457989508,-0.0003162934500196002,0.009877017052086528,0.4748733930658356,17
0,Ranging / Mid-Vol,4h,1659,0.0024332267134010263,0.001170544324955003,0.014132301901280021,0.5551537070524413,17
1,Ranging / Low-Vol,4h,1548,-0.0016136891459340515,-0.0005156242569164249,0.012067842931511192,0.46511627906976744,17
2,Ranging / High-Vol,4h,372,0.000495280019644359,0.0009392402322916382,0.01490893108213511,0.5456989247311828,17
3,Ranging / Low-Vol,4h,5110,-0.0006790966300148782,-0.0005048977892689877,0.01402884943180712,0.4771037181996086,17
0,Ranging / Low-Vol,15m,3698,8.675891903888307e-06,-3.71320192780189e-05,0.0028405986844506864,0.48945375878853437,18
1,Ranging / Low-Vol,15m,3609,-0.00011034556055105791,-0.00013369917116712315,0.0017589506666551172,0.4613466334164589,18
2,Ranging / Mid-Vol,15m,1073,0.00011357977406233958,7.435894460172676e-05,0.004282631073745722,0.5069897483690587,18
3,Ranging / High-Vol,15m,257,-0.0007907673299543402,0.00019381172915267086,0.012214940882962546,0.5252918287937743,18
0,Ranging / Low-Vol,30m,3695,5.4842391433093256e-05,-0.00011603091925138642,0.004272927363046109,0.48119079837618406,18
1,Ranging / Low-Vol,30m,3609,-0.0002695671471044342,-0.00018698752867329915,0.0029126698450554923,0.45802161263507896,18
2,Ranging / Mid-Vol,30m,1073,6.490706155256328e-05,0.0002762278069265989,0.005750785091233022,0.5191053122087604,18
3,Ranging / High-Vol,30m,257,-0.0007887370690792067,0.0005566372434167022,0.014094504948743597,0.556420233463035,18
0,Ranging / Low-Vol,1h,3689,3.8064830225027574e-05,-6.552204693122121e-05,0.006650213240617599,0.49146110056925996,18
1,Ranging / Low-Vol,1h,3609,-0.0004443505342041202,-0.00030939261385931616,0.004301054040633782,0.4461069548351344,18
2,Ranging / Mid-Vol,1h,1073,-8.419780996988494e-05,-0.0004928197873983464,0.0074039314696149015,0.46691519105312207,18
3,Ranging / High-Vol,1h,257,-0.0010866285624935785,0.0006892787548729018,0.020171995983634672,0.5719844357976653,18
0,Ranging / Low-Vol,2h,3681,0.00014956575530129847,5.997372765520481e-05,0.010589105905548709,0.5036674816625917,18
1,Ranging / Low-Vol,2h,3609,-0.000799620136485319,-0.0006024851915231721,0.00604357064978451,0.4250484898863951,18
2,Ranging / Mid-Vol,2h,1069,-0.0011262671332760937,-0.000948092035939041,0.012633399961086169,0.43498596819457436,18
3,Ranging / High-Vol,2h,257,-0.0006661963604904816,-0.00017381043698172505,0.020715654188890088,0.4785992217898833,18
0,Ranging / Low-Vol,4h,3662,0.00014722321837358656,0.00020204181641414465,0.012248349798342177,0.5128345166575642,18
1,Ranging / Low-Vol,4h,3609,-0.0013788290542685786,-0.0009810102269121046,0.008222163732292061,0.41285674702133557,18
2,Ranging / Mid-Vol,4h,1064,-0.0032092631207682187,-0.0017658958139321612,0.02411245377698726,0.4266917293233083,18
3,Ranging / High-Vol,4h,257,0.0013398356419690954,0.00211517391829652,0.017784045790674573,0.5914396887159533,18
0,Ranging / High-Vol,15m,371,0.0008068952936225877,1.294210779612115e-05,0.010209460404866389,0.5013477088948787,19
1,Ranging / Low-Vol,15m,3290,-5.18661271006526e-05,-2.6974895487974493e-05,0.0017580376413513234,0.4905775075987842,19
2,Ranging / Mid-Vol,15m,1257,0.00021286438590626923,2.3887071485262368e-06,0.0053086160704346195,0.5011933174224343,19
3,Ranging / Low-Vol,15m,4007,-2.0832584585649646e-05,-6.0684851911574356e-05,0.002876107891160066,0.4881457449463439,19
0,Ranging / High-Vol,30m,371,0.0011164956325054962,0.00018044055705956907,0.013808730944551175,0.5094339622641509,19
1,Ranging / Low-Vol,30m,3290,-9.948133491897308e-05,-6.137215331669665e-05,0.0026346354662169385,0.48541033434650455,19
2,Ranging / Mid-Vol,30m,1257,0.0004915943060129151,0.0002709269020559901,0.007798490563214879,0.5258552108194113,19
3,Ranging / Low-Vol,30m,4004,-1.8894553978481095e-05,7.228437960193901e-06,0.004233017043179303,0.5007492507492507,19
0,Ranging / High-Vol,1h,371,0.002551290251245191,0.0012480036007076478,0.018457615060569303,0.5633423180592992,19
1,Ranging / Low-Vol,1h,3290,-0.00026416934104810645,-4.127308904067206e-05,0.003949751128451617,0.4930091185410334,19
2,Ranging / Mid-Vol,1h,1257,0.0007231068582879362,9.871541997696909e-05,0.011010059890762538,0.5107398568019093,19
3,Ranging / Low-Vol,1h,3998,7.140886977276568e-05,-9.858285777575304e-05,0.006496585180044998,0.48849424712356176,19
0,Ranging / High-Vol,2h,371,0.0024913987435610037,0.001427344776686823,0.018524666119760787,0.568733153638814,19
1,Ranging / Low-Vol,2h,3290,-0.0005335247790593744,-6.379798837130579e-05,0.007019630421278562,0.49240121580547114,19
2,Ranging / Mid-Vol,2h,1251,0.002301967290981617,0.00010179077550986904,0.018990575309785197,0.5027977617905676,19
3,Ranging / Low-Vol,2h,3992,0.0001154963638978499,-5.352958872784086e-05,0.008966657242015124,0.49448897795591185,19
0,Ranging / High-Vol,4h,368,0.0024760006850124334,0.0017622528778442614,0.019146000638756766,0.5652173913043478,19
1,Ranging / Low-Vol,4h,3290,-0.0008820635792359298,-7.818052830810274e-05,0.010916169456362744,0.49331306990881457,19
2,Ranging / Mid-Vol,4h,1242,0.0034564611752084307,-0.0006940155471344411,0.025066528775966303,0.46296296296296297,19
3,Ranging / Low-Vol,4h,3980,0.0005692597002875133,-0.0003377251491514244,0.014705656750029873,0.4723618090452261,19
0,Ranging / Mid-Vol,15m,1266,1.8048619304496238e-06,-8.421252299672943e-05,0.004776508415140282,0.4881516587677725,20
1,Ranging / Low-Vol,15m,2986,-0.0001955406548804669,-6.907794274990664e-05,0.00271122587710875,0.4825853985264568,20
2,Ranging / Low-Vol,15m,3957,-1.0917691719427831e-05,-1.028203038266895e-05,0.001692845526380953,0.49759919130654534,20
3,Ranging / High-Vol,15m,276,0.00024511282315975436,7.3880139996873595e-06,0.006506443865659292,0.5,20
0,Ranging / Mid-Vol,30m,1265,0.00011155023927854038,-7.593990625665015e-05,0.006798156994136106,0.4909090909090909,20
1,Ranging / Low-Vol,30m,2985,-0.0004117905076817922,-0.00013444466616796547,0.0038417825133393257,0.47772194304857624,20
2,Ranging / Low-Vol,30m,3952,-2.5466710957880143e-05,-5.187655511029732e-05,0.0024931665926993915,0.49114372469635625,20
3,Ranging / High-Vol,30m,274,0.0004037747918310751,-2.6984454085443588e-05,0.008232194390296894,0.49635036496350365,20
0,Ranging / Mid-Vol,1h,1259,0.0005082606182644868,0.00018370689475233348,0.010029628717196147,0.5123113582208102,20
1,Ranging / Low-Vol,1h,2984,-0.0007327692509433895,-0.00012277635857671498,0.005036411546908734,0.48257372654155495,20
2,Ranging / Low-Vol,1h,3941,-0.00015883527069387153,-6.678234030133012e-05,0.0038870586061414514,0.4887084496320731,20
3,Ranging / High-Vol,1h,274,0.0005482418730481962,-0.0001525545175793397,0.010414866365833931,0.48905109489051096,20
0,Ranging / Mid-Vol,2h,1251,0.001190981935633101,9.202184549295112e-05,0.014089560861873929,0.5059952038369304,20
1,Ranging / Low-Vol,2h,2960,-0.0014582963629833957,-0.00023496711594273023,0.007302901241429087,0.4726351351351351,20
2,Ranging / Low-Vol,2h,3941,-0.00043443249395544534,-7.86101298704267e-05,0.0053812338842650406,0.486424765287998,20
3,Ranging / High-Vol,2h,270,0.0017782271668752298,0.00043798641626402457,0.01511347514186367,0.5222222222222223,20
0,Ranging / Mid-Vol,4h,1242,0.0012763873521644674,-0.0004441472884968434,0.02024544671642641,0.47665056360708535,20
1,Ranging / Low-Vol,4h,2919,-0.0018664723126169372,-0.0005324018948300591,0.01027257229707482,0.4635149023638232,20
2,Ranging / Low-Vol,4h,3921,-0.0012173339545073927,-0.00043575023303965565,0.007722336726705282,0.46544248916092834,20
3,Ranging / High-Vol,4h,268,0.0023728390374881418,0.0004911378642971087,0.019581723054587358,0.5298507462686567,20
0,Ranging / Mid-Vol,15m,964,6.177630485658996e-05,6.184670987963159e-05,0.003985093778419371,0.5062240663900415,21
1,Ranging / Low-Vol,15m,3425,5.386572049911031e-06,6.381244032382938e-05,0.0027436005124217375,0.5127007299270073,21
2,Ranging / Low-Vol,15m,4345,-8.050045186827676e-06,3.7899550754616484e-05,0.001801235758326541,0.5113924050632911,21
3,Ranging / High-Vol,15m,191,-0.0009132334575461103,-0.0005102196229245237,0.005996408198648294,0.450261780104712,21
0,Ranging / Mid-Vol,30m,964,0.00023121175629273402,0.00021799302517599983,0.005427607095044164,0.5228215767634855,21
1,Ranging / Low-Vol,30m,3425,-1.986485216295893e-05,9.284894327699078e-05,0.0036417891988175612,0.5173722627737226,21
2,Ranging / Low-Vol,30m,4342,-6.183767182948829e-05,4.040142393790802e-05,0.002816007558576019,0.511054813450023,21
3,Ranging / High-Vol,30m,191,-0.0007408179526348318,-0.0009555945399597476,0.007412675303065838,0.41361256544502617,21
0,Ranging / Mid-Vol,1h,964,0.0007244392255739552,0.0005732494488377426,0.006847288656716441,0.5560165975103735,21
1,Ranging / Low-Vol,1h,3425,3.5446727698530536e-05,0.00018108116563553267,0.0053169392180983325,0.5272992700729927,21
2,Ranging / Low-Vol,1h,4336,-0.00028885339139014555,1.3946881514570464e-05,0.003934305421057079,0.503920664206642,21
3,Ranging / High-Vol,1h,191,-0.0003511275642234573,-0.00018160056180960282,0.009729181592031904,0.4712041884816754,21
0,Ranging / Mid-Vol,2h,964,0.0011473545288689933,0.0008017102038859747,0.008686571496502336,0.5601659751037344,21
1,Ranging / Low-Vol,2h,3425,0.00013049413009442743,0.0004546960615439133,0.007444210908304149,0.5427737226277373,21
2,Ranging / Low-Vol,2h,4324,-0.0005846455957429641,-0.00018025164733437293,0.005537401800420961,0.47247918593894545,21
3,Ranging / High-Vol,2h,191,0.0005782603027525883,-0.0006203595188978284,0.014876782018096496,0.450261780104712,21
0,Ranging / Mid-Vol,4h,964,0.0013845709799034404,0.000758923611234863,0.01327745713327865,0.5435684647302904,21
1,Ranging / Low-Vol,4h,3425,0.0001510032344876654,0.0005566830239160936,0.01032078798235009,0.5331386861313868,21
2,Ranging / Low-Vol,4h,4300,-0.0008042960444309034,-0.0003547596534092534,0.007748029742300785,0.4662790697674419,21
3,Ranging / High-Vol,4h,191,0.001237228847785835,-0.000573719505707615,0.017357027021456976,0.4607329842931937,21
0,Ranging / Mid-Vol,15m,1537,0.00034855750891046774,0.0003499516137104308,0.0042541930175906545,0.5452179570592063,22
1,Ranging / Low-Vol,15m,4295,6.324533016209738e-05,9.453356593169815e-05,0.002581562938966724,0.5157159487776485,22
2,Ranging / Low-Vol,15m,2888,-4.0940010166321545e-05,-1.2708609933298476e-06,0.0020169051993249756,0.49965373961218834,22
3,Ranging / High-Vol,15m,205,0.0004897923506244279,0.0002056664840264233,0.005574622761915349,0.5121951219512195,22
0,Ranging / Mid-Vol,30m,1537,0.000769318866735019,0.0006685227406535432,0.005884616251710106,0.5595315549772284,22
1,Ranging / Low-Vol,30m,4292,0.0001163709213808858,0.00016884382914117424,0.0034660609073237543,0.5249301025163094,22
2,Ranging / Low-Vol,30m,2888,-9.466439095221635e-05,3.0080412640742793e-06,0.0031879323585292897,0.5010387811634349,22
3,Ranging / High-Vol,30m,205,0.000909392752763087,0.000973773846752124,0.006794293668306385,0.5463414634146342,22
0,Ranging / Mid-Vol,1h,1537,0.0010569352907606917,0.0006880996317075727,0.007712552984310758,0.5575797007156799,22
1,Ranging / Low-Vol,1h,4286,0.000267274235350533,0.00012635268032301639,0.005280999056949595,0.514699020065329,22
2,Ranging / Low-Vol,1h,2888,8.540785381393901e-06,6.504978665411443e-05,0.004341695537163078,0.5114265927977839,22
3,Ranging / High-Vol,1h,205,0.0020274736002599057,0.0008947528547551542,0.007921683452490376,0.5609756097560976,22
0,Ranging / Mid-Vol,2h,1537,0.0017166399325838722,0.001061057164633894,0.010285653054023092,0.5673389720234222,22
1,Ranging / Low-Vol,2h,4274,0.0006355346572319485,5.834514152969206e-05,0.007527890768589684,0.5058493214787084,22
2,Ranging / Low-Vol,2h,2888,0.00023554646099369596,9.561166540006383e-05,0.006571869042256735,0.514196675900277,22
3,Ranging / High-Vol,2h,205,0.0016955313732847001,0.00028731843120333167,0.009503296415604592,0.526829268292683,22
0,Ranging / Mid-Vol,4h,1537,0.0020097017521326635,0.0009549542416582568,0.013012924842085476,0.5517241379310345,22
1,Ranging / Low-Vol,4h,4268,0.0015184436152779006,0.0009683129889106468,0.011167771203666431,0.5625585754451734,22
2,Ranging / Low-Vol,4h,2870,0.0008393804592581837,0.00035305229375559577,0.009560277156675893,0.5250871080139373,22
3,Ranging / High-Vol,4h,205,0.002584815831142242,0.0016455551131464574,0.012595584713814669,0.6097560975609756,22
0,Ranging / Low-Vol,15m,2365,-2.5794874421237398e-05,-4.329303302341714e-05,0.0017983128027482813,0.48710359408033826,23
1,Ranging / Low-Vol,15m,4478,6.8585650757104196e-06,2.384724283555073e-05,0.002372767132428603,0.5053595355069227,23
2,Ranging / High-Vol,15m,159,-0.0002456604030986447,-0.00015900492217113538,0.00752846113849656,0.48427672955974843,23
3,Ranging / Mid-Vol,15m,1165,-0.0001826545310989584,-8.956789892522465e-05,0.004216448392961364,0.4875536480686695,23
0,Ranging / Low-Vol,30m,2362,-5.4392234240903194e-05,-3.262668364190091e-05,0.0026641106077890135,0.4932260795935648,23
1,Ranging / Low-Vol,30m,4474,3.052701379300137e-05,5.937504611974731e-05,0.0032511592695300506,0.5091640590075994,23
2,Ranging / High-Vol,30m,159,-0.0006701592818433139,-0.0001954408455357992,0.008482902032442266,0.48427672955974843,23
3,Ranging / Mid-Vol,30m,1163,-0.00030227901495678556,3.469740394379528e-05,0.005561373977587684,0.5012897678417885,23
0,Ranging / Low-Vol,1h,2361,5.392482474799232e-05,1.9412327542767116e-05,0.004010959968068716,0.504870817450233,23
1,Ranging / Low-Vol,1h,4457,-3.65011641786836e-05,-2.555137743343039e-05,0.0045963276974412106,0.49607359210231095,23
2,Ranging / High-Vol,1h,159,-0.0012148021257465294,-0.0007089866398910516,0.008489828142901818,0.46540880503144655,23
3,Ranging / Mid-Vol,1h,1163,-0.0004498658055107074,2.9661063035035795e-05,0.007012102094084636,0.5038693035253654,23
0,Ranging / Low-Vol,2h,2361,-4.7913879414129334e-05,-5.5410961932622627e-05,0.005802670551053369,0.493434985175773,23
1,Ranging / Low-Vol,2h,4421,-0.00013752322134989047,1.1623322972553751e-05,0.006498319488180714,0.5019226419362135,23
2,Ranging / High-Vol,2h,159,-0.0008960149517184569,-0.0010483022047633739,0.009833572335535013,0.44025157232704404,23
3,Ranging / Mid-Vol,2h,1163,-0.0005312528936578537,-0.0001914841589130134,0.009128638481880863,0.4832330180567498,23
0,Ranging / Low-Vol,4h,2347,-0.0001800657528891826,0.00015422593932790107,0.008607716203462687,0.5112910097997444,23
1,Ranging / Low-Vol,4h,4363,-0.0005401002480079337,7.824109948018076e-05,0.009267736825075179,0.5058446023378409,23
2,Ranging / High-Vol,4h,159,-0.001868436480534883,-0.0017401335916691352,0.01088484173912548,0.41509433962264153,23
3,Ranging / Mid-Vol,4h,1163,0.00017288848657403288,0.000549183534161557,0.01259222143573791,0.5339638865004299,23
0,Ranging / Low-Vol,15m,797,2.7358359063372423e-05,5.052485439449583e-05,0.0018028741108782774,0.5119196988707654,24
1,Ranging / High-Vol,15m,2085,-0.0003949210355496218,3.92696628104261e-06,0.01802313178169408,0.5007194244604316,24
2,Ranging / Mid-Vol,15m,3452,3.28756039178006e-05,5.378135885081292e-05,0.005460442365831012,0.503476245654693,24
3,Ranging / Low-Vol,15m,2516,-6.35748172769212e-05,7.059059578917726e-05,0.003398734021426215,0.5111287758346582,24
0,Ranging / Low-Vol,30m,794,-1.0224515725920591e-06,-5.288018742799494e-05,0.0031302494231767856,0.49496221662468515,24
1,Ranging / High-Vol,30m,2085,-0.0006860294451474198,-0.00011411280259565615,0.02460403148643189,0.497841726618705,24
2,Ranging / Mid-Vol,30m,3452,-1.5561680589647443e-05,-3.1435570684301695e-05,0.008817179386431851,0.4982618771726535,24
3,Ranging / Low-Vol,30m,2513,-8.38634991119734e-05,-1.393198559540565e-05,0.004961979926741771,0.49900517309988063,24
0,Ranging / Low-Vol,1h,788,-0.00029542132325405794,4.437393184453242e-05,0.005731660594548237,0.5050761421319797,24
1,Ranging / High-Vol,1h,2085,-0.0010505940006754612,-0.0002089770580653294,0.03176692396118056,0.4930455635491607,24
2,Ranging / Mid-Vol,1h,3452,-0.00028135081112580984,-7.055546626588693e-05,0.01431960732537492,0.4976825028968714,24
3,Ranging / Low-Vol,1h,2507,2.0392441129776923e-05,0.0001330062590483294,0.007418775524657973,0.5145592341443956,24
0,Ranging / Low-Vol,2h,777,-0.00037337315726081253,0.00017285447182935343,0.008750138350484132,0.5276705276705277,24
1,Ranging / High-Vol,2h,2085,-0.0014106274433444588,0.00022689867952863096,0.03991466669346111,0.5059952038369304,24
2,Ranging / Mid-Vol,2h,3452,-0.0006791573543217845,6.221965151187447e-05,0.02202764599295884,0.5020278099652375,24
3,Ranging / Low-Vol,2h,2494,-0.0004333555248975192,7.237921928204827e-05,0.010741551284682184,0.5084202085004009,24
0,Ranging / Low-Vol,4h,772,-0.0021983828159940367,-0.0002882270290625044,0.013984405537061807,0.48704663212435234,24
1,Ranging / High-Vol,4h,2085,-0.0011838052115870556,0.0010675291511237361,0.052782773349038165,0.5151079136690647,24
2,Ranging / Mid-Vol,4h,3449,-0.001816072836667726,-0.00036701829118079843,0.03355422381480911,0.49173673528559003,24
3,Ranging / Low-Vol,4h,2454,-0.0012051471886253577,0.00023586961515587035,0.014928157808810301,0.513039934800326,24
0,Ranging / High-Vol,15m,416,0.00018238020175280584,0.000610630021816938,0.007645188877298249,0.5432692307692307,25
1,Ranging / Mid-Vol,15m,1934,0.00017793793513547887,0.00030142297787350003,0.00479536171203848,0.5413650465356774,25
2,Ranging / Low-Vol,15m,1900,0.00010435515024295359,0.00012797758938010162,0.001842070800710667,0.5357894736842105,25
3,Ranging / Low-Vol,15m,4307,5.901639721598411e-05,9.437875893247849e-05,0.002726068893615259,0.5166008822846528,25
0,Ranging / High-Vol,30m,416,-4.503021591908749e-05,-7.556449552659217e-05,0.009387445395536194,0.4951923076923077,25
1,Ranging / Mid-Vol,30m,1931,0.0003833373621525308,0.0004184291869666623,0.006806752323294863,0.5453133091662351,25
2,Ranging / Low-Vol,30m,1900,0.00012776741752679305,0.00018164979119905666,0.002766362934282864,0.5305263157894737,25
3,Ranging / Low-Vol,30m,4304,0.00019703107849505488,0.0001507260330599891,0.003915694454360518,0.5223048327137546,25
0,Ranging / High-Vol,1h,416,0.00011998640949914327,4.9489913094724614e-05,0.01256688223428427,0.5024038461538461,25
1,Ranging / Mid-Vol,1h,1925,0.000508218893459927,0.0007423209065482439,0.009407375025470338,0.5548051948051949,25
2,Ranging / Low-Vol,1h,1900,6.40045326212168e-05,0.000125154620341128,0.003995598561354391,0.5184210526315789,25
3,Ranging / Low-Vol,1h,4298,0.0005909505470619831,0.00032930763653027384,0.005858299956399332,0.5372266170311772,25
0,Ranging / High-Vol,2h,416,-0.00014906257965552339,0.0005154110677869639,0.016417615593230447,0.5240384615384616,25
1,Ranging / Mid-Vol,2h,1913,0.001256590466294166,0.0012449035068140546,0.012728621515919025,0.5697856769472034,25
2,Ranging / Low-Vol,2h,1900,0.00023491175511738873,0.00018194206386379363,0.005837731399558852,0.5194736842105263,25
3,Ranging / Low-Vol,2h,4286,0.0010877414461871965,0.0005382999684586665,0.009293016376108517,0.5424638357442837,25
0,Ranging / High-Vol,4h,416,-0.0005654335878292765,0.0004847487995389699,0.02003064304180328,0.5168269230769231,25
1,Ranging / Mid-Vol,4h,1889,0.0017051961150236332,0.001974374460502304,0.016641504377521567,0.5955532027527792,25
2,Ranging / Low-Vol,4h,1894,0.0011025906566316942,0.0007693415572109785,0.010489631964528054,0.5591341077085533,25
3,Ranging / Low-Vol,4h,4268,0.0023671634387818713,0.0009360704858822899,0.014732472254544467,0.5470946579194002,25
0,Ranging / Low-Vol,15m,1206,4.0909261220343287e-05,-2.8504074145452307e-05,0.002216757928781963,0.4917081260364842,26
1,Ranging / Low-Vol,15m,4919,7.261408921284458e-05,5.720684864662928e-05,0.0029610104980714314,0.5096564342346005,26
2,Ranging / High-Vol,15m,371,0.00042359983053791636,0.001115784807080189,0.008723737884243733,0.5929919137466307,26
3,Ranging / Mid-Vol,15m,2429,-0.00012358073426461296,7.091268931702643e-05,0.005290128970963114,0.5104981473857555,26
0,Ranging / Low-Vol,30m,1206,-2.4946057458589283e-05,-0.00013330068280925644,0.0035567452344554677,0.4759535655058043,26
1,Ranging / Low-Vol,30m,4919,0.00013279741970600846,0.00010942439496552936,0.0041712678638992935,0.511486074405367,26
2,Ranging / High-Vol,30m,371,0.0005049986085163521,0.000770277647786699,0.009883960585433466,0.5498652291105122,26
3,Ranging / Mid-Vol,30m,2426,-0.00012354987304427186,0.0001898449612749431,0.007482597565180687,0.5214344600164881,26
0,Ranging / Low-Vol,1h,1206,0.00017839267252219487,-5.282106514226115e-05,0.005417713844529264,0.4917081260364842,26
1,Ranging / Low-Vol,1h,4919,4.152981909808086e-05,0.000207783196129796,0.00709886054703439,0.5222606220776581,26
2,Ranging / High-Vol,1h,371,0.0007556293660366982,0.0011431578586247326,0.010647370388044149,0.568733153638814,26
3,Ranging / Mid-Vol,1h,2420,0.00011689422150943438,0.0004315358411579595,0.008636386867524616,0.5355371900826447,26
0,Ranging / Low-Vol,2h,1206,0.0008761354644647237,0.0004930093208850295,0.008016003784529258,0.5398009950248757,26
1,Ranging / Low-Vol,2h,4911,-3.181406091913918e-05,0.00011734034259802684,0.010216362222532591,0.5092649154958256,26
2,Ranging / High-Vol,2h,371,0.0018784492054524599,0.0023307885189680633,0.012619530323329632,0.5902964959568733,26
3,Ranging / Mid-Vol,2h,2416,0.00016902264565457056,0.0005554991583762714,0.011666513375831253,0.5293874172185431,26
0,Ranging / Low-Vol,4h,1193,0.001853498336364361,0.001080810277031219,0.013744278387200574,0.5708298407376362,26
1,Ranging / Low-Vol,4h,4900,0.0005886332132389245,0.0005453412074309938,0.013266257978126896,0.5226530612244898,26
2,Ranging / High-Vol,4h,371,0.0019007073718485244,0.0036113349349466972,0.01715293364156572,0.6118598382749326,26
3,Ranging / Mid-Vol,4h,2416,-0.0007131662940183639,9.101742235273491e-05,0.016882342055469547,0.5045529801324503,26
0,Ranging / Low-Vol,15m,2761,3.6910641295864215e-05,5.305554862999884e-06,0.002638769455875611,0.5023542194856936,27
1,Ranging / High-Vol,15m,138,0.0002253632447932559,0.0004938430054552967,0.0057003894012964676,0.5652173913043478,27
2,Ranging / Low-Vol,15m,5070,-5.613676580480954e-05,-4.988514528747601e-05,0.002000708580938949,0.4834319526627219,27
3,Ranging / High-Vol,15m,576,3.065641933015938e-05,7.072411842035109e-05,0.0035145797341894817,0.5121527777777778,27
0,Ranging / Low-Vol,30m,2758,2.439211231926865e-05,-5.0694594959210804e-05,0.003796787923915849,0.4916606236403191,27
1,Ranging / High-Vol,30m,138,0.0005175336052648897,0.00013818561631762094,0.006936399442282377,0.5217391304347826,27
2,Ranging / Low-Vol,30m,5067,-8.821788534854854e-05,-9.689170380156042e-05,0.0028426821254417855,0.47937635681863033,27
3,Ranging / High-Vol,30m,576,4.866881956987047e-05,7.313318915969091e-05,0.00465239629589223,0.5173611111111112,27
0,Ranging / Low-Vol,1h,2752,-7.148275404969152e-05,1.7941394924392284e-05,0.006146998999518063,0.5025436046511628,27
1,Ranging / High-Vol,1h,138,-1.9798686397344778e-05,-0.0004934141203607467,0.006344573712534287,0.4855072463768116,27
2,Ranging / Low-Vol,1h,5061,-8.20557900322899e-05,-6.015651437785152e-05,0.0037672702647709097,0.4860699466508595,27
3,Ranging / High-Vol,1h,576,0.00010775559737346501,0.00024357410007791458,0.005870464099723985,0.5277777777777778,27
0,Ranging / Low-Vol,2h,2740,-0.0001511738147984792,6.412191166216274e-05,0.008764724767155107,0.5058394160583941,27
1,Ranging / High-Vol,2h,138,-0.0005686004426058179,-0.00023339998098048653,0.00695584406919578,0.4927536231884058,27
2,Ranging / Low-Vol,2h,5049,-0.0002128155604407158,-0.00021304638927155395,0.0051920870097972634,0.46880570409982175,27
3,Ranging / High-Vol,2h,576,0.000763845343936488,0.0010241120360428013,0.007056122873917839,0.5555555555555556,27
0,Ranging / Low-Vol,4h,2734,0.0001315477360485936,0.00013868052235821438,0.010951001207400597,0.5102414045354792,27
1,Ranging / High-Vol,4h,138,0.0002699999766267471,0.00010675792550696173,0.00738874697651819,0.5072463768115942,27
2,Ranging / Low-Vol,4h,5025,-0.0005596491561118876,-0.0003934105385603459,0.008381685084457798,0.4606965174129353,27
3,Ranging / High-Vol,4h,558,0.0003225104212165995,0.0012106381053804682,0.0112226575934059,0.5645161290322581,27
0,Ranging / High-Vol,15m,615,0.00021768437369084115,-2.1824649856228007e-06,0.004499019811774769,0.4991869918699187,28
1,Ranging / Low-Vol,15m,6269,3.0067531283329334e-05,3.290023824931154e-06,0.0011366317522495764,0.5007178178337853,28
2,Ranging / Low-Vol,15m,1938,0.00015073459706320695,9.231312468926944e-05,0.0023127812743604756,0.52218782249742,28
3,Ranging / High-Vol,15m,103,0.0003620858908842381,0.00024746820229459843,0.007293889017319662,0.5242718446601942,28
0,Ranging / High-Vol,30m,615,0.0003844672919499297,-3.653198238140476e-06,0.006308662745845311,0.4975609756097561,28
1,Ranging / Low-Vol,30m,6269,8.228049743254798e-05,2.9491645946677636e-05,0.001693289969459039,0.5099696921359068,28
2,Ranging / Low-Vol,30m,1935,0.0002590369241842822,0.00015372810921654434,0.0032860477893004946,0.5271317829457365,28
3,Ranging / High-Vol,30m,103,0.0004775148857090334,0.0009639356572890279,0.008330379516960675,0.5825242718446602,28
0,Ranging / High-Vol,1h,615,0.00033769776279385095,-0.00010175392812072914,0.008688940164442202,0.4926829268292683,28
1,Ranging / Low-Vol,1h,6269,0.00019073894656351607,4.330283729814255e-06,0.002381022696419216,0.5010368479821343,28
2,Ranging / Low-Vol,1h,1929,0.0005864243244785655,0.00023797975469186383,0.004764098268289471,0.5401762571280456,28
3,Ranging / High-Vol,1h,103,0.0005746095356059231,6.654645175885321e-05,0.010034955547511349,0.5048543689320388,28
0,Ranging / High-Vol,2h,615,0.0019464782078347633,0.00031644266691444045,0.01270160744882954,0.5252032520325203,28
1,Ranging / Low-Vol,2h,6269,0.00038645427789275665,8.981872315061423e-05,0.0035334112422521027,0.5163502951028872,28
2,Ranging / Low-Vol,2h,1917,0.0008566903316300138,0.0004438371381194628,0.005826234974970975,0.550339071465832,28
3,Ranging / High-Vol,2h,103,-0.00043716221656143176,-0.0020094022233241304,0.009341503532367268,0.39805825242718446,28
0,Ranging / High-Vol,4h,615,0.003542993459594531,0.0009934089691157055,0.015438511526829513,0.5333333333333333,28
1,Ranging / Low-Vol,4h,6269,0.0006997647957688049,0.0001614851398983319,0.0051768449364712685,0.5195405965863774,28
2,Ranging / Low-Vol,4h,1893,0.002265430757801259,0.001571042934960687,0.008455262202939325,0.6344426835710513,28
3,Ranging / High-Vol,4h,103,-0.0037401385079730426,-0.004260340977362276,0.010709720571229426,0.36893203883495146,28
0,Ranging / High-Vol,15m,102,0.0011748680635292712,0.0010085871208396213,0.005239802335237651,0.6078431372549019,29
1,Ranging / Low-Vol,15m,4676,8.432307137384056e-07,-4.156098332952496e-05,0.0022553720018146125,0.4923011120615911,29
2,Ranging / High-Vol,15m,971,-7.072414784626834e-06,0.00024438650747882207,0.005156950168182355,0.5365602471678682,29
3,Ranging / Low-Vol,15m,3176,-1.168270386398024e-05,8.632321391033315e-07,0.0018340753481975681,0.5003148614609572,29
0,Ranging / High-Vol,30m,102,0.0023706434946613565,0.0016539413326377428,0.005565074531050864,0.6568627450980392,29
1,Ranging / Low-Vol,30m,4676,5.133209439448916e-06,-7.100410511906574e-05,0.003168286305532312,0.49123182207014543,29
2,Ranging / High-Vol,30m,971,-0.00015138038595562066,0.0002682034174146253,0.007212328483620978,0.5159629248197735,29
3,Ranging / Low-Vol,30m,3173,1.999407263926129e-05,4.388672921962211e-05,0.0025570661355495132,0.5096123542388906,29
0,Ranging / High-Vol,1h,102,0.0035010418050784166,0.002700745713863917,0.005643388531582111,0.7352941176470589,29
1,Ranging / Low-Vol,1h,4676,-6.82005590412557e-05,-3.392559878800938e-05,0.005010175033429919,0.4948674080410607,29
2,Ranging / High-Vol,1h,971,0.00021105080214861566,0.0007184630700205474,0.007429014422068613,0.5561277033985582,29
3,Ranging / Low-Vol,1h,3167,4.9432685800350384e-05,7.497482529750243e-05,0.0036322866812648347,0.5096305652036628,29
0,Ranging / High-Vol,2h,102,0.008134118087823787,0.007759102125697304,0.008004808251872216,0.8823529411764706,29
1,Ranging / Low-Vol,2h,4673,-0.0002291876807631658,0.00013820698371702633,0.0070581225801865325,0.515086668093302,29
2,Ranging / High-Vol,2h,971,0.0009224093932931584,0.001155567110330935,0.00843344151210856,0.5715756951596292,29
3,Ranging / Low-Vol,2h,3158,4.7896172435589926e-05,-0.0001030808472179956,0.00500434162491622,0.48606713109563016,29
0,Ranging / High-Vol,4h,102,0.007666788587194684,0.007701194227248465,0.010800799638339824,0.696078431372549,29
1,Ranging / Low-Vol,4h,4666,0.00013757678101928612,0.0003502780042570208,0.009516952377622226,0.5227175310758679,29
2,Ranging / High-Vol,4h,971,-0.0002968252624846128,0.00080575947185757,0.011023742020932611,0.5417095777548918,29
3,Ranging / Low-Vol,4h,3141,0.00012059917759689136,-0.00022322493668447407,0.007202000854488809,0.48169372811206623,29
0,Ranging / Low-Vol,15m,3454,3.97160434684068e-05,4.331181912409221e-05,0.0016343738312650968,0.5144759698899827,30
1,Ranging / Low-Vol,15m,3834,-4.779325054117223e-05,-1.711092525358282e-05,0.002324674726659746,0.49608763693270735,30
2,Ranging / High-Vol,15m,1185,-0.00024102658698727596,-0.0001257909346712438,0.004236538177837533,0.4810126582278481,30
3,Ranging / High-Vol,15m,164,0.0006085681134653785,-2.1972879400422585e-06,0.007422417665899573,0.5,30
0,Ranging / Low-Vol,30m,3454,8.858180825422827e-05,4.10927828715657e-05,0.002306138554916195,0.5069484655471916,30
1,Ranging / Low-Vol,30m,3831,-0.00010395657093054804,-0.00010329373111872542,0.0034195175800494234,0.4904724614983033,30
2,Ranging / High-Vol,30m,1185,-0.0005575102220741898,-0.0003240231339667332,0.005836898214065293,0.47257383966244726,30
3,Ranging / High-Vol,30m,164,0.0018477707801258846,0.0017792568529548802,0.008039029354444657,0.6219512195121951,30
0,Ranging / Low-Vol,1h,3448,0.0001721216036179179,0.00018713844588091888,0.003368354539453296,0.5336426914153132,30
1,Ranging / Low-Vol,1h,3831,-0.00023660288238282055,-0.00019184253939741325,0.004919293848683291,0.47898720960584706,30
2,Ranging / High-Vol,1h,1185,-0.001106986150379484,-0.000635743047286752,0.007669657944023305,0.4481012658227848,30
3,Ranging / High-Vol,1h,164,0.004378331023740141,0.0038085149033388888,0.008788968935276278,0.7439024390243902,30
0,Ranging / Low-Vol,2h,3436,0.00013393071385500523,0.00023347616018476458,0.004759441813058805,0.5308498253783469,30
1,Ranging / Low-Vol,2h,3831,-0.00029843633595231985,1.3788621354038355e-05,0.007301846641531822,0.5006525711302532,30
2,Ranging / High-Vol,2h,1185,-0.0017379269471830244,-0.0011565918871045966,0.009787501656840038,0.42953586497890295,30
3,Ranging / High-Vol,2h,164,0.005452427698596454,0.0036620591382376944,0.010305429599774466,0.6646341463414634,30
0,Ranging / Low-Vol,4h,3415,-0.0001973374380382849,0.0002975241347087376,0.007164135369550676,0.527086383601757,30
1,Ranging / Low-Vol,4h,3828,-0.00036463447140163893,0.00043027510083426534,0.010975039294190473,0.5203761755485894,30
2,Ranging / High-Vol,4h,1185,-0.0020703236238815335,-0.0008970313480816117,0.01244957348185147,0.4548523206751055,30
3,Ranging / High-Vol,4h,164,0.0041666171688885855,0.004146706476412909,0.01333941755329009,0.573170731707317,30
0,Ranging / Low-Vol,15m,5073,6.265177579901514e-05,6.338617200718488e-05,0.001549184260726667,0.5237532032328011,31
1,Ranging / Low-Vol,15m,2787,6.240528197670858e-05,5.96028238302182e-05,0.002391215325259275,0.5102260495156081,31
2,Ranging / High-Vol,15m,972,0.0003547834080526763,0.0002914983025386064,0.0037371339411854105,0.5432098765432098,31
3,Ranging / High-Vol,15m,93,-0.00112125205158358,-3.072669961667884e-05,0.005679333604707957,0.4946236559139785,31
0,Ranging / Low-Vol,30m,5073,0.00013754805632307785,0.0001110785908622347,0.0022957920064066582,0.5298639858072147,31
1,Ranging / Low-Vol,30m,2784,0.00012978670685698438,8.202400739421023e-05,0.0034110972758337374,0.5100574712643678,31
2,Ranging / High-Vol,30m,972,0.0005337885293219117,0.0004109664178493233,0.005016039671691968,0.5452674897119342,31
3,Ranging / High-Vol,30m,93,-0.0012030453334774171,-8.782997156231431e-07,0.006419577215377101,0.4946236559139785,31
0,Ranging / Low-Vol,1h,5073,0.0002735368296698637,0.00020548303529643874,0.0033803026671266885,0.5462251133451607,31
1,Ranging / Low-Vol,1h,2778,0.0002449369338269337,0.00018224619797990727,0.004794011270232305,0.5266378689704824,31
2,Ranging / High-Vol,1h,972,0.0009213086415783259,0.0008179015194977879,0.006705836864823311,0.5761316872427984,31
3,Ranging / High-Vol,1h,93,-0.00025626102995466736,0.00129940758768754,0.007457573423240453,0.6344086021505376,31
0,Ranging / Low-Vol,2h,5064,0.000557373938199166,0.0004001914105096205,0.004874056643187151,0.5653633491311216,31
1,Ranging / Low-Vol,2h,2775,0.0006402190664096157,0.00047267840826314966,0.00685483446735868,0.5427027027027027,31
2,Ranging / High-Vol,2h,972,0.0012068194746679582,0.0007503827369665927,0.009127253656853124,0.5493827160493827,31
3,Ranging / High-Vol,2h,93,0.0014927136423201664,0.002537474289509234,0.00809760478221974,0.6881720430107527,31
0,Ranging / Low-Vol,4h,5057,0.0011837731529067811,0.000873759496309745,0.007307214388350042,0.6017401621514732,31
1,Ranging / Low-Vol,4h,2758,0.0013344442731681777,0.0011454994118178519,0.00982591656942605,0.5877447425670775,31
2,Ranging / High-Vol,4h,972,0.002296321294194246,0.0020380121873655455,0.011812871290221233,0.5843621399176955,31
3,Ranging / High-Vol,4h,93,-0.0010541238488407294,-0.00045750053594950657,0.008471105196257976,0.4731182795698925,31
0,Ranging / Low-Vol,15m,485,-7.734776500766066e-05,-8.739126165657751e-05,0.0020277551488615334,0.4824742268041237,32
1,Ranging / High-Vol,15m,3050,3.428259034259872e-05,3.6272155700345365e-05,0.004383068957929685,0.5059016393442622,32
2,Ranging / Low-Vol,15m,4636,0.00021863717076593342,0.00018148649894111912,0.0027884577090866677,0.5271786022433133,32
3,Ranging / High-Vol,15m,404,-6.778543957760156e-05,0.0005843411540418231,0.008468967550248325,0.5321782178217822,32
0,Ranging / Low-Vol,30m,485,-0.00012347042429952608,-0.00020501218512869457,0.0030655879408185696,0.46804123711340206,32
1,Ranging / High-Vol,30m,3047,3.392915903273081e-05,7.909827965413285e-05,0.006026299240818568,0.5077125041023958,32
2,Ranging / Low-Vol,30m,4633,0.00043110555324984946,0.00034307399588051624,0.003911163196580157,0.5443557090438161,32
3,Ranging / High-Vol,30m,404,0.00014614363793725098,0.0003909696325568035,0.011737576130088119,0.5272277227722773,32
0,Ranging / Low-Vol,1h,485,-5.371505863461469e-05,0.0001807165306484393,0.004391125145508224,0.5278350515463918,32
1,Ranging / High-Vol,1h,3044,-4.790073430530729e-05,0.00036571147959563177,0.008582914804152419,0.5236530880420499,32
2,Ranging / Low-Vol,1h,4624,0.0008529993856112433,0.0004840636609317883,0.005552371084529254,0.5387110726643599,32
3,Ranging / High-Vol,1h,404,0.0010355424082930246,0.001675115512083103,0.014388906051922504,0.551980198019802,32
0,Ranging / Low-Vol,2h,485,0.0006235580223762912,0.0008935542314496558,0.007629848035372808,0.5587628865979382,32
1,Ranging / High-Vol,2h,3041,0.00021238470155723798,0.001252565362147351,0.011911747531787174,0.5586977967773759,32
2,Ranging / Low-Vol,2h,4603,0.00148369939458285,0.0010261862289677737,0.008118052175372276,0.5585487725396481,32
3,Ranging / High-Vol,2h,404,0.0009718189485390075,0.001927865477576951,0.0161453525189762,0.5618811881188119,32
0,Ranging / Low-Vol,4h,485,0.001126833163434225,0.00103906494959638,0.010061372010158456,0.5628865979381443,32
1,Ranging / High-Vol,4h,3024,0.0011409281337228096,0.0015386341406511406,0.015385366927406632,0.5509259259259259,32
2,Ranging / Low-Vol,4h,4572,0.0024590338553713183,0.0019313484216567645,0.011445552914555934,0.5730533683289589,32
3,Ranging / High-Vol,4h,404,0.0011607837201212286,0.0031265458555918,0.021671363351749153,0.5643564356435643,32
0,Ranging / Low-Vol,15m,3977,0.00013502955451672434,1.265764616675824e-05,0.0029708817325753505,0.5033945184812673,33
1,Ranging / High-Vol,15m,461,0.00016004423784030838,0.0006098523803128586,0.007525596852659791,0.559652928416486,33
2,Ranging / High-Vol,15m,3507,0.0001344235555100834,0.00015401685996785375,0.004618612450844855,0.5192472198460223,33
3,Ranging / Low-Vol,15m,818,4.619516846989468e-05,6.805858112191032e-05,0.0018749761707468732,0.5171149144254279,33
0,Ranging / Low-Vol,30m,3972,0.0002998310135593328,8.472040324836172e-05,0.004339954700203232,0.5103222557905337,33
1,Ranging / High-Vol,30m,458,0.0002725242165347228,0.0012683516885836355,0.010051247403014102,0.5851528384279476,33
2,Ranging / High-Vol,30m,3506,0.0002320651774209459,0.00037784538923801847,0.006234359555181428,0.5305191100969766,33
3,Ranging / Low-Vol,30m,818,0.00010657425532267431,6.769406247997267e-06,0.0027882601968411587,0.5024449877750611,33
0,Ranging / Low-Vol,1h,3960,0.0006498460266651582,0.0004363317142406231,0.006214441390823113,0.5406565656565656,33
1,Ranging / High-Vol,1h,452,0.0006538418822160477,0.0021617004470328993,0.013528726018565421,0.5951327433628318,33
2,Ranging / High-Vol,1h,3506,0.0003534254813783473,0.0005072216040762356,0.008678477734196279,0.5316600114090131,33
3,Ranging / Low-Vol,1h,818,0.00037696639039891085,0.0002661581268350588,0.00394937565028265,0.530562347188264,33
0,Ranging / Low-Vol,2h,3943,0.0007879401609205061,0.0007755959373128007,0.008997886316588669,0.5462845549074309,33
1,Ranging / High-Vol,2h,440,0.0021901893327586097,0.0028844265083227683,0.016218751374326195,0.5818181818181818,33
2,Ranging / High-Vol,2h,3499,0.0010514138223509642,0.0012630165005660388,0.011803385504495511,0.5590168619605601,33
3,Ranging / Low-Vol,2h,818,0.001266999886405858,0.0008357483758851814,0.006052020536085125,0.5733496332518337,33
0,Ranging / Low-Vol,4h,3915,0.0011509743700214145,0.0009906583201253483,0.013582472198377092,0.5491698595146871,33
1,Ranging / High-Vol,4h,419,0.003474395710825006,0.003505930818436198,0.015351048167865278,0.5871121718377088,33
2,Ranging / High-Vol,4h,3476,0.0029405143550373814,0.0029913769986098515,0.014849365474340796,0.586018411967779,33
3,Ranging / Low-Vol,4h,818,0.0023645007601443033,0.0018849819760156095,0.010082725155780356,0.5855745721271394,33
0,Ranging / Low-Vol,15m,48,0.00034246418761378167,0.0004403804577224335,0.0015416756378444272,0.5833333333333334,34
1,Ranging / Low-Vol,15m,671,0.00014710811537232111,5.728550435968316e-05,0.004089267012435727,0.5081967213114754,34
2,Ranging / High-Vol,15m,5444,-8.689682039883553e-05,-0.00011824846259322896,0.0058973534921346335,0.49026451138868476,34
3,Ranging / High-Vol,15m,2762,0.00027943912055081643,8.764977520581141e-05,0.010739927852702141,0.5047067342505431,34
0,Ranging / Low-Vol,30m,48,0.0006848319091236436,0.0008551834702128502,0.0023189551363966927,0.6041666666666666,34
1,Ranging / Low-Vol,30m,671,0.00042012650564290466,5.5020053251197965e-05,0.006249768285934284,0.503725782414307,34
2,Ranging / High-Vol,30m,5441,-0.00013959329627483767,-0.000230084089428928,0.008410885820557544,0.4853887153096857,34
3,Ranging / High-Vol,30m,2762,0.00046144910661234163,0.0007091101566096825,0.014797002969728678,0.5264301230992035,34
0,Ranging / Low-Vol,1h,48,0.0012668472515997935,0.001712988523460801,0.003888274051500813,0.7083333333333334,34
1,Ranging / Low-Vol,1h,671,0.0010875454243734896,0.00023542707380386219,0.009195619959172422,0.5230998509687034,34
2,Ranging / High-Vol,1h,5435,-0.0002508523457785191,-0.00023753038887797118,0.012198624088762166,0.48960441582336706,34
3,Ranging / High-Vol,1h,2762,0.0008013474101839152,0.0013474512198197175,0.01947846370828323,0.5412744388124547,34
0,Ranging / Low-Vol,2h,48,0.004059446889416692,0.00339674910535237,0.005129244832950233,0.7708333333333334,34
1,Ranging / Low-Vol,2h,669,0.0015273072427810027,0.0001822896395520246,0.013486107526364931,0.5082212257100149,34
2,Ranging / High-Vol,2h,5425,-0.00017974644628170562,-0.0003339912071869122,0.017670109592277685,0.49069124423963134,34
3,Ranging / High-Vol,2h,2762,0.0010031084654118748,0.0019630386538000977,0.02595279580392925,0.5383779869659667,34
0,Ranging / Low-Vol,4h,48,0.007831022660659714,0.006703285297573913,0.006631196942457117,0.875,34
1,Ranging / Low-Vol,4h,657,0.0018826234664117909,-0.00011918126594068212,0.018915805746921727,0.4946727549467275,34
2,Ranging / High-Vol,4h,5413,1.1607727707190807e-05,-0.0002576104353106956,0.026232500035124787,0.4967670423055607,34
3,Ranging / High-Vol,4h,2762,0.001456076584444482,0.00244625803056131,0.03354684000932703,0.5333091962346126,34
0,Ranging / High-Vol,15m,1258,0.0004814537320382547,0.00042358153316257585,0.009916405825252106,0.5206677265500795,35
1,Ranging / Low-Vol,15m,2055,0.0002522947406008552,4.0751946563943875e-05,0.0035547445850058626,0.5070559610705596,35
2,Ranging / High-Vol,15m,4646,-3.939624595256716e-05,2.523015164968001e-05,0.005395601580361279,0.5027981058975463,35
3,Ranging / Low-Vol,15m,20,-0.00017859339552357413,-0.0005017936875990614,0.002744764010821424,0.35,35
0,Ranging / High-Vol,30m,1258,0.0007649371129763718,0.0010845931669187792,0.012953232239723564,0.5365659777424483,35
1,Ranging / Low-Vol,30m,2055,0.000496553258164214,0.00011963488785227128,0.005146887258799142,0.5128953771289537,35
2,Ranging / High-Vol,30m,4640,-2.5412568284844987e-05,6.371584048991963e-05,0.007670392623640765,0.5045258620689655,35
3,Ranging / Low-Vol,30m,20,0.0017434297802757293,0.0010003879611657496,0.004133841520159877,0.55,35
0,Ranging / High-Vol,1h,1255,0.0006625554180413161,0.0008868202545748716,0.016377356481903485,0.5402390438247012,35
1,Ranging / Low-Vol,1h,2055,0.0012552332629460574,0.0007477214728659476,0.007955136827864064,0.5411192214111922,35
2,Ranging / High-Vol,1h,4631,8.963592102007576e-05,0.00018492470356967772,0.010551782778762675,0.5126322608507882,35
3,Ranging / Low-Vol,1h,20,0.0006516418749353825,0.0007626547413224216,0.005482515476012636,0.5,35
0,Ranging / High-Vol,2h,1250,0.000834204781963507,0.0004585666406180522,0.02081259323813049,0.5104,35
1,Ranging / Low-Vol,2h,2055,0.0024176757590106124,0.0018143312695180214,0.013251141589948418,0.5766423357664233,35
2,Ranging / High-Vol,2h,4612,0.0002819373046881073,0.0001483964682842398,0.014288941160987837,0.5056374674761491,35
3,Ranging / Low-Vol,2h,20,-0.0016274006441365785,-0.0009836246923144998,0.006932808586988835,0.5,35
0,Ranging / High-Vol,4h,1244,0.0006703151968861703,0.0033577970167932847,0.027653551682835106,0.547427652733119,35
1,Ranging / Low-Vol,4h,2045,0.004756911656586838,0.002140607000612249,0.021212257383624953,0.5633251833740831,35
2,Ranging / High-Vol,4h,4580,0.0006388191918003907,0.0015564748568257514,0.019468821743162817,0.5377729257641921,35
3,Ranging / Low-Vol,4h,20,0.0007900356409485277,0.00045076180396019794,0.0075697502059010316,0.55,35
0,Ranging / High-Vol,15m,411,0.0003242241111416712,0.0005717823751290041,0.006022755876535129,0.5279805352798054,36
1,Ranging / Low-Vol,15m,3102,2.6622491516349685e-05,-7.226854743080935e-05,0.003245613931269175,0.49258542875564154,36
2,Ranging / Low-Vol,15m,134,0.0005107069232243105,8.584514507159469e-05,0.002642931597157383,0.5074626865671642,36
3,Ranging / High-Vol,15m,5210,9.171483975491476e-05,0.00012749933341194009,0.004599753284617191,0.5126679462571977,36
0,Ranging / High-Vol,30m,411,0.0011935931659140988,0.0013788993286159013,0.007097779929960624,0.6082725060827251,36
1,Ranging / Low-Vol,30m,3098,0.0001244426500093496,3.4713908195094234e-05,0.004926163371990136,0.5051646223369916,36
2,Ranging / Low-Vol,30m,132,0.0010622437561700337,0.0003084002700113331,0.004138694646107273,0.5681818181818182,36
3,Ranging / High-Vol,30m,5210,8.661321677128157e-05,0.0003232219882649545,0.006232464840329016,0.528214971209213,36
0,Ranging / High-Vol,1h,411,0.001710458990614732,0.0024085199906824784,0.009152079959634029,0.6253041362530414,36
1,Ranging / Low-Vol,1h,3089,0.0004341437880768493,5.516809860672822e-05,0.007091432083194506,0.5050178051149239,36
2,Ranging / Low-Vol,1h,132,0.0011301490004184426,0.0006612356986659407,0.0066255228554411745,0.5303030303030303,36
3,Ranging / High-Vol,1h,5207,0.00012765731342482224,0.0008171221807042883,0.008708808543813428,0.5448434799308624,36
0,Ranging / High-Vol,2h,411,0.001435675986909593,0.0023728248858230216,0.012179495374693311,0.5790754257907542,36
1,Ranging / Low-Vol,2h,3083,0.0011191802975814408,0.0004054337032979305,0.01023451267935348,0.5160557898151151,36
2,Ranging / Low-Vol,2h,132,-0.0002258933198346442,-0.0007849751240689429,0.008494169066071993,0.49242424242424243,36
3,Ranging / High-Vol,2h,5189,0.0003451306424592181,0.0012037632288812716,0.012348029869274505,0.5461553285796878,36
0,Ranging / High-Vol,4h,411,0.002537436628290221,0.004288018701345209,0.016854741066127304,0.6204379562043796,36
1,Ranging / Low-Vol,4h,3079,0.0018288553904710378,0.0005723659338965348,0.01520961264348293,0.5151023059434882,36
2,Ranging / Low-Vol,4h,132,-0.0021858961219988707,-0.0012432242156830142,0.00910283205818309,0.4166666666666667,36
3,Ranging / High-Vol,4h,5145,0.001057600043774158,0.001226659551385012,0.01722157432918601,0.538581146744412,36
0,Ranging / High-Vol,15m,402,0.00048406397743704484,0.000889908547290652,0.009553611209450917,0.5572139303482587,37
1,Ranging / Low-Vol,15m,836,-9.296724830136633e-05,-0.00011236576730588865,0.0019176281106701907,0.46291866028708134,37
2,Ranging / High-Vol,15m,2934,-1.599309695086893e-05,0.00011764872548702954,0.004576028566390061,0.5081799591002045,37
3,Ranging / Low-Vol,15m,4279,-3.265129156136321e-05,1.5178203494059517e-06,0.002860782542058088,0.5005842486562281,37
0,Ranging / High-Vol,30m,402,0.0013381780322091468,0.0017713117562045966,0.011045281257494922,0.5696517412935324,37
1,Ranging / Low-Vol,30m,836,-0.00026138658469789384,-0.0002747971099941182,0.002735484322208294,0.4557416267942584,37
2,Ranging / High-Vol,30m,2925,-0.00012439887569038195,0.0002514476298358659,0.006984127665359534,0.5186324786324786,37
3,Ranging / Low-Vol,30m,4279,-2.559954872538326e-05,5.565352545033875e-06,0.003987529620848885,0.5003505491937369,37
0,Ranging / High-Vol,1h,402,0.001732907976603527,0.0023593738635856454,0.012908778284847712,0.6019900497512438,37
1,Ranging / Low-Vol,1h,836,-0.00036180112866486503,-0.0005013632717227878,0.0038344116176799305,0.44138755980861244,37
2,Ranging / High-Vol,1h,2915,3.417193091171249e-05,0.0005084786419811138,0.009777357861986339,0.5327615780445969,37
3,Ranging / Low-Vol,1h,4271,-0.00019263834283665617,-0.00016528496345991073,0.0055751163663914595,0.485132287520487,37
0,Ranging / High-Vol,2h,396,0.0040305253762427246,0.0034897150826287415,0.017259511517041998,0.6136363636363636,37
1,Ranging / Low-Vol,2h,834,-0.00016359525877345722,-0.0006728647252307596,0.005900157171841719,0.4520383693045564,37
2,Ranging / High-Vol,2h,2907,-4.848499603310973e-05,0.0010804730851958766,0.013423168708044624,0.5397316821465429,37
3,Ranging / Low-Vol,2h,4251,-0.00048253125627865023,-0.0003302853433613251,0.008139493200766727,0.4789461303222771,37
0,Ranging / High-Vol,4h,396,0.0056051873270834,0.003978775118025801,0.02707932280834165,0.5631313131313131,37
1,Ranging / Low-Vol,4h,834,0.0002005303300865275,-0.0010628927821398904,0.010556140053734096,0.43285371702637887,37
2,Ranging / High-Vol,4h,2863,-0.0006190399354141287,0.0010824040311856464,0.0165245079236422,0.5288159273489347,37
3,Ranging / Low-Vol,4h,4223,-0.0005637978993186002,-0.00021233555413679994,0.012886777945425077,0.4911200568316363,37
0,Ranging / High-Vol,15m,2378,7.212982727296667e-06,-0.00012210421150182782,0.012634638995148842,0.4920100925147183,38
1,Ranging / Low-Vol,15m,1804,-0.0001535324180688963,-0.00010048366816306498,0.003488117927375882,0.48226164079822614,38
2,Ranging / Low-Vol,15m,120,0.0003177993020982613,6.778851631228378e-05,0.003143799600953998,0.5166666666666667,38
3,Ranging / High-Vol,15m,4623,-0.00023718310650206647,-0.0002151135832253459,0.005680629008664789,0.47847717932078737,38
0,Ranging / High-Vol,30m,2378,0.0001891611769283897,-3.494574447859833e-05,0.01730243652679012,0.49831791421362487,38
1,Ranging / Low-Vol,30m,1804,-0.00036055067097014176,-0.0002491654240337482,0.005026812601166347,0.4695121951219512,38
2,Ranging / Low-Vol,30m,120,0.0002269924441197446,0.000186221351018645,0.005079104158018655,0.55,38
3,Ranging / High-Vol,30m,4620,-0.0005331473403318321,-0.000297319018012665,0.008022001237507223,0.4818181818181818,38
0,Ranging / High-Vol,1h,2378,0.000676473142197517,0.0018584016733838027,0.021472500732867734,0.5458368376787216,38
1,Ranging / Low-Vol,1h,1801,-0.0006377459471604341,-0.000763979674031745,0.006931804795036613,0.444752915047196,38
2,Ranging / Low-Vol,1h,120,-0.0007777745657879809,0.00017671611751701732,0.007743080339229388,0.525,38
3,Ranging / High-Vol,1h,4617,-0.0012270505396195363,-0.0005285390924463229,0.011294862408212036,0.47368421052631576,38
0,Ranging / High-Vol,2h,2378,0.0013555910827489227,0.0029019515626318437,0.02805639206164527,0.5580319596299411,38
1,Ranging / Low-Vol,2h,1794,-0.001013290136799632,-0.0009600768757920264,0.010193827959987765,0.4431438127090301,38
2,Ranging / Low-Vol,2h,120,2.8892508367868903e-05,0.0007627821472020457,0.0086754388956129,0.55,38
3,Ranging / High-Vol,2h,4612,-0.002618590539697991,-0.0014447388126708205,0.016497224246940584,0.45858629661751954,38
0,Ranging / High-Vol,4h,2378,0.002555061293940588,0.003975315888201436,0.035693299040275385,0.5513036164844407,38
1,Ranging / Low-Vol,4h,1781,-0.0018868190110017805,-0.0013875349990186692,0.013820752880494062,0.4536777091521617,38
2,Ranging / Low-Vol,4h,120,-0.0009018497650745249,-0.0001357863703210782,0.009794134253341202,0.49166666666666664,38
3,Ranging / High-Vol,4h,4601,-0.0052802067052445355,-0.002854336800380608,0.025013616432812125,0.4386003042816779,38
0,Ranging / High-Vol,15m,5288,-0.00019015911334785906,-0.00012700853814351376,0.005139217991173991,0.4888426626323752,39
1,Ranging / High-Vol,15m,919,0.0007068192619915395,7.536472180902365e-05,0.007830637917613254,0.5048966267682263,39
2,Ranging / Low-Vol,15m,6,0.0006965419197519177,0.0005430719237127235,0.002252485454800383,0.5,39
3,Ranging / Low-Vol,15m,2424,6.030843047859568e-05,-8.517570075028402e-06,0.0038561610808110413,0.49958745874587457,39
0,Ranging / High-Vol,30m,5288,-0.0003245244260358932,-6.882765898108545e-05,0.00729122585374044,0.4960287443267776,39
1,Ranging / High-Vol,30m,919,0.0012041563996244894,0.0001071702712902578,0.010981261832985383,0.5081610446137106,39
2,Ranging / Low-Vol,30m,6,0.0020244990332415704,0.0018126538915463897,0.0018010053811326776,0.8333333333333334,39
3,Ranging / Low-Vol,30m,2421,7.518916948702388e-05,-2.600237404593031e-05,0.0058368892123804835,0.4969021065675341,39
0,Ranging / High-Vol,1h,5286,-0.00029541244980358793,4.878856292833689e-05,0.01022153840990615,0.5018917896329929,39
1,Ranging / High-Vol,1h,919,0.0015257606398343959,0.000775161192551721,0.01471227290169154,0.5212187159956474,39
2,Ranging / Low-Vol,1h,6,0.004184364152033974,0.0043672005747827924,0.005949016061591726,0.5,39
3,Ranging / Low-Vol,1h,2417,-0.00030058245000716334,0.00015608615261264447,0.008535271938167876,0.5076541166735623,39
0,Ranging / High-Vol,2h,5276,-0.00027127212365492156,0.0001195731914522824,0.01426401517971906,0.5053070507960576,39
1,Ranging / High-Vol,2h,919,0.0013661712405529367,0.0004721243683860621,0.020753223701157827,0.5092491838955386,39
2,Ranging / Low-Vol,2h,6,0.0015821115265068169,0.0015381239575127381,0.010652280804562153,0.5,39
3,Ranging / Low-Vol,2h,2415,-0.0006559208112281226,-0.0006464954911198362,0.012872080064611135,0.47784679089026916,39
0,Ranging / High-Vol,4h,5252,-0.0004976876184582147,-0.00013264805492596565,0.019769237203421445,0.496953541507997,39
1,Ranging / High-Vol,4h,919,0.0034236984618416615,-0.0008125266515666141,0.02723763219220642,0.485310119695321,39
2,Ranging / Low-Vol,4h,6,0.0037464071281947398,0.0028537336039429206,0.010143565320445679,0.5,39
3,Ranging / Low-Vol,4h,2415,-0.001504711253528299,-0.001148208722314692,0.018920848106132926,0.4683229813664596,39
0,Ranging / Low-Vol,15m,5122,2.306222281383008e-05,4.2674418224031285e-05,0.00289794286237673,0.5058570870753611,40
1,Ranging / High-Vol,15m,328,-0.00048396955859245826,-0.0005492021934196956,0.007577392456982585,0.4634146341463415,40
2,Ranging / High-Vol,15m,2458,0.0001866403578234796,0.00027249071471313613,0.004404799178983922,0.5309194467046379,40
3,Ranging / Low-Vol,15m,1017,0.00011100895693443042,0.00010636676417696833,0.002611240481353604,0.5270403146509341,40
0,Ranging / Low-Vol,30m,5119,4.950411238306009e-05,8.852037296236404e-05,0.004149635031200737,0.5127954678648173,40
1,Ranging / High-Vol,30m,328,-0.000473980974635046,-0.0007725073668147786,0.01067929929636977,0.47560975609756095,40
2,Ranging / High-Vol,30m,2458,0.000268687279034504,0.00045154569370531306,0.005863131130488094,0.5398698128559805,40
3,Ranging / Low-Vol,30m,1017,0.0003181328715819703,0.0002629957175326325,0.004178071246549463,0.5349065880039331,40
0,Ranging / Low-Vol,1h,5113,6.487347598616849e-05,0.00015362533948959367,0.005988760166742965,0.5155486016037552,40
1,Ranging / High-Vol,1h,328,-0.00022369419171466232,0.0003516555103635355,0.015738590697398767,0.5182926829268293,40
2,Ranging / High-Vol,1h,2458,0.0005249210502530448,0.0007546534569886632,0.008181156717063544,0.5541090317331163,40
3,Ranging / Low-Vol,1h,1017,0.0006353175501592709,0.0003358225195349007,0.005802914799574804,0.5349065880039331,40
0,Ranging / Low-Vol,2h,5104,0.00024406218663161608,0.00010086746659254686,0.009397281359205756,0.5054858934169278,40
1,Ranging / High-Vol,2h,328,-0.00026213904379030335,0.0016287531231986563,0.01916023141025601,0.5487804878048781,40
2,Ranging / High-Vol,2h,2455,0.0011514924101402675,0.0015116595660806809,0.01118046598081022,0.5751527494908351,40
3,Ranging / Low-Vol,2h,1017,0.0003684124137917656,-1.5793339738223722e-06,0.00873962242929915,0.4995083579154376,40
0,Ranging / Low-Vol,4h,5092,0.0008008424448102108,0.0002541154438491233,0.0148276931166093,0.5104084838963079,40
1,Ranging / High-Vol,4h,328,0.0012575023725966104,0.002203877008996713,0.021388450769964134,0.5853658536585366,40
2,Ranging / High-Vol,4h,2443,0.0016426251331230358,0.0019958544827449742,0.01435554527666704,0.5661072451903397,40
3,Ranging / Low-Vol,4h,1017,0.0004365968515357099,-0.00030933349809814104,0.01385794224655358,0.4857423795476893,40
0,Ranging / High-Vol,15m,171,0.0008480284140663734,0.0006530121226884233,0.006035463043651598,0.5614035087719298,41
1,Ranging / Low-Vol,15m,5253,-2.744378683770777e-05,0.0,0.002966696629946429,0.4999048162954502,41
2,Ranging / Low-Vol,15m,728,-1.6214403497426302e-05,-7.840793434521487e-05,0.0021624072236485162,0.4876373626373626,41
3,Ranging / High-Vol,15m,2669,0.00011090705523050343,0.00013837100652658307,0.003994439460702974,0.5192956163357063,41
0,Ranging / High-Vol,30m,171,0.0023151565230142904,0.0016077474064744024,0.007909083901828816,0.6257309941520468,41
1,Ranging / Low-Vol,30m,5250,-6.014564462361535e-05,0.00010598864576571998,0.004240649629576686,0.5112380952380953,41
2,Ranging / Low-Vol,30m,728,-0.00015424207854465775,-0.00015778251933351584,0.003249187474087722,0.47527472527472525,41
3,Ranging / High-Vol,30m,2666,0.0002252985651530265,0.00033038019183706524,0.0052021937759554075,0.5296324081020255,41
0,Ranging / High-Vol,1h,171,0.004044081179909751,0.0036534497572375813,0.010041034480256185,0.672514619883041,41
1,Ranging / Low-Vol,1h,5244,1.3803430134590546e-05,0.00022914312702759787,0.00616684903808303,0.5190694126620901,41
2,Ranging / Low-Vol,1h,728,-0.0003847834698198152,-0.00022516181819121073,0.0050761625904005726,0.4793956043956044,41
3,Ranging / High-Vol,1h,2660,0.00022317381582295052,0.0002562641275671851,0.00687200580664625,0.5169172932330827,41
0,Ranging / High-Vol,2h,171,0.006930769343657918,0.003852192765045004,0.013221548355319416,0.6491228070175439,41
1,Ranging / Low-Vol,2h,5232,0.000264104699694671,0.00042442953986832066,0.00916543885013737,0.525611620795107,41
2,Ranging / Low-Vol,2h,728,-0.001075531244048547,-0.0005184805586315733,0.007651136760524116,0.46291208791208793,41
3,Ranging / High-Vol,2h,2648,8.55498504498884e-05,0.0003493825997535893,0.00948360284252157,0.5173716012084593,41
0,Ranging / High-Vol,4h,171,0.00773863237556861,0.0040845978663703875,0.015343399993250389,0.7368421052631579,41
1,Ranging / Low-Vol,4h,5200,0.0004216091683038502,0.0001358704171234848,0.012940349336409494,0.505,41
2,Ranging / Low-Vol,4h,724,-0.0025719148156853116,-0.0010958759658636907,0.011012895111228565,0.43784530386740333,41
3,Ranging / High-Vol,4h,2636,0.0007241925553922018,0.0006348914625036173,0.014038160005548056,0.5269347496206374,41
0,Ranging / Low-Vol,15m,987,-0.00010139705707371897,-2.6846675632796746e-05,0.002402455453014919,0.49138804457953394,42
1,Ranging / High-Vol,15m,2197,-2.8183280776342512e-05,2.2581588339676273e-05,0.004614148364186718,0.5043240782885753,42
2,Ranging / High-Vol,15m,443,-0.0003373080778731954,-0.0003214667835642615,0.011716071057397493,0.4717832957110609,42
3,Ranging / Low-Vol,15m,4936,2.2737782991302023e-05,7.68615115998017e-06,0.0029660292659011733,0.501418152350081,42
0,Ranging / Low-Vol,30m,987,-0.00019548598235560974,-6.066760305856178e-05,0.0035933223288900557,0.49240121580547114,42
1,Ranging / High-Vol,30m,2197,-9.290252854274475e-05,0.0001091465338856068,0.0074707658430995345,0.5088757396449705,42
2,Ranging / High-Vol,30m,443,-7.015505528519078e-05,0.00018635280766687856,0.012128567875151656,0.510158013544018,42
3,Ranging / Low-Vol,30m,4930,6.750578284670017e-06,1.540336369831863e-05,0.004322895529911535,0.5014198782961461,42
0,Ranging / Low-Vol,1h,987,-0.0001354692187871205,-0.00015318927258967108,0.0055193680178048125,0.47821681864235055,42
1,Ranging / High-Vol,1h,2197,0.00024705664438221686,0.0007612796355953577,0.010366205425361983,0.5521165225307237,42
2,Ranging / High-Vol,1h,443,-0.00014701229805682016,0.0013477026736072872,0.015192660369701247,0.5507900677200903,42
3,Ranging / Low-Vol,1h,4918,-0.00023064866730346234,-4.5074185674565115e-05,0.006034364681167693,0.4969499796665311,42
0,Ranging / Low-Vol,2h,987,-0.0002542775054013657,-0.00022255583531105572,0.007707873761770853,0.47315096251266464,42
1,Ranging / High-Vol,2h,2197,0.00016988810307216597,0.0007192952000725228,0.01246024780662684,0.535275375512062,42
2,Ranging / High-Vol,2h,443,0.0018784778571227635,0.0024539241142971235,0.018620486064019823,0.5891647855530474,42
3,Ranging / Low-Vol,2h,4894,-0.0005167360781806027,-0.00014084817774673297,0.009696627608311886,0.49141806293420515,42
0,Ranging / Low-Vol,4h,987,-0.00044451692128025786,-0.0005368012111528486,0.010958742304590761,0.4690982776089159,42
1,Ranging / High-Vol,4h,2180,-0.0009000515847226698,0.0009032784388267601,0.016840224281773394,0.5330275229357798,42
2,Ranging / High-Vol,4h,443,0.003190884087000594,0.003749927794860497,0.019523279860648075,0.5936794582392777,42
3,Ranging / Low-Vol,4h,4863,-0.0004553357559987463,-0.00010576631482273058,0.013686104517573069,0.495167592021386,42
0,Uptrend / Mid-Vol,15m,2929,9.841632001694112e-05,6.1730322737929555e-06,0.0032116426870468203,0.500512120177535,43
1,Ranging / Low-Vol,15m,2857,2.733677053955405e-05,-0.00011532217637899578,0.003093555625970583,0.47182359117955897,43
2,Downtrend / Mid-Vol,15m,2670,0.00011639075887942365,0.0002071625015958034,0.003433502825660962,0.5269662921348315,43
3,Ranging / High-Vol,15m,469,0.0007016605517044888,0.00048536111426855655,0.006016784440906286,0.5543710021321961,43
0,Uptrend / Mid-Vol,30m,2929,4.659849141565077e-05,-0.00028458892635008226,0.004544701858946846,0.4701263229771253,43
1,Ranging / Low-Vol,30m,2854,7.325422674505279e-05,-0.0002435346505382796,0.0045045382246330454,0.46601261387526277,43
2,Downtrend / Mid-Vol,30m,2670,0.000446834586342466,0.0006004915916841824,0.004735348189197723,0.5580524344569289,43
3,Ranging / High-Vol,30m,469,0.001019034376763646,0.0005107269798703129,0.007759847185044899,0.5373134328358209,43
0,Uptrend / Mid-Vol,1h,2926,0.00028049435317651766,-0.0006017874470645168,0.0067875431187705,0.45010252904989745,43
1,Ranging / Low-Vol,1h,2853,0.00011493904161226065,-0.0002940702005318485,0.0059704964552612025,0.47073256221521204,43
2,Downtrend / Mid-Vol,1h,2668,0.0007667013081052917,0.0009835028486433472,0.006586657866732363,0.5809595202398801,43
3,Ranging / High-Vol,1h,469,0.0018032204213763198,0.0015129895788401626,0.0103674688068222,0.5671641791044776,43
0,Uptrend / Mid-Vol,2h,2919,0.001229288839385856,-0.0003382903092106204,0.010222075763019678,0.4826995546420007,43
1,Ranging / Low-Vol,2h,2848,0.00017185598768391385,-0.00027230569177749686,0.008476471852826491,0.48490168539325845,43
2,Downtrend / Mid-Vol,2h,2668,0.0012371468605859286,0.00119724722615544,0.008677941858828439,0.5757121439280359,43
3,Ranging / High-Vol,2h,469,0.001628419727122656,0.0005212757797092848,0.013021653039391588,0.511727078891258,43
0,Uptrend / Mid-Vol,4h,2906,0.0025229972403409593,0.0002660949621597908,0.014320875382658312,0.5172057811424638,43
1,Ranging / Low-Vol,4h,2839,0.0005939031553979718,-0.0005121831197119064,0.012174901177269527,0.47657625924621344,43
2,Downtrend / Mid-Vol,4h,2666,0.0022490257082986072,0.0018028714006259605,0.012775664174605513,0.5768942235558889,43
3,Ranging / High-Vol,4h,469,0.0026470839559187814,0.00110807739208596,0.01733683981814727,0.5394456289978679,43
0,Ranging / Mid-Vol,15m,2045,-8.731201135894321e-05,-0.00015993702470495919,0.004361077156812661,0.48361858190709045,44
1,Ranging / High-Vol,15m,237,0.0003078121784240682,-3.867646556976467e-05,0.007519463169476529,0.4978902953586498,44
2,Ranging / Low-Vol,15m,1265,3.057676561764086e-05,5.356272989054389e-05,0.002216569336832283,0.5138339920948617,44
3,Ranging / Low-Vol,15m,5090,-3.10632656130919e-05,-0.00013920996418903542,0.00281814220329794,0.47544204322200395,44
0,Ranging / Mid-Vol,30m,2045,-0.00019394863065898515,-0.00037764790921634983,0.005873751753947363,0.46552567237163817,44
1,Ranging / High-Vol,30m,237,-0.00034526987405644245,-0.0006979121458137172,0.008680649525938562,0.4641350210970464,44
2,Ranging / Low-Vol,30m,1265,-1.4836545414510065e-05,-0.00010842959318324574,0.003345144718274403,0.48774703557312254,44
3,Ranging / Low-Vol,30m,5087,9.090064879256743e-06,-0.00024228940700865564,0.004017863397515961,0.46884214664831925,44
0,Ranging / Mid-Vol,1h,2045,-0.0004999066723753608,-0.0006817015172835283,0.007707120262836896,0.45525672371638143,44
1,Ranging / High-Vol,1h,237,-0.0008626997112965321,-0.0006377142518179113,0.009977886605019741,0.4641350210970464,44
2,Ranging / Low-Vol,1h,1265,6.270058339348766e-05,1.2649161554634247e-05,0.005014184323506986,0.5035573122529644,44
3,Ranging / Low-Vol,1h,5081,5.1841510192517635e-05,-0.00014479720448257183,0.005992709007539399,0.48356622712064556,44
0,Ranging / Mid-Vol,2h,2044,-0.0006700434236377777,-0.0006578006201900521,0.01038801493035627,0.46771037181996084,44
1,Ranging / High-Vol,2h,237,-0.0011013284035860174,-0.0013357539243514793,0.011001132518932637,0.4219409282700422,44
2,Ranging / Low-Vol,2h,1265,-0.00011947601013954691,-0.0003405125146151988,0.007561873770159851,0.4798418972332016,44
3,Ranging / Low-Vol,2h,5070,7.270580587259778e-06,-0.0002003739953133632,0.008782509492832168,0.48717948717948717,44
0,Ranging / Mid-Vol,4h,2020,-0.0009043245389278703,-0.0007882164635990563,0.013867659562426441,0.47376237623762374,44
1,Ranging / High-Vol,4h,237,-0.0013605064250559176,-0.0016173162252819395,0.013439753499397649,0.46835443037974683,44
2,Ranging / Low-Vol,4h,1265,0.0001544943319458601,-0.00023138576153414192,0.010947630073745416,0.4956521739130435,44
3,Ranging / Low-Vol,4h,5070,-0.00020646293811419836,2.3657614763195056e-05,0.012841633248277374,0.501577909270217,44
0,Uptrend / Mid-Vol,15m,2645,9.127223716033976e-05,-7.649155197597679e-05,0.0036109142451177596,0.48657844990548205,45
1,Ranging / Low-Vol,15m,2577,-0.000150494018617655,-8.25828104389359e-06,0.0024186684309409658,0.49902987970508345,45
2,Ranging / High-Vol,15m,591,4.3840230213221594e-05,0.00017340320787262442,0.008196473823495578,0.5076142131979695,45
3,Downtrend / Mid-Vol,15m,3112,-0.00016257107464711236,-3.3307692870465644e-07,0.0036104754329959452,0.5,45
0,Uptrend / Mid-Vol,30m,2642,1.3362060604581937e-05,-0.00021565985081029027,0.005078979901902748,0.4765329295987888,45
1,Ranging / Low-Vol,30m,2577,-0.00031534704170489876,-9.093561460282729e-05,0.0034849668840197788,0.48738843616608457,45
2,Ranging / High-Vol,30m,591,0.0002852854672900045,0.00048101580072845707,0.01060765357016922,0.5211505922165821,45
3,Downtrend / Mid-Vol,30m,3112,-0.00021065557724848856,-2.847784935688935e-05,0.005280772104487936,0.49517994858611825,45
0,Uptrend / Mid-Vol,1h,2639,-0.00010840176081038208,-0.00068435077537643,0.007580044887829248,0.45433876468359224,45
1,Ranging / Low-Vol,1h,2574,-0.0003666783633716065,-0.00032276923659146917,0.004967321797747898,0.46231546231546233,45
2,Ranging / High-Vol,1h,591,0.0002153886383141486,3.511315731685727e-05,0.01226694737105982,0.5025380710659898,45
3,Downtrend / Mid-Vol,1h,3112,-0.0004635072938342447,7.905115720419076e-05,0.008194586829446224,0.5048200514138818,45
0,Uptrend / Mid-Vol,2h,2630,-0.0005341122010059176,-0.0010228790675030908,0.010435886266970767,0.44106463878326996,45
1,Ranging / Low-Vol,2h,2574,-0.0004096395001053309,-0.000565806471956698,0.007894461907590593,0.4557109557109557,45
2,Ranging / High-Vol,2h,591,0.0004437799672808893,0.0007097179970685374,0.014275858063835587,0.5380710659898477,45
3,Downtrend / Mid-Vol,2h,3109,-0.0009200015230878343,-0.00018386165272943344,0.012025036786975316,0.4882598906400772,45
0,Uptrend / Mid-Vol,4h,2622,-0.0012109262720403184,-0.0019304253784833136,0.013652159567482558,0.42143401983218914,45
1,Ranging / Low-Vol,4h,2574,-0.001117579805122552,-0.0006868653913798539,0.011957184903251577,0.458041958041958,45
2,Ranging / High-Vol,4h,588,0.001457885545457067,0.003083426180666926,0.016774763855334954,0.5799319727891157,45
3,Downtrend / Mid-Vol,4h,3096,-0.0016228197370551688,-0.00020135880144689366,0.017219434219831076,0.4928940568475452,45
0,Downtrend / Mid-Vol,15m,2586,-0.00019428964403074144,3.6208291660067005e-05,0.0037286002678890177,0.5054137664346481,46
1,Ranging / Low-Vol,15m,3053,-0.00010137136805159852,-7.262885533698693e-05,0.0023684385767194414,0.4854241729446446,46
2,Ranging / High-Vol,15m,850,-0.0002799640443753237,-0.00040341711842106776,0.007308526924169933,0.4623529411764706,46
3,Uptrend / Mid-Vol,15m,2436,0.00020069220640331993,-1.8232551319385948e-05,0.0034977500399418723,0.49589490968801314,46
0,Downtrend / Mid-Vol,30m,2586,-0.0003446906931674674,1.4053997353435932e-05,0.005442499865342958,0.5015467904098995,46
1,Ranging / Low-Vol,30m,3050,-0.00016782266209678127,-0.00016751826529315395,0.003221043582621522,0.4734426229508197,46
2,Ranging / High-Vol,30m,850,-0.00016732414013104931,-0.0002892064550490403,0.009499303896352009,0.48470588235294115,46
3,Uptrend / Mid-Vol,30m,2436,0.00017266448335432634,-4.904043491293919e-07,0.004786585602435472,0.4995894909688013,46
0,Downtrend / Mid-Vol,1h,2580,-0.0002798270547227912,0.0004246392781794839,0.007473055402863831,0.5267441860465116,46
1,Ranging / Low-Vol,1h,3050,-0.00040185460712505644,-0.00029852475977776294,0.004652160394947429,0.46885245901639344,46
2,Ranging / High-Vol,1h,850,-0.00027874061034130737,-2.0502875561767553e-05,0.01293414612498389,0.4988235294117647,46
3,Uptrend / Mid-Vol,1h,2436,-3.913146700881562e-05,-0.0002453970872347,0.007136571210484156,0.4815270935960591,46
0,Downtrend / Mid-Vol,2h,2578,-0.0003413011086212334,0.0009287240141215847,0.01055533621016644,0.5500387897595035,46
1,Ranging / Low-Vol,2h,3046,-0.0007227834115668137,-0.0004952856045017384,0.006564383185965196,0.4602757715036113,46
2,Ranging / High-Vol,2h,850,-0.0008269165489235147,-0.0015629333929290112,0.01733313699204944,0.4470588235294118,46
3,Uptrend / Mid-Vol,2h,2430,-0.00034181645501855907,-0.0007084512319091019,0.009982451707888869,0.4567901234567901,46
0,Downtrend / Mid-Vol,4h,2566,-0.0012056786946999212,0.0002740600059620846,0.01648283192032758,0.5113016367887763,46
1,Ranging / Low-Vol,4h,3043,-0.000890577463270678,-0.0005412235789439279,0.00922468685373712,0.47255997371015446,46
2,Ranging / High-Vol,4h,850,0.0005526089966198915,-0.0006936767280363298,0.023570522551159746,0.48470588235294115,46
3,Uptrend / Mid-Vol,4h,2421,-0.00166561922023641,-0.0007359270806102103,0.013592381103995639,0.46757538207352334,46
0,Ranging / Low-Vol,15m,2709,-4.799199964278277e-05,-8.266415713720221e-06,0.002188260674750913,0.4990771502399409,47
1,Ranging / High-Vol,15m,740,0.0005765642653486057,0.00025404155398600636,0.006814515834523684,0.5108108108108108,47
2,Uptrend / Mid-Vol,15m,2324,0.00012777268537703546,-6.101309484840556e-05,0.004047945992741931,0.49139414802065406,47
3,Downtrend / Mid-Vol,15m,2288,-0.0001090133499882238,0.00021349163406370053,0.003840708157625169,0.5284090909090909,47
0,Ranging / Low-Vol,30m,2709,-6.392450483976906e-05,3.572337287138794e-05,0.0035244223117688244,0.5042451088962717,47
1,Ranging / High-Vol,30m,737,0.0011631317441631438,0.00046834566536091415,0.00901528355542352,0.5264586160108549,47
2,Uptrend / Mid-Vol,30m,2324,-5.7567966631955394e-05,-0.0001121205971044148,0.005784438381305782,0.4836488812392427,47
3,Downtrend / Mid-Vol,30m,2288,6.363382275985752e-05,0.00043889056229851064,0.0055734979863028365,0.5458916083916084,47
0,Ranging / Low-Vol,1h,2709,-0.00014651711069943771,8.203174433596416e-05,0.00542712277601234,0.5108896271686969,47
1,Ranging / High-Vol,1h,731,0.001926040405381705,0.0001775441557114732,0.012011052307305588,0.5102599179206566,47
2,Uptrend / Mid-Vol,1h,2324,-0.00031216239838180264,-0.0003659860970426365,0.008133459392078803,0.4664371772805508,47
3,Downtrend / Mid-Vol,1h,2288,0.0004859002719995995,0.0008290963798982531,0.008096953150880996,0.5629370629370629,47
0,Ranging / Low-Vol,2h,2709,-0.00017738453516734663,0.00016797516077815544,0.007884514169198999,0.5142118863049095,47
1,Ranging / High-Vol,2h,725,0.002907704035449487,0.0011949036100116217,0.01422196088335632,0.5489655172413793,47
2,Uptrend / Mid-Vol,2h,2318,-0.00022050715567646892,-0.0004749549841722711,0.0114937690184238,0.47540983606557374,47
3,Downtrend / Mid-Vol,2h,2288,0.0006850745825167446,0.001164971060425124,0.012502232321443672,0.5651223776223776,47
0,Ranging / Low-Vol,4h,2709,0.0003748412163671244,0.00047624297452664166,0.012444968397713906,0.5293466223698782,47
1,Ranging / High-Vol,4h,725,0.0038578227528022263,0.0026496067464929496,0.01859456852910606,0.5641379310344827,47
2,Uptrend / Mid-Vol,4h,2301,8.599428473635806e-07,-2.9966600965991574e-05,0.015534262644380242,0.4989135158626684,47
3,Downtrend / Mid-Vol,4h,2281,0.0003400996374879145,0.0008705098370107578,0.017909426091391987,0.5330995177553705,47
0,Ranging / Low-Vol,15m,3890,5.448073422690192e-05,4.6628650359537005e-05,0.002159062251906076,0.5095115681233933,48
1,Downtrend / Mid-Vol,15m,2198,-0.00021901505898372123,4.186936248551376e-05,0.003535052733772018,0.5072793448589626,48
2,Uptrend / Mid-Vol,15m,2308,0.00017860288318214293,7.68786085005857e-05,0.003437692196486142,0.5121317157712305,48
3,Ranging / High-Vol,15m,529,-6.133533165613797e-06,0.00016464029387464052,0.006538162349171184,0.5122873345935728,48
0,Ranging / Low-Vol,30m,3888,0.00014357629106927873,6.951114515363344e-05,0.0033759779515639982,0.5097736625514403,48
1,Downtrend / Mid-Vol,30m,2197,-0.0003247420517154289,0.0002625799462041556,0.00503826944438158,0.5275375512061903,48
2,Uptrend / Mid-Vol,30m,2308,0.00014286954836645414,6.276313725184224e-05,0.004744004895077642,0.5060658578856152,48
3,Ranging / High-Vol,30m,529,0.00022457346854586586,-6.571149119416475e-05,0.00814137978322126,0.4914933837429111,48
0,Ranging / Low-Vol,1h,3882,0.00038902785784681904,0.0001816002287151619,0.00506829713834385,0.5224111282843895,48
1,Downtrend / Mid-Vol,1h,2197,-0.0004463896476038427,0.000528990078944247,0.00724619107109822,0.5421028675466545,48
2,Uptrend / Mid-Vol,1h,2308,3.29680430553379e-05,-0.0001619984090002191,0.006799215174854878,0.4883015597920277,48
3,Ranging / High-Vol,1h,529,-3.089267258118007e-05,-0.00039305463413796815,0.010807663440274855,0.4914933837429111,48
0,Ranging / Low-Vol,2h,3870,0.0007111462268569426,0.00022992007608024778,0.006793620912503631,0.5183462532299742,48
1,Downtrend / Mid-Vol,2h,2197,-0.00043936671468432323,0.0008824376278990798,0.010207338750361861,0.5475648611743287,48
2,Uptrend / Mid-Vol,2h,2308,7.131268082055192e-05,-5.449682818259305e-05,0.010018386513153765,0.49523396880415943,48
3,Ranging / High-Vol,2h,529,-0.0013480222101918719,-0.000707233498854265,0.013935943006711147,0.46502835538752363,48
0,Ranging / Low-Vol,4h,3850,0.0011560671911128035,0.0004073917012545891,0.010213234021043502,0.5335064935064935,48
1,Downtrend / Mid-Vol,4h,2194,4.577847826927672e-05,0.0012667456949913003,0.01333958145261452,0.5519598906107566,48
2,Uptrend / Mid-Vol,4h,2307,-0.0003753304598487007,-0.0005100568223177504,0.013986172943674059,0.47724317295188556,48
3,Ranging / High-Vol,4h,529,-0.00192398271415926,-0.000488672656789646,0.016584513240451897,0.4763705103969754,48
0,Ranging / Low-Vol,15m,4783,-2.4371492193778404e-05,4.334740268063797e-05,0.0018720967740694814,0.511812669872465,49
1,Uptrend / Mid-Vol,15m,1663,7.75172008030971e-05,3.236468728573527e-06,0.0032357322973972646,0.5015033072760072,49
2,Ranging / High-Vol,15m,254,-0.00010843546791247026,-0.0001859552275291776,0.004186084345587605,0.47244094488188976,49
3,Downtrend / Mid-Vol,15m,1937,-0.00028880591572908154,1.2960519018889727e-05,0.0033374393226524583,0.5012906556530717,49
0,Ranging / Low-Vol,30m,4783,-5.5700667848729896e-05,8.383443069348573e-05,0.0027463867439725446,0.5153669245243571,49
1,Uptrend / Mid-Vol,30m,1663,-0.0001427325926260985,-9.532936555167737e-05,0.004289532030022756,0.4840649428743235,49
2,Ranging / High-Vol,30m,254,-2.5872012098006162e-05,0.0002642566012580616,0.005181692678098753,0.5354330708661418,49
3,Downtrend / Mid-Vol,30m,1934,-0.0003282665229634159,-8.673517841639722e-05,0.004628462034142769,0.4891416752843847,49
0,Ranging / Low-Vol,1h,4783,-0.00010061963541257517,0.00016489640211325707,0.003942637068086208,0.5272841312983483,49
1,Uptrend / Mid-Vol,1h,1663,-0.0004984635653259994,-0.0006311197095953958,0.00572838023808044,0.4401683704149128,49
2,Ranging / High-Vol,1h,249,0.0009514673898259247,0.0013260150683507277,0.00718468775837298,0.5622489959839357,49
3,Downtrend / Mid-Vol,1h,1933,-0.0006189108336923657,-9.820610195099277e-05,0.0063794977044017084,0.49456802897051216,49
0,Ranging / Low-Vol,2h,4772,-0.00019211657615354289,0.00016838824691500776,0.00574046600009427,0.5211651299245599,49
1,Uptrend / Mid-Vol,2h,1663,-0.0008382829045461476,-0.0009341602433146079,0.0077070588292821604,0.43656043295249547,49
2,Ranging / High-Vol,2h,249,0.001055594564214012,0.0011768237418881,0.009427452203174582,0.5582329317269076,49
3,Downtrend / Mid-Vol,2h,1932,-0.0011457624270804702,0.00014486390876644606,0.009056486763168973,0.5072463768115942,49
0,Ranging / Low-Vol,4h,4748,-0.000609536066509137,0.0001960727072933821,0.00883847632696435,0.5164279696714406,49
1,Uptrend / Mid-Vol,4h,1663,-0.0013192841880366752,-0.0005679700276761679,0.010709779119338519,0.4588093806374023,49
2,Ranging / High-Vol,4h,249,0.0006074917161434698,0.0010389041065756999,0.009912946820115263,0.5742971887550201,49
3,Downtrend / Mid-Vol,4h,1932,-0.001529009043744449,0.00016438145995412157,0.01257358599741459,0.5082815734989649,49
0,Ranging / High-Vol,15m,1294,-0.00021802021190153148,-0.00028055209268718073,0.008247848908979599,0.48763523956723337,50
1,Uptrend / Mid-Vol,15m,2304,0.00018810522102623913,-3.579691247601602e-05,0.003697084023103474,0.4973958333333333,50
2,Downtrend / Mid-Vol,15m,2378,-0.00024214420792179124,-7.778505745026365e-05,0.0039034537651443275,0.49032800672834315,50
3,Ranging / Low-Vol,15m,2949,-2.8779673554041172e-05,2.0324686873962605e-05,0.001970024227642126,0.503560528992879,50
0,Ranging / High-Vol,30m,1294,-0.00018707383273867235,-0.0006684190980488225,0.011309449212207032,0.4760432766615147,50
1,Uptrend / Mid-Vol,30m,2304,0.00011214301146926431,-0.0002223007924175846,0.005178751071839077,0.4782986111111111,50
2,Downtrend / Mid-Vol,30m,2378,-0.0002936442356977406,7.095077322727406e-05,0.0060681659320180725,0.5063078216989066,50
3,Ranging / Low-Vol,30m,2946,-0.00011145656915575799,-4.0096829509117526e-05,0.0029846596655476354,0.49456890699253225,50
0,Ranging / High-Vol,1h,1294,-0.0004244515942473382,-0.0003898233844807919,0.015825752923618448,0.4891808346213292,50
1,Uptrend / Mid-Vol,1h,2304,-0.00017280027047591632,-0.0005846264796289802,0.0076102045924577606,0.4522569444444444,50
2,Downtrend / Mid-Vol,1h,2378,-0.0003461375448052193,0.0002394016600391069,0.008227585101889937,0.5126156433978133,50
3,Ranging / Low-Vol,1h,2940,-8.583404463428884e-05,-2.2829076731234466e-05,0.004661288990221129,0.49727891156462584,50
0,Ranging / High-Vol,2h,1294,-0.0012812537902826796,-8.860200524463124e-05,0.022025923091394953,0.49768160741885625,50
1,Uptrend / Mid-Vol,2h,2304,-0.00077211500660518,-0.0011979653004514645,0.009675441437169164,0.4288194444444444,50
2,Downtrend / Mid-Vol,2h,2378,-0.00033748236333185576,0.0007669948723245668,0.01131610294864728,0.5407905803195963,50
3,Ranging / Low-Vol,2h,2928,5.365087829371382e-05,0.00013133561367872915,0.007085104276057094,0.5136612021857924,50
0,Ranging / High-Vol,4h,1294,-0.003166906403781749,-0.0017072013714898304,0.027623274038550815,0.4659969088098918,50
1,Uptrend / Mid-Vol,4h,2292,-0.0014065008118127054,-0.0012032028839561448,0.013673685307223186,0.43804537521815007,50
2,Downtrend / Mid-Vol,4h,2374,-6.67803448190963e-05,0.0015723792725550467,0.013853492779434888,0.56318449873631,50
3,Ranging / Low-Vol,4h,2920,-0.000305663292595476,-0.0004962802343770889,0.011503756048182299,0.46301369863013697,50
0,Ranging / Low-Vol,15m,2279,-0.00015334772185778356,-5.0420295192310505e-06,0.0025848433512129215,0.4984642387011847,51
1,Uptrend / Mid-Vol,15m,2113,-0.0001532256302797553,-0.0002117798203720156,0.0044753770812731,0.47231424514907716,51
2,Ranging / High-Vol,15m,1855,1.848611319725891e-05,-0.0001624277601468549,0.00796973421556151,0.49056603773584906,51
3,Downtrend / Mid-Vol,15m,2390,-0.00033146807885411114,-9.940804564401162e-06,0.004226463701483215,0.499163179916318,51
0,Ranging / Low-Vol,30m,2279,-0.00023390462499079447,3.958200472276019e-05,0.004021371056577417,0.5085563843791137,51
1,Uptrend / Mid-Vol,30m,2110,-0.0006386309266404232,-0.0006979476702966281,0.006278305692874447,0.42796208530805685,51
2,Ranging / High-Vol,30m,1855,8.110283738205077e-05,8.36982918244189e-05,0.010850232942011694,0.5056603773584906,51
3,Downtrend / Mid-Vol,30m,2390,-0.0005159887277911899,0.00022867854611519078,0.006060495776278326,0.5238493723849372,51
0,Ranging / Low-Vol,1h,2279,-0.0005175578928522244,1.3750112334065534e-05,0.006309558406572408,0.5002193944712593,51
1,Uptrend / Mid-Vol,1h,2104,-0.000998421205669322,-0.0012046576053696967,0.008654291453141118,0.41254752851711024,51
2,Ranging / High-Vol,1h,1855,-3.945791287812392e-05,-0.0003943023030856807,0.015144289129385036,0.4857142857142857,51
3,Downtrend / Mid-Vol,1h,2390,-0.001140961455568495,-2.6579908388058016e-05,0.008334009612569589,0.497489539748954,51
0,Ranging / Low-Vol,2h,2279,-0.0010181944003257732,-8.345933333231415e-05,0.01019919372560338,0.4927599824484423,51
1,Uptrend / Mid-Vol,2h,2096,-0.001742817264945805,-0.001768091499531721,0.012141682763009632,0.4002862595419847,51
2,Ranging / High-Vol,2h,1855,-0.00016888603203579677,-0.00024192625023289338,0.020502797267066233,0.493800539083558,51
3,Downtrend / Mid-Vol,2h,2386,-0.0025539048585025035,-0.0009588762675898366,0.012505050392809924,0.4585079631181894,51
0,Ranging / Low-Vol,4h,2279,-0.002251121868938701,4.600878029670241e-05,0.015828254920107882,0.5024133391838526,51
1,Uptrend / Mid-Vol,4h,2081,-0.0027106032099590027,-0.0018924036466110294,0.016325235929107895,0.4204709274387314,51
2,Ranging / High-Vol,4h,1852,-0.001799274465275131,-0.0024981509461525775,0.028159252801275788,0.4497840172786177,51
3,Downtrend / Mid-Vol,4h,2380,-0.0045148620371257995,-0.0016232499316002347,0.01900276912643164,0.4399159663865546,51
0,Uptrend / Mid-Vol,15m,2782,0.00014621196932638745,-2.951745745694012e-05,0.003879567440352741,0.49604601006470167,52
1,Downtrend / Mid-Vol,15m,2922,-0.00014462212013832346,0.00018137583669819435,0.0035610101480586884,0.528062970568104,52
2,Ranging / High-Vol,15m,883,0.0003718971698797918,6.685366031256024e-05,0.005734243311221828,0.507361268403171,52
3,Ranging / Low-Vol,15m,2338,8.039499283984649e-05,9.334499263946583e-05,0.0027385942093563383,0.5239520958083832,52
0,Uptrend / Mid-Vol,30m,2779,9.411486710559424e-05,-0.0001710465368613967,0.005565092836872574,0.4803886290032386,52
1,Downtrend / Mid-Vol,30m,2922,-0.0001363266155247449,0.00033445473246374036,0.005109539330043242,0.5386721423682409,52
2,Ranging / High-Vol,30m,883,0.0008455045467436029,0.0004382719111735156,0.007387300890280709,0.5345413363533409,52
3,Ranging / Low-Vol,30m,2338,0.0001530781632840025,0.00016401371058361036,0.003850471081365309,0.5201026518391788,52
0,Uptrend / Mid-Vol,1h,2779,-4.32937106818049e-05,-0.0005969086694168624,0.007891150970644484,0.45591939546599497,52
1,Downtrend / Mid-Vol,1h,2916,0.00021189633360213945,0.000638340813546634,0.007216726917244849,0.5476680384087792,52
2,Ranging / High-Vol,1h,883,0.0008933501639732621,0.00013253935965096275,0.010055373273325003,0.5096262740656852,52
3,Ranging / Low-Vol,1h,2338,0.00020687521345762812,0.00026393063719343246,0.00550531753845749,0.5218135158254918,52
0,Uptrend / Mid-Vol,2h,2779,0.00039597369494611556,-0.0006922984442070401,0.011134356817992064,0.4649154372076286,52
1,Downtrend / Mid-Vol,2h,2907,0.0005212982294551053,0.00040633848047377796,0.010428490580485696,0.52046783625731,52
2,Ranging / High-Vol,2h,880,0.00022919897735166643,-0.000233349422185114,0.013254790160995386,0.48863636363636365,52
3,Ranging / Low-Vol,2h,2338,0.00025718407931431747,0.00027634736771187107,0.00786760036069356,0.5243798118049615,52
0,Uptrend / Mid-Vol,4h,2778,0.0013920735920872934,6.123486840881043e-05,0.01548139847091033,0.5021598272138229,52
1,Downtrend / Mid-Vol,4h,2894,0.0008448777677472171,0.0011363136527906548,0.014179424266452668,0.5469937802349689,52
2,Ranging / High-Vol,4h,880,-0.0013336190609045714,-0.0008297428185359834,0.01859651838879826,0.4681818181818182,52
3,Ranging / Low-Vol,4h,2328,0.0009181677461885819,0.0003055669344957934,0.012187873155640558,0.5163230240549829,52
0,Ranging / Low-Vol,15m,4368,-7.711683744459982e-05,1.731027715390354e-05,0.0021351270098927057,0.5034340659340659,53
1,Downtrend / Mid-Vol,15m,2275,-4.860569181759806e-05,8.798141559829276e-05,0.0031319719598698376,0.516043956043956,53
2,Ranging / High-Vol,15m,240,-0.0006727860013937696,-0.0008647840172599786,0.004861984598689577,0.4,53
3,Uptrend / Mid-Vol,15m,2042,7.822604906939306e-05,-2.1488861916552082e-06,0.002972878780890398,0.5,53
0,Ranging / Low-Vol,30m,4368,-0.00012984001531187765,-3.316094135019654e-05,0.003145301429575961,0.49198717948717946,53
1,Downtrend / Mid-Vol,30m,2272,-2.5521082444297264e-05,0.00032356767897301353,0.004189605451463872,0.5321302816901409,53
2,Ranging / High-Vol,30m,240,-0.0013023920643086809,-0.00117081210567882,0.006713853776766062,0.42083333333333334,53
3,Uptrend / Mid-Vol,30m,2042,1.3474940734004342e-05,-0.00012250642388078603,0.0043220063447210145,0.4838393731635651,53
0,Ranging / Low-Vol,1h,4368,-0.00018310968794946802,1.772714290027011e-05,0.004730985537788282,0.5036630036630036,53
1,Downtrend / Mid-Vol,1h,2266,-0.0001427704451053918,0.00040648120462627446,0.005683761567395527,0.530008826125331,53
2,Ranging / High-Vol,1h,240,-0.001813798472800321,-0.0011410035014147724,0.009293832770898047,0.43333333333333335,53
3,Uptrend / Mid-Vol,1h,2042,-0.0001322976817727087,-0.0005175874771516931,0.006101980953235949,0.4524975514201763,53
0,Ranging / Low-Vol,2h,4368,-0.0003259395517697627,-3.2289837701426904e-05,0.007130218366898328,0.49565018315018317,53
1,Downtrend / Mid-Vol,2h,2256,-0.00046645636707697523,0.00010698224114769062,0.0077200520555459565,0.5048758865248227,53
2,Ranging / High-Vol,2h,240,-0.003166556043517736,-0.001906003819620139,0.013004046601189952,0.3958333333333333,53
3,Uptrend / Mid-Vol,2h,2040,-0.00018828340254407235,-0.00041923876735960874,0.008101985258657836,0.4730392156862745,53
0,Ranging / Low-Vol,4h,4355,-0.0006961826211197343,-0.00026406884313345813,0.010616358007991291,0.4826636050516648,53
1,Downtrend / Mid-Vol,4h,2251,-0.00045210446041894857,0.0007500231178418915,0.009954853646546344,0.5335406486006219,53
2,Ranging / High-Vol,4h,240,-0.006693111488555203,-0.0036329065516849113,0.016292450992990884,0.3458333333333333,53
3,Uptrend / Mid-Vol,4h,2034,-0.0007215409934043242,-0.0006665371537035725,0.010808836496212051,0.464110127826942,53
0,Uptrend / Mid-Vol,15m,2555,4.0200847081541156e-05,-0.00014402117661838076,0.003598467149871844,0.476320939334638,54
1,Downtrend / Mid-Vol,15m,2361,8.204315715210542e-05,0.00023851480941772252,0.0034383883447833916,0.5400254129606099,54
2,Ranging / Low-Vol,15m,3186,-5.658755903479032e-05,-4.684996292603216e-05,0.0023070287188203024,0.48901443816698054,54
3,Ranging / High-Vol,15m,535,-0.0004083858539670754,-0.00016867572635881345,0.0059212397365403045,0.48598130841121495,54
0,Uptrend / Mid-Vol,30m,2552,-2.613933329449049e-05,-0.00015394723084138917,0.005202224806092763,0.4807993730407524,54
1,Downtrend / Mid-Vol,30m,2361,0.00013306716688846074,0.0004945662763926606,0.004836764335073334,0.5565438373570522,54
2,Ranging / Low-Vol,30m,3186,-7.492587855851158e-05,-3.68243000234969e-05,0.0034847693445944415,0.4934086629001883,54
3,Ranging / High-Vol,30m,535,-0.00038625885081016413,-0.00042306879344877757,0.008047712072544788,0.4785046728971963,54
0,Uptrend / Mid-Vol,1h,2546,0.00014900241837130027,-2.9756369307243347e-05,0.0070367734838315855,0.4960722702278083,54
1,Downtrend / Mid-Vol,1h,2361,6.673045201955024e-05,0.0005849111849691724,0.0072192599915437096,0.5527318932655655,54
2,Ranging / Low-Vol,1h,3186,-7.829656625391627e-05,-0.00011580815863965199,0.004932913021814914,0.4861895794099184,54
3,Ranging / High-Vol,1h,535,-0.0012526117095489975,-0.0005370906408384002,0.010484576804803534,0.4691588785046729,54
0,Uptrend / Mid-Vol,2h,2540,-0.0001548757557763421,-0.0004105796088431646,0.010324698115622734,0.47086614173228347,54
1,Downtrend / Mid-Vol,2h,2355,0.0004119560038130139,0.000978601601518747,0.009950071632250682,0.5643312101910828,54
2,Ranging / Low-Vol,2h,3186,-6.558133365475981e-05,-0.00013060764803540792,0.007646229543735932,0.48901443816698054,54
3,Ranging / High-Vol,2h,535,-0.00227127677048186,-0.00025603270615093265,0.013736931347566194,0.48598130841121495,54
0,Uptrend / Mid-Vol,4h,2540,-0.0006950874764538104,-0.0005520879601599304,0.014710697522511487,0.4807086614173228,54
1,Downtrend / Mid-Vol,4h,2332,0.0004111074206416806,0.0016799295828366922,0.013623894626516968,0.5677530017152659,54
2,Ranging / Low-Vol,4h,3186,0.00027436025252476886,-0.0005339187788564459,0.01160583338775664,0.47112366603892025,54
3,Ranging / High-Vol,4h,534,-0.0033262695385086146,-0.0001613509915614486,0.018162735584834964,0.4943820224719101,54
0,Ranging / Low-Vol,15m,6302,-3.291106486486808e-05,-1.1729237392010816e-05,0.0015540687844919228,0.49587432561091715,55
1,Downtrend / Mid-Vol,15m,1285,8.372531454258804e-05,0.00028286807616773046,0.0026931058709917357,0.5595330739299611,55
2,Ranging / High-Vol,15m,127,0.0002062299888002967,0.00023998104264855158,0.0040622833943966315,0.5433070866141733,55
3,Uptrend / Mid-Vol,15m,1211,0.0001916814535469035,-0.00010985360203719097,0.0030152164797879488,0.48554913294797686,55
0,Ranging / Low-Vol,30m,6299,-7.51144740576721e-05,-3.085219053211574e-05,0.0022774182492875934,0.49007779012541675,55
1,Downtrend / Mid-Vol,30m,1285,0.0002275818322036896,0.000536236269825352,0.003432384303760647,0.5688715953307393,55
2,Ranging / High-Vol,30m,127,0.0004806730001960279,0.00019147826568577386,0.004819477661422739,0.5118110236220472,55
3,Uptrend / Mid-Vol,30m,1211,0.0003565078919716954,-6.274513059700837e-05,0.003931549688360727,0.48720066061106526,55
0,Ranging / Low-Vol,1h,6293,-0.00011214265467117027,-0.0001001272343028603,0.0032409450887791558,0.4835531542984268,55
1,Downtrend / Mid-Vol,1h,1285,0.0005720857222384127,0.0007580149865784591,0.004507242783303886,0.6,55
2,Ranging / High-Vol,1h,127,0.002341160361816914,0.0015973238020521308,0.005664586348309971,0.6062992125984252,55
3,Uptrend / Mid-Vol,1h,1211,0.00026088631932213454,-0.0004035919235381158,0.005561624168544621,0.467382328654005,55
0,Ranging / Low-Vol,2h,6283,-0.00011481547677026453,-0.00019458577999564852,0.004482976182951152,0.4687251313067006,55
1,Downtrend / Mid-Vol,2h,1285,0.0007050963898125809,0.0007443564864288987,0.00581207209728993,0.5665369649805447,55
2,Ranging / High-Vol,2h,127,0.005899726236250607,0.0030710583873183595,0.011365230011687032,0.6850393700787402,55
3,Uptrend / Mid-Vol,2h,1209,0.00028654499817547463,-0.000685106187530593,0.007283624082630305,0.44499586435070304,55
0,Ranging / Low-Vol,4h,6259,-0.00013503701697693406,-0.00015724758820212514,0.006457265997606318,0.4823454225914683,55
1,Downtrend / Mid-Vol,4h,1285,0.0009735977901897604,0.00069998095252366,0.007407590071389398,0.5673151750972762,55
2,Ranging / High-Vol,4h,127,0.008911992053198916,0.0022989092277274636,0.019305995377759802,0.5590551181102362,55
3,Uptrend / Mid-Vol,4h,1209,0.0007828754638694929,-0.000993906977951653,0.010003577607577372,0.445822994210091,55
0,Uptrend / Mid-Vol,15m,1390,0.00020222012961079535,-0.00018144548863308074,0.0040443185787924565,0.4741007194244604,56
1,Downtrend / Mid-Vol,15m,1512,-0.00011389843183167887,0.00021955495801417868,0.0031631184885267468,0.5462962962962963,56
2,Ranging / High-Vol,15m,882,-0.0005377709184598554,-0.00027535580955095895,0.008647538461191094,0.48639455782312924,56
3,Ranging / Low-Vol,15m,4853,-3.323784254182029e-05,-1.7009137552648212e-05,0.0016709687843981203,0.49247887904389037,56
0,Uptrend / Mid-Vol,30m,1388,0.0003043392948276952,-0.00011803791796349827,0.005393741622152485,0.47982708933717577,56
1,Downtrend / Mid-Vol,30m,1512,-1.2653931180706359e-05,0.0003300471055895926,0.005285168794467604,0.548941798941799,56
2,Ranging / High-Vol,30m,882,-0.0011038911930854563,-0.0004848061810305282,0.01172123117604338,0.47732426303854875,56
3,Ranging / Low-Vol,30m,4852,-9.909238000519268e-05,-3.1494424258760034e-05,0.002477787662777403,0.491962077493817,56
0,Uptrend / Mid-Vol,1h,1383,1.0758456397270866e-05,-0.00032425272064529054,0.0074576481095085575,0.46637744034707157,56
1,Downtrend / Mid-Vol,1h,1512,0.0003592254732598059,0.0005118002136681454,0.00794609694230505,0.5555555555555556,56
2,Ranging / High-Vol,1h,882,-0.002117335987342955,-0.0005476933584329657,0.015908963370821424,0.46258503401360546,56
3,Ranging / Low-Vol,1h,4851,-0.0001647457935252966,-5.319823220162334e-05,0.0037382965639704744,0.4881467738610596,56
0,Uptrend / Mid-Vol,2h,1380,-0.0007121372125996407,-0.0004315577236981838,0.008596486971116748,0.4601449275362319,56
1,Downtrend / Mid-Vol,2h,1512,0.00042812240599949847,0.0005911836079777189,0.011185628805918923,0.5476190476190477,56
2,Ranging / High-Vol,2h,882,-0.0029401248638958924,-0.00023574548443772159,0.02347596890128075,0.49206349206349204,56
3,Ranging / Low-Vol,2h,4842,-0.00027988834301639697,-0.00018173805841659174,0.005459919879186059,0.4774886410574143,56
0,Uptrend / Mid-Vol,4h,1362,-0.0015420404560785809,-0.0011051949861196064,0.01215541243991171,0.43832599118942733,56
1,Downtrend / Mid-Vol,4h,1512,-0.0009977692514682932,0.00044428745447255835,0.013450471733139185,0.5119047619047619,56
2,Ranging / High-Vol,4h,882,-0.003964409356861448,-0.0014007051627720202,0.031329167552009006,0.481859410430839,56
3,Ranging / Low-Vol,4h,4836,-0.0003326471890028038,-0.00045367955491748546,0.008147947266624123,0.4642266335814723,56
0,Uptrend / Mid-Vol,15m,475,-3.211519583847402e-05,-0.0001228718685197805,0.002892972210547656,0.4673684210526316,57
1,Ranging / Low-Vol,15m,7736,-7.5448080626461235e-06,-8.285014447828587e-06,0.001130546838747932,0.4950879007238883,57
2,Ranging / High-Vol,15m,91,-0.0008073126271990707,-0.0002098236413843324,0.0039960201359902255,0.4725274725274725,57
3,Downtrend / Mid-Vol,15m,623,5.484908451642652e-05,0.0002815420851707273,0.0020448211771928577,0.5666131621187801,57
0,Uptrend / Mid-Vol,30m,475,-0.00025216540117919956,-0.00018609822811299637,0.004230254011762369,0.47578947368421054,57
1,Ranging / Low-Vol,30m,7733,-1.2167929356330252e-05,-1.0632786670683458e-05,0.0016428689751020573,0.4952799689641795,57
2,Ranging / High-Vol,30m,91,-0.0013513445945607587,-0.0005653802727021429,0.004609157083611043,0.3956043956043956,57
3,Downtrend / Mid-Vol,30m,623,0.0001748092788507001,0.0003031538124584898,0.0027811964207254567,0.5634028892455859,57
0,Uptrend / Mid-Vol,1h,475,-0.0004955236399592391,-0.00044716160757651835,0.006202626368147685,0.42947368421052634,57
1,Ranging / Low-Vol,1h,7727,-3.055407350694323e-05,4.128715660911553e-06,0.002383975355426907,0.5012294551572408,57
2,Ranging / High-Vol,1h,91,-0.0014608840761084277,-0.001262549880246766,0.0047512735602553546,0.37362637362637363,57
3,Downtrend / Mid-Vol,1h,623,0.00023405190085112114,0.00029562629055845946,0.003403022638359049,0.5521669341894061,57
0,Uptrend / Mid-Vol,2h,475,-2.5674483529997653e-05,-0.0005079345551681769,0.008536242413677498,0.45052631578947366,57
1,Ranging / Low-Vol,2h,7719,-0.00011448151050836848,-1.804835036622876e-05,0.0033536801052701623,0.49553050913330743,57
2,Ranging / High-Vol,2h,91,-0.0015151319457477651,-0.0012169591843225191,0.005330538299850698,0.45054945054945056,57
3,Downtrend / Mid-Vol,2h,619,0.00024147094604016234,0.0005197225926938387,0.0038406652315604757,0.5912762520193862,57
0,Uptrend / Mid-Vol,4h,475,0.0006895564478384505,-0.00041754686170314415,0.010072128232877441,0.4652631578947368,57
1,Ranging / Low-Vol,4h,7695,-0.0002759125936799024,-5.4172387384809895e-05,0.004695168275200618,0.4930474333983106,57
2,Ranging / High-Vol,4h,91,0.0001334055894024515,-0.002195168691972782,0.01129289342469961,0.42857142857142855,57
3,Downtrend / Mid-Vol,4h,619,0.00014294336746861533,0.0008311602999455658,0.005410482868287887,0.5735056542810986,57
0,Ranging / Low-Vol,15m,6179,5.951604207277856e-05,3.4248294230820875e-05,0.0014835923660904235,0.5195015374656093,58
1,Downtrend / Mid-Vol,15m,1035,-2.066338825640308e-05,0.0004267992901976214,0.0030106281757789283,0.5797101449275363,58
2,Ranging / High-Vol,15m,366,0.0006870692613726491,0.000582111121683937,0.006108871748427733,0.587431693989071,58
3,Uptrend / Mid-Vol,15m,1345,0.00030581747739465907,1.901635472911778e-05,0.003348868508838315,0.5018587360594795,58
0,Ranging / Low-Vol,30m,6179,0.00017091266653448766,8.834568807358778e-05,0.002298932241176843,0.5308302314290338,58
1,Downtrend / Mid-Vol,30m,1035,4.036024663589844e-05,0.0005115975204397216,0.00400269222364949,0.5768115942028985,58
2,Ranging / High-Vol,30m,366,0.001236474793755246,0.0009575326075514923,0.007754272889807158,0.5792349726775956,58
3,Uptrend / Mid-Vol,30m,1342,0.0003454192365997259,-6.998598366614317e-05,0.004822692525903112,0.48360655737704916,58
0,Ranging / Low-Vol,1h,6179,0.00036980239091415117,0.0001506936359714217,0.0034823617942616306,0.5376274478070885,58
1,Downtrend / Mid-Vol,1h,1035,0.0002201227944182394,0.0007413437940027023,0.005761543957569666,0.5835748792270531,58
2,Ranging / High-Vol,1h,366,0.0023531145095884633,0.002030943896534687,0.008663319448368248,0.6912568306010929,58
3,Uptrend / Mid-Vol,1h,1336,0.0004889262414112013,-0.00014045965561670926,0.007021617456695827,0.4842814371257485,58
0,Ranging / Low-Vol,2h,6179,0.0005440547984853414,0.00019589817605947246,0.005078891199996488,0.533581485677294,58
1,Downtrend / Mid-Vol,2h,1029,0.0011698171350723696,0.0012980618674358624,0.007705616642879857,0.6132167152575316,58
2,Ranging / High-Vol,2h,364,0.005522811163033952,0.0030461705707427456,0.011070082028798443,0.7087912087912088,58
3,Uptrend / Mid-Vol,2h,1332,0.0010571327490323187,0.00010349059774750202,0.00955056277178751,0.509009009009009,58
0,Ranging / Low-Vol,4h,6165,0.0009970183141911296,0.0003618569539938221,0.007365520748404505,0.5467964314679643,58
1,Downtrend / Mid-Vol,4h,1019,0.002719940290639472,0.002037778943284607,0.010252000195914433,0.662414131501472,58
2,Ranging / High-Vol,4h,364,0.007080961382113095,0.0028708679939022375,0.014702243094146257,0.6730769230769231,58
3,Uptrend / Mid-Vol,4h,1332,0.003338808446531672,0.0005254942492989301,0.014320197170702533,0.5345345345345346,58
0,Uptrend / Mid-Vol,15m,1348,0.0002725891366782106,-8.584070698702817e-05,0.0032704438722926657,0.4844213649851632,59
1,Downtrend / Mid-Vol,15m,1391,-0.00012809770424144506,0.00013330252396670517,0.0029627974242857485,0.5240833932422717,59
2,Ranging / High-Vol,15m,302,7.347809776494356e-05,0.0002468674256803638,0.0051509464256502885,0.5132450331125827,59
3,Ranging / Low-Vol,15m,5020,-4.119830979558747e-05,-2.844904506460466e-05,0.001536637867348829,0.48725099601593624,59
0,Uptrend / Mid-Vol,30m,1348,0.0003414885466042613,-0.00018244447022119914,0.004553757635161633,0.4755192878338279,59
1,Downtrend / Mid-Vol,30m,1389,-0.00012960721789296673,0.0002444704653239427,0.004374156713828931,0.5284377249820015,59
2,Ranging / High-Vol,30m,302,0.00011696752671668445,3.684699131323299e-05,0.006456631576489932,0.5033112582781457,59
3,Ranging / Low-Vol,30m,5019,-6.036992632712945e-05,-7.146084710996092e-05,0.002330542388348417,0.4771866905758119,59
0,Uptrend / Mid-Vol,1h,1348,0.0003571150400151065,-0.0002535743190605899,0.0062220385635824585,0.478486646884273,59
1,Downtrend / Mid-Vol,1h,1385,-5.049498714720578e-05,0.00042206008102674275,0.006008476528424705,0.5314079422382672,59
2,Ranging / High-Vol,1h,302,0.0004411446361651011,0.00016973330527925157,0.00832293822809243,0.5165562913907285,59
3,Ranging / Low-Vol,1h,5017,-0.00010194359567362803,-5.0849891817250636e-05,0.003511245547969613,0.4923260912896153,59
0,Uptrend / Mid-Vol,2h,1338,0.00023629116433236693,-0.00030418139197685434,0.009030244444254733,0.48355754857997013,59
1,Downtrend / Mid-Vol,2h,1383,-0.00045485946699461605,0.000416709181822128,0.008246896104639708,0.5278380332610267,59
2,Ranging / High-Vol,2h,302,0.0014443812147427039,0.0009667394303667365,0.010714090896340945,0.5463576158940397,59
3,Ranging / Low-Vol,2h,5017,-9.351212845131517e-06,-0.0001117078372754321,0.005084568810530447,0.4859477775563085,59
0,Uptrend / Mid-Vol,4h,1335,-0.00026932117118678094,-0.0006739271822997495,0.01230466795178177,0.4599250936329588,59
1,Downtrend / Mid-Vol,4h,1362,-0.0007582808711177662,0.0009164052701695624,0.011168604538063023,0.5447870778267254,59
2,Ranging / High-Vol,4h,302,0.0037037201451414373,0.002700711303269543,0.013697898265224231,0.5695364238410596,59
3,Ranging / Low-Vol,4h,5017,9.265794715334418e-05,-0.00017116742414025055,0.007994341240702337,0.48216065377715767,59
0,Uptrend / Mid-Vol,15m,2121,0.00024964661568701956,-0.0001160268457969238,0.0032836140781582796,0.4809052333804809,60
1,Ranging / Low-Vol,15m,4051,-1.1579453208969113e-05,-4.103492999085745e-05,0.0018339000502008913,0.48778079486546533,60
2,Ranging / High-Vol,15m,777,0.00012975757418378636,0.000292529007378306,0.007089130472283496,0.5212355212355212,60
3,Downtrend / Mid-Vol,15m,1896,4.4734250174463755e-05,0.00027739567976858837,0.003666102504568698,0.5490506329113924,60
0,Uptrend / Mid-Vol,30m,2120,0.0004363311633260588,-0.00010162626182363965,0.004712312089230094,0.4867924528301887,60
1,Ranging / Low-Vol,30m,4046,8.676287385834427e-06,-2.9697380144355634e-05,0.0030110305446177537,0.4920909540286703,60
2,Ranging / High-Vol,30m,777,0.00022584546378335137,-0.00014222304694300192,0.009701732914171103,0.4942084942084942,60
3,Downtrend / Mid-Vol,30m,1896,0.00010144562586502582,0.00042524722346204413,0.005066155061519385,0.5506329113924051,60
0,Uptrend / Mid-Vol,1h,2120,0.000732625313933028,-0.0002699883392001112,0.00707338951144926,0.4702830188679245,60
1,Ranging / Low-Vol,1h,4037,2.948052393467169e-05,-7.217975040418878e-05,0.004706718605624817,0.4879861283131038,60
2,Ranging / High-Vol,1h,777,0.0005550774550839243,0.0009525942262023079,0.012783678590264004,0.5495495495495496,60
3,Downtrend / Mid-Vol,1h,1893,0.00029072736967780525,0.0006973487065895512,0.006800479804551744,0.5673534072900158,60
0,Uptrend / Mid-Vol,2h,2113,0.001386083403033679,4.304823724510243e-05,0.010301688711080675,0.5026029342167534,60
1,Ranging / Low-Vol,2h,4031,1.8050506163927058e-05,-0.00017876161912688815,0.006968472846553836,0.47630860828578514,60
2,Ranging / High-Vol,2h,777,0.0014308874711967468,0.0008043663943482215,0.015486751123372795,0.5328185328185329,60
3,Downtrend / Mid-Vol,2h,1882,0.0006088061521718644,0.0010239808059937516,0.01110932903093635,0.5749202975557917,60
0,Uptrend / Mid-Vol,4h,2110,0.002854596267466113,0.0005958946023838507,0.016399829534957788,0.5327014218009478,60
1,Ranging / Low-Vol,4h,4003,0.0002825997859456209,-0.0002539521083217977,0.010479749719746776,0.4776417686734949,60
2,Ranging / High-Vol,4h,777,0.0019205533896055561,0.0009954739528481582,0.01913307028549662,0.5431145431145431,60
3,Downtrend / Mid-Vol,4h,1865,0.0010110294191432974,0.0014638728648233013,0.016485326749214338,0.5780160857908847,60
0,Uptrend / Mid-Vol,15m,1285,0.00010194960017729563,-0.00014768017896038543,0.0030377473930238955,0.4653696498054475,61
1,Ranging / High-Vol,15m,253,-0.00028583639284163144,0.0005100266238944329,0.006521300679227644,0.5375494071146245,61
2,Downtrend / Mid-Vol,15m,1322,1.1153227479134289e-05,0.00030608204177529075,0.002826942603635028,0.5642965204236006,61
3,Ranging / Low-Vol,15m,5777,1.7824548103731532e-06,-1.4094616442861252e-06,0.001581709061397124,0.4990479487623334,61
0,Uptrend / Mid-Vol,30m,1285,0.0001872224601002762,-0.0002689645069775537,0.004436065589562511,0.4614785992217899,61
1,Ranging / High-Vol,30m,253,-0.0006580258537117899,-7.815059827187554e-05,0.008740903183500822,0.4901185770750988,61
2,Downtrend / Mid-Vol,30m,1322,0.00012970000835800242,0.0005234521011594495,0.004047335221505018,0.5726172465960666,61
3,Ranging / Low-Vol,30m,5774,-1.1929190134876097e-05,2.5518986950245903e-06,0.002388743173426225,0.5015587114651888,61
0,Uptrend / Mid-Vol,1h,1285,0.000494899045526762,-0.0003617605609971264,0.006061177899332957,0.4575875486381323,61
1,Ranging / High-Vol,1h,253,-0.0008744377963120435,-0.0004754007140483907,0.009659226059582592,0.44664031620553357,61
2,Downtrend / Mid-Vol,1h,1322,0.0001228920301883458,0.0006596881888922823,0.005623350400907386,0.5748865355521936,61
3,Ranging / Low-Vol,1h,5768,-3.5786160657753674e-05,-0.00010148929820719133,0.003971459078396886,0.48058252427184467,61
0,Uptrend / Mid-Vol,2h,1285,0.000653386769815494,-0.0003811530309647537,0.00792984461729171,0.4669260700389105,61
1,Ranging / High-Vol,2h,253,0.001222103872772761,0.0005895531760859996,0.010488140088945302,0.525691699604743,61
2,Downtrend / Mid-Vol,2h,1322,3.322285845538234e-05,0.0010334934206479574,0.007666278267561469,0.6051437216338881,61
3,Ranging / Low-Vol,2h,5756,-7.628690723012305e-05,-7.620813017350514e-05,0.0057737491122533844,0.48783877692842254,61
0,Uptrend / Mid-Vol,4h,1274,0.0013913473115420053,0.00016460612968138832,0.012065307485046417,0.5086342229199372,61
1,Ranging / High-Vol,4h,253,0.0037450017562769243,0.0006865912884119751,0.014294395037215088,0.5375494071146245,61
2,Downtrend / Mid-Vol,4h,1310,-0.0004489121985973766,0.0005986476387258577,0.009123688600386677,0.5404580152671755,61
3,Ranging / Low-Vol,4h,5755,-0.0001271169179817086,-0.00034246277503235945,0.008091677926949727,0.465855777584709,61
0,Ranging / Low-Vol,15m,6295,-2.738414124611573e-05,-7.2520628506822504e-06,0.0015800950877082635,0.49451945988880064,62
1,Ranging / High-Vol,15m,163,0.0005934695981696632,0.0003308467811837801,0.004432340701376222,0.5705521472392638,62
2,Downtrend / Mid-Vol,15m,1242,-0.00018505171458940898,0.00012471881523357098,0.0030405130240468187,0.5273752012882448,62
3,Uptrend / Mid-Vol,15m,1225,6.955739218699277e-05,-0.00018278426083462307,0.0024168434072313035,0.4661224489795918,62
0,Ranging / Low-Vol,30m,6293,-8.632403251247676e-05,-3.19827323025379e-05,0.002515990168179348,0.4905450500556173,62
1,Ranging / High-Vol,30m,163,0.0011492740502514244,0.00046900884849243596,0.004895051777679373,0.5460122699386503,62
2,Downtrend / Mid-Vol,30m,1242,-8.939397375971856e-05,0.00031141539747459035,0.0036497369578529894,0.5483091787439613,62
3,Uptrend / Mid-Vol,30m,1224,2.1237009071887054e-05,-0.0003066746814903709,0.003180971903886567,0.4542483660130719,62
0,Ranging / Low-Vol,1h,6287,-0.0001492810604096324,-1.2333806242992296e-05,0.0034758726318526198,0.49705742007316683,62
1,Ranging / High-Vol,1h,163,0.0016424935325437655,0.001221597160796506,0.005664610423090043,0.6073619631901841,62
2,Downtrend / Mid-Vol,1h,1242,9.371798290618788e-05,0.00042771920307949074,0.0046440363508074055,0.5458937198067633,62
3,Uptrend / Mid-Vol,1h,1224,-0.0002767715424337859,-0.0005740873419988191,0.004895179904754496,0.4338235294117647,62
0,Ranging / Low-Vol,2h,6275,-0.0003015282089740668,-0.00012564894842626018,0.004875302524804792,0.48302788844621514,62
1,Ranging / High-Vol,2h,163,0.003680556290085366,0.002144663520335044,0.007738514501964414,0.6196319018404908,62
2,Downtrend / Mid-Vol,2h,1242,-6.499137003503832e-05,0.0006052535651823732,0.006748526407619265,0.5515297906602254,62
3,Uptrend / Mid-Vol,2h,1224,-0.0002540301788605301,-0.000529776514049729,0.006115895329483256,0.44199346405228757,62
0,Ranging / Low-Vol,4h,6251,-0.00037366654800862804,-0.0003733849326792438,0.006780640626965764,0.4623260278355463,62
1,Ranging / High-Vol,4h,163,0.003951876749045264,0.003365271567064454,0.007478861974136533,0.6871165644171779,62
2,Downtrend / Mid-Vol,4h,1242,-0.00036410313175721745,0.0006066394717461066,0.008821178977879115,0.5297906602254429,62
3,Uptrend / Mid-Vol,4h,1224,-0.0006783795079253541,-0.0009500675758564725,0.008420442801021518,0.4362745098039216,62
0,Uptrend / Mid-Vol,15m,1337,0.00030989242481238214,0.00011223915917746297,0.0034836990577922855,0.5130890052356021,63
1,Ranging / High-Vol,15m,263,-0.00044743386565546773,-0.000272735339551744,0.004673391065056737,0.4752851711026616,63
2,Ranging / Low-Vol,15m,5882,-7.054188272502834e-06,4.394263691587241e-06,0.0015032750490902161,0.5011900714042843,63
3,Downtrend / Mid-Vol,15m,1155,6.858822470824755e-05,0.00022033737130300324,0.002750009352718009,0.5506493506493506,63
0,Uptrend / Mid-Vol,30m,1337,0.0005901687602824329,3.418801749432987e-05,0.0047746766082967795,0.5026178010471204,63
1,Ranging / High-Vol,30m,263,-0.001010029362625108,-0.0005491114959887966,0.00624055192472229,0.43346007604562736,63
2,Ranging / Low-Vol,30m,5879,-3.674762271230267e-05,-3.6748682372689245e-06,0.0022572611499318716,0.49906446674604527,63
3,Downtrend / Mid-Vol,30m,1155,0.0003130000259573433,0.0005681119979943361,0.003797921593829238,0.5965367965367966,63
0,Uptrend / Mid-Vol,1h,1337,0.0010395279763225332,0.0003027927938816788,0.006705534768853965,0.5347793567688855,63
1,Ranging / High-Vol,1h,263,-0.001239819670105083,-0.0008441237797782719,0.007425248327720769,0.4296577946768061,63
2,Ranging / Low-Vol,1h,5873,-8.72223325368667e-05,-3.295112798795685e-05,0.0032469471011981267,0.49514728418184917,63
3,Downtrend / Mid-Vol,1h,1155,0.0007117033074000471,0.0009450374016068963,0.005347198601040805,0.6181818181818182,63
0,Uptrend / Mid-Vol,2h,1337,0.0015422335742790371,0.00020742891929792506,0.009533302898236637,0.518324607329843,63
1,Ranging / High-Vol,2h,263,-0.00014300772956475253,9.923318365778755e-05,0.008305138619351057,0.5057034220532319,63
2,Ranging / Low-Vol,2h,5861,-8.162008437315605e-05,4.266716887002531e-05,0.004838463288216217,0.505715748165842,63
3,Downtrend / Mid-Vol,2h,1155,0.0010693903776041176,0.001385494588118874,0.007500544027411183,0.6181818181818182,63
0,Uptrend / Mid-Vol,4h,1334,0.0020445455925199845,-5.105714009001616e-05,0.011944170031002652,0.49325337331334335,63
1,Ranging / High-Vol,4h,263,0.001208519352232287,-0.00016938860916049236,0.009873804082828886,0.49809885931558934,63
2,Ranging / Low-Vol,4h,5840,0.00016067675284362222,0.00016313773940446197,0.007814807676377081,0.5174657534246575,63
3,Downtrend / Mid-Vol,4h,1155,0.001534396971642344,0.001419727567961715,0.011180679401119963,0.5757575757575758,63
0,Downtrend / Mid-Vol,15m,678,-0.0001820625738737542,1.2799393067197684e-05,0.0025759447076573764,0.5058997050147492,64
1,Uptrend / Mid-Vol,15m,632,5.263756145547799e-06,-0.00022710098942280155,0.00232491868753996,0.4588607594936709,64
2,Ranging / High-Vol,15m,60,4.569499236909043e-05,7.840540159786968e-05,0.003864370695899835,0.5333333333333333,64
3,Ranging / Low-Vol,15m,7555,-1.0254605355946085e-06,-2.045667480921054e-05,0.0011212133373016489,0.48510919920582396,64
0,Downtrend / Mid-Vol,30m,678,-0.0003707470740766483,0.0002468872870853289,0.003579779064468486,0.5471976401179941,64
1,Uptrend / Mid-Vol,30m,632,0.00010372585686709663,-0.0002555098185705873,0.0030943372914421256,0.4588607594936709,64
2,Ranging / High-Vol,30m,60,0.00026059599574699275,0.0006531243198324432,0.003937892821562648,0.6,64
3,Ranging / Low-Vol,30m,7552,-1.097772326206282e-05,-1.1591302951252658e-05,0.001594261390770337,0.4947033898305085,64
0,Downtrend / Mid-Vol,1h,678,-0.0003969943659476279,0.0005033250285864099,0.005176494687092538,0.5501474926253688,64
1,Uptrend / Mid-Vol,1h,632,-0.00024417010936011795,-0.00039699088449562936,0.00422456588729947,0.4525316455696203,64
2,Ranging / High-Vol,1h,60,-0.0003543377756411263,-0.00035262174179617745,0.005903076962224297,0.45,64
3,Ranging / Low-Vol,1h,7546,-9.111218180412655e-06,-1.7460553895176645e-05,0.002304842039063947,0.4956268221574344,64
0,Downtrend / Mid-Vol,2h,678,-0.0008226576825663348,0.0004407630060310197,0.006655314918770187,0.5486725663716814,64
1,Uptrend / Mid-Vol,2h,632,-4.909338135738595e-05,-0.00029693060316127173,0.00637586261844144,0.46360759493670883,64
2,Ranging / High-Vol,2h,60,-0.0013857667241961025,-4.4814697249151436e-05,0.007485099077510375,0.5,64
3,Ranging / Low-Vol,2h,7534,-4.4302665696378945e-05,1.330370454777352e-05,0.00326829501884863,0.5023891691000797,64
0,Downtrend / Mid-Vol,4h,677,-0.0005065823731765861,0.0008928856849479416,0.007964362157592234,0.5745937961595273,64
1,Uptrend / Mid-Vol,4h,631,-0.000506012850672474,-0.0005549273834013491,0.007814308913971921,0.4643423137876387,64
2,Ranging / High-Vol,4h,60,-0.0017011003019955062,0.00036690894504598504,0.009017411758042911,0.5166666666666667,64
3,Ranging / Low-Vol,4h,7512,-0.00016251859116927201,2.5281117826736477e-05,0.005128898848490201,0.5035942492012779,64
0,Downtrend / Mid-Vol,15m,861,-0.0005214731118553452,-0.00017027998629792762,0.004829535348228539,0.4610917537746806,65
1,Ranging / High-Vol,15m,135,0.0016224852686367217,0.0007042321852459565,0.006488880164349319,0.5851851851851851,65
2,Uptrend / Mid-Vol,15m,577,0.00013576450648816808,-0.00021929115952090683,0.0033097118578847584,0.4592720970537262,65
3,Ranging / Low-Vol,15m,7352,-2.79048866791546e-05,-1.4071925268588359e-05,0.0010903798272661183,0.4887105549510337,65
0,Downtrend / Mid-Vol,30m,861,-0.0008294927102741053,-0.00016168232567537189,0.0060915750669901705,0.47502903600464574,65
1,Ranging / High-Vol,30m,135,0.0024208368997572166,0.0015479480080280439,0.0070755007654023224,0.6370370370370371,65
2,Uptrend / Mid-Vol,30m,577,0.00014881279669921613,-0.0003379315671612204,0.004916132995684545,0.4558058925476603,65
3,Ranging / Low-Vol,30m,7349,-5.579563002404592e-05,-3.194052454347229e-05,0.0016361099502766084,0.4823785549054293,65
0,Downtrend / Mid-Vol,1h,861,-0.0015905393868335302,-0.00024603553522695165,0.0077887339420504255,0.462253193960511,65
1,Ranging / High-Vol,1h,135,0.004315101712684026,0.002507170787673374,0.00818377529438318,0.6518518518518519,65
2,Uptrend / Mid-Vol,1h,577,-1.2774590902226543e-05,-0.0006603482642475456,0.006014123522013695,0.43674176776429807,65
3,Ranging / Low-Vol,1h,7343,-8.534998120185907e-05,-4.111388734351351e-05,0.002640486461490417,0.4850878387580008,65
0,Downtrend / Mid-Vol,2h,861,-0.002230023153795324,-0.0010081572444562426,0.0079756205136052,0.41114982578397213,65
1,Ranging / High-Vol,2h,135,0.005007420778664892,0.0016663818109776685,0.010965055315813248,0.5777777777777777,65
2,Uptrend / Mid-Vol,2h,569,0.0002970061679267114,-0.0003677927853207308,0.007470527869205202,0.47451669595782076,65
3,Ranging / Low-Vol,2h,7339,-0.00023990045646469992,-0.00012368886421754155,0.004661517881270502,0.4698187764000545,65
0,Downtrend / Mid-Vol,4h,842,-0.004206441846983499,-0.0014438613782354892,0.012483156868122977,0.38954869358669836,65
1,Ranging / High-Vol,4h,132,0.0005556060984968148,-0.002145736899842987,0.01406468949454266,0.4621212121212121,65
2,Uptrend / Mid-Vol,4h,567,-0.00024484585125307665,-0.0014756844364054444,0.010334045634076808,0.4409171075837742,65
3,Ranging / Low-Vol,4h,7339,-0.00024182483838442487,-0.0003411004055600131,0.006868695914730041,0.44856247445156017,65
0,Ranging / Low-Vol,15m,7034,3.105022857669757e-05,4.284726969672192e-06,0.001138982720873896,0.5032698322433893,66
1,Ranging / High-Vol,15m,51,-0.0002110354567052585,-0.00046153098002577053,0.0029109054494898296,0.47058823529411764,66
2,Downtrend / Mid-Vol,15m,813,-0.00015299924654435344,7.653139133800835e-05,0.0025345354758949208,0.5178351783517835,66
3,Uptrend / Mid-Vol,15m,739,3.917278828426184e-05,-0.0001636323472222756,0.0027784159450731354,0.4722598105548038,66
0,Ranging / Low-Vol,30m,7031,6.074992007107201e-05,9.249756134366294e-06,0.0016968351720067002,0.5036267956193998,66
1,Ranging / High-Vol,30m,51,-2.9326893834559197e-05,-0.00020578028065365572,0.0030433578778931106,0.47058823529411764,66
2,Downtrend / Mid-Vol,30m,813,-0.00011480484549939544,0.0002572974099805947,0.003499613040923751,0.5436654366543665,66
3,Uptrend / Mid-Vol,30m,739,-0.00015197985178510827,-0.0005432633423012589,0.003497596600733315,0.41136671177266576,66
0,Ranging / Low-Vol,1h,7025,9.08151287172524e-05,1.5522894525332731e-06,0.002435822377562591,0.5006405693950178,66
1,Ranging / High-Vol,1h,51,-0.0001686095114489359,3.3243678485561645e-05,0.003804449290720303,0.5098039215686274,66
2,Downtrend / Mid-Vol,1h,813,-1.1023748535279258e-05,0.0007520994870233721,0.004678821659253983,0.5756457564575646,66
3,Uptrend / Mid-Vol,1h,739,-0.0002504791591446808,-0.0005291573990398035,0.00471968240091068,0.43843031123139375,66
0,Ranging / Low-Vol,2h,7013,0.00016926747784218194,5.29529277581986e-05,0.0037539099892519106,0.5113360901183517,66
1,Ranging / High-Vol,2h,51,0.000724180435355806,0.0006145649020687927,0.004713627968370242,0.5490196078431373,66
2,Downtrend / Mid-Vol,2h,813,7.709386625951177e-05,0.0006189213972547236,0.005009043662386588,0.5682656826568265,66
3,Uptrend / Mid-Vol,2h,739,-0.0005314535071089478,-0.0007659183163504224,0.005839491026250453,0.43031123139377536,66
0,Ranging / Low-Vol,4h,6992,0.00039722614605480804,0.0001437019699173092,0.005386873667237475,0.5205949656750573,66
1,Ranging / High-Vol,4h,51,0.001962391013504335,0.0007820341353959037,0.004508558536648676,0.6470588235294118,66
2,Downtrend / Mid-Vol,4h,810,-0.0006626901038859268,0.00033002629784384396,0.006236286616310557,0.5296296296296297,66
3,Uptrend / Mid-Vol,4h,739,-0.0007445213268937635,-0.0009240913119921146,0.00646818838737855,0.4208389715832206,66
0,Ranging / Low-Vol,15m,5113,6.0025494412622566e-05,2.68206024287565e-05,0.001406057653899785,0.5137883825542734,67
1,Ranging / High-Vol,15m,235,0.0009070487949500338,0.0007191695954578137,0.008536788334329722,0.5574468085106383,67
2,Ranging / Mid-Vol,15m,941,-4.290154857649603e-05,0.00017869550902460674,0.003281289453420957,0.5239107332624867,67
3,Ranging / Low-Vol,15m,2636,0.0001027688366771367,9.595458789668498e-05,0.0025427893471654133,0.5216236722306525,67
0,Ranging / Low-Vol,30m,5110,0.00011734298240609838,4.2564636788533505e-05,0.0021209131784312015,0.5158512720156556,67
1,Ranging / High-Vol,30m,235,0.001613752993638117,0.0007348199449772608,0.010291569714086905,0.5702127659574469,67
2,Ranging / Mid-Vol,30m,941,-0.00010722523153077374,0.00012857180867698048,0.004639745435637864,0.5164718384697131,67
3,Ranging / Low-Vol,30m,2636,0.00023556524025398738,0.00012631947057606396,0.0033872927334813643,0.5231411229135053,67
0,Ranging / Low-Vol,1h,5104,0.00032896080208369226,0.00011082919735816432,0.0032515936742222775,0.525666144200627,67
1,Ranging / High-Vol,1h,235,0.0022499137400699663,0.0008778391019319542,0.01061982669508364,0.5574468085106383,67
2,Ranging / Mid-Vol,1h,941,-1.0895554081192862e-05,0.00018099212587863178,0.006434685620058283,0.5175345377258236,67
3,Ranging / Low-Vol,1h,2636,0.0002992009760563663,0.00019289051672455315,0.004598492107842456,0.5257966616084977,67
0,Ranging / Low-Vol,2h,5097,0.0006596709621334136,0.00037570058787750327,0.004463376082868943,0.557386698057681,67
1,Ranging / High-Vol,2h,235,0.003916612985454157,0.00013334160166600384,0.014427181932492634,0.5106382978723404,67
2,Ranging / Mid-Vol,2h,941,0.00014758547991294734,-0.0003311179352945004,0.009857880826044838,0.47927736450584485,67
3,Ranging / Low-Vol,2h,2631,0.000576774146110367,0.0003578568793258796,0.005568824461430388,0.5279361459521095,67
0,Ranging / Low-Vol,4h,5090,0.001104357638876248,0.0005923735591242263,0.0059949341392218514,0.5573673870333988,67
1,Ranging / High-Vol,4h,235,0.0074854721344252235,0.002753243888632184,0.02115354538898741,0.6212765957446809,67
2,Ranging / Mid-Vol,4h,941,0.0016994718907395597,-0.000503298583106826,0.015179017301629079,0.4760892667375133,67
3,Ranging / Low-Vol,4h,2614,0.0010984186504968863,0.0006484963130981569,0.008165389641483617,0.553557765876052,67
0,Ranging / Low-Vol,15m,3424,8.135873205835911e-05,7.88098019519623e-05,0.002272181473854058,0.5148948598130841,68
1,Ranging / High-Vol,15m,134,-0.00010681886849664134,0.00013931998714422633,0.005188566556401101,0.5298507462686567,68
2,Ranging / Mid-Vol,15m,928,-8.363344866429596e-05,1.3745733422609874e-06,0.003343127361277159,0.5010775862068966,68
3,Ranging / Low-Vol,15m,4151,1.754099946239663e-05,4.76697566398343e-06,0.0012646954378782368,0.5018067935437244,68
0,Ranging / Low-Vol,30m,3424,0.00015372635840532975,9.712594952393516e-05,0.003181053431192689,0.5163551401869159,68
1,Ranging / High-Vol,30m,134,0.00029243274078090593,-0.0001950706468152319,0.006154793402902777,0.48507462686567165,68
2,Ranging / Mid-Vol,30m,928,-0.00023897995252022294,9.953543217822158e-05,0.004703781045853786,0.5064655172413793,68
3,Ranging / Low-Vol,30m,4148,4.266535570249598e-05,3.517041645206831e-05,0.0018409962643434173,0.509884281581485,68
0,Ranging / Low-Vol,1h,3421,0.00033520847101985363,0.00023802113007675985,0.004600581849204818,0.5267465653317743,68
1,Ranging / High-Vol,1h,134,0.0009130263472433237,0.0011470277091927272,0.006563749055954796,0.6119402985074627,68
2,Ranging / Mid-Vol,1h,928,-0.0004795748920622419,-4.224495062210565e-06,0.006293682789427078,0.5,68
3,Ranging / Low-Vol,1h,4145,5.2504094563286256e-05,5.549196728260597e-05,0.0026120040159460277,0.5073582629674306,68
0,Ranging / Low-Vol,2h,3421,0.000797021320165433,0.0005169980412489394,0.006617374341124859,0.5416544869921076,68
1,Ranging / High-Vol,2h,134,-0.0003877976891257331,0.00013583714232900945,0.008553517771045597,0.5074626865671642,68
2,Ranging / Mid-Vol,2h,928,-0.0007363047708215195,-8.883055120012529e-05,0.008210665405170785,0.49461206896551724,68
3,Ranging / Low-Vol,2h,4133,3.1862094404175904e-05,5.4670738855122636e-05,0.003729457697142775,0.5066537624001936,68
0,Ranging / Low-Vol,4h,3421,0.0011972366557630226,0.0004577617398542344,0.009476335896974422,0.5287927506577025,68
1,Ranging / High-Vol,4h,134,0.0005859895915765952,0.0019654777824493763,0.011049959126524489,0.5895522388059702,68
2,Ranging / Mid-Vol,4h,928,-0.00038223064851321693,0.00040293226247722913,0.01025691485343153,0.5183189655172413,68
3,Ranging / Low-Vol,4h,4109,0.00011876112546608473,-1.5373796786732896e-05,0.0052196621254521096,0.49841810659527863,68
0,Uptrend / Mid-Vol,15m,1912,0.00015662575586404543,-8.368766719613063e-06,0.002654291236320033,0.497907949790795,69
1,Ranging / High-Vol,15m,174,0.0006752054505207585,0.0006778966914735562,0.004215423318576245,0.5689655172413793,69
2,Ranging / Low-Vol,15m,4957,2.910088590315894e-05,3.0366349303534435e-05,0.001578659391118778,0.5113980229977809,69
3,Downtrend / Mid-Vol,15m,1882,-0.00011487306613735134,0.00012995804697357727,0.002838425259707742,0.5233793836344315,69
0,Uptrend / Mid-Vol,30m,1912,0.0001595934814185103,-9.840606851163614e-05,0.003627971195515233,0.48901673640167365,69
1,Ranging / High-Vol,30m,174,0.0011040678566408748,0.001430316200868198,0.004957065477294477,0.603448275862069,69
2,Ranging / Low-Vol,30m,4957,7.848809007726212e-05,8.597009112776277e-05,0.002303590341034263,0.5184587452087956,69
3,Downtrend / Mid-Vol,30m,1879,-0.00010398816984213304,0.00023236987303931755,0.003907591040798567,0.5380521554018095,69
0,Uptrend / Mid-Vol,1h,1912,0.0002564939269987069,-5.26477501896494e-05,0.005084910143018732,0.49215481171548114,69
1,Ranging / High-Vol,1h,174,0.0018009940530554415,0.0019503257987345535,0.006395192240888262,0.5977011494252874,69
2,Ranging / Low-Vol,1h,4957,0.0001636520672398751,8.830695503192487e-05,0.0033544980709193407,0.5146257817228163,69
3,Downtrend / Mid-Vol,1h,1873,-0.000128499802025695,0.00033035240992340675,0.0051982052322840245,0.5328350240256273,69
0,Uptrend / Mid-Vol,2h,1912,0.0009433733753946967,0.0005147629701518497,0.007052100961068687,0.5402719665271967,69
1,Ranging / High-Vol,2h,174,0.0016939768756878467,0.001166351281714384,0.008388405295875579,0.5402298850574713,69
2,Ranging / Low-Vol,2h,4948,8.471586473776106e-05,0.00013840239012630207,0.005153239662940335,0.5165723524656427,69
3,Downtrend / Mid-Vol,2h,1870,0.00013233696785302783,0.0006530852109198904,0.006723406562830085,0.5475935828877005,69
0,Uptrend / Mid-Vol,4h,1912,0.0017801105257141138,0.0008692272710257853,0.009795598031843539,0.5444560669456067,69
1,Ranging / High-Vol,4h,174,0.005146918178045345,0.005316858297780946,0.010114977662011583,0.6781609195402298,69
2,Ranging / Low-Vol,4h,4924,-0.00012949324783735982,0.0002603384568482525,0.008232804728234348,0.5180747359870025,69
3,Downtrend / Mid-Vol,4h,1870,0.0009951162309409292,0.0015598532982474822,0.008710909830297342,0.5887700534759358,69
0,Ranging / Low-Vol,15m,2810,2.0481936340867704e-05,8.858993927773895e-06,0.0013205277839792742,0.504270462633452,70
1,Ranging / Mid-Vol,15m,1766,0.0001214535414067708,0.00013368020039372652,0.003959988217207937,0.5169875424688561,70
2,Ranging / High-Vol,15m,300,-0.0006233469909463866,-0.0001263996242872878,0.008616975522657817,0.4866666666666667,70
3,Ranging / Low-Vol,15m,4049,-1.7874990956321343e-05,-2.608159870653992e-05,0.0023661053998128537,0.49444307236354657,70
0,Ranging / Low-Vol,30m,2810,6.041875823184896e-05,3.734715463910021e-05,0.001909573190519259,0.5113879003558719,70
1,Ranging / Mid-Vol,30m,1766,0.00011368888113524158,9.48916128802324e-05,0.0060573191063934455,0.5101925254813137,70
2,Ranging / High-Vol,30m,300,-0.0006954237679432692,1.0748871798860193e-05,0.00934599953338874,0.5,70
3,Ranging / Low-Vol,30m,4046,-3.362200535741309e-05,-2.1327675796101175e-05,0.003239230929477624,0.49703410776075135,70
0,Ranging / Low-Vol,1h,2810,6.917803868189188e-05,1.90186213009369e-05,0.0027409586252321143,0.505338078291815,70
1,Ranging / Mid-Vol,1h,1765,0.00024609707141832413,0.00028538103753916744,0.008271104088370606,0.5184135977337111,70
2,Ranging / High-Vol,1h,300,-0.0009387381408321301,0.0006364992715592876,0.013542218320210206,0.5466666666666666,70
3,Ranging / Low-Vol,1h,4041,-7.284866698884454e-05,-3.6506499771604695e-05,0.004868581954176919,0.4971541697599604,70
0,Ranging / Low-Vol,2h,2810,5.807080603250802e-05,1.1266711649859928e-05,0.004211169709736548,0.501423487544484,70
1,Ranging / Mid-Vol,2h,1757,0.0003422418027482745,0.0006297838440367798,0.010453455124058597,0.5315879339783722,70
2,Ranging / High-Vol,2h,300,-0.0007942387944072078,-0.00038582760547267725,0.015335362858460213,0.48,70
3,Ranging / Low-Vol,2h,4037,-0.00011624207637264467,0.00011016681613185142,0.008289039203627235,0.5073074064899677,70
0,Ranging / Low-Vol,4h,2810,-0.0002704029010998466,-3.081729967924218e-05,0.006844484683880693,0.49644128113879005,70
1,Ranging / Mid-Vol,4h,1733,0.0008998064916066988,0.0011699588084876922,0.013706729353956575,0.5556837853433353,70
2,Ranging / High-Vol,4h,300,0.00041996126595154947,0.0020325070758788755,0.01451560273851673,0.6033333333333334,70
3,Ranging / Low-Vol,4h,4037,-0.00019029201123423078,-0.00016802417450811902,0.01239537580880995,0.4912063413425811,70
0,Ranging / High-Vol,15m,200,0.0009844509334194474,0.0008268317016080218,0.007060957893364904,0.565,71
1,Ranging / Low-Vol,15m,3576,3.3775292299202984e-05,-3.2827684748326647e-07,0.0013456110290498923,0.4988814317673378,71
2,Ranging / Mid-Vol,15m,1234,0.00012714979886491957,0.00017980769591030565,0.0038111291396597446,0.5332252836304701,71
3,Ranging / Low-Vol,15m,3339,0.00018424569817890378,9.37150317721347e-05,0.0021913135420257275,0.5181191973644804,71
0,Ranging / High-Vol,30m,200,0.0012652552566145214,0.001922715414307774,0.008866258902682951,0.61,71
1,Ranging / Low-Vol,30m,3576,7.546425319511859e-05,-5.146642356734787e-07,0.0020190197756606502,0.49916107382550334,71
2,Ranging / Mid-Vol,30m,1231,0.00020328414280504955,0.00016178972427027816,0.005415842502974319,0.5207148659626321,71
3,Ranging / Low-Vol,30m,3339,0.00042591970500723664,0.00018774868969373415,0.0032375850728812968,0.531895777178796,71
0,Ranging / High-Vol,1h,200,0.0004933556131259298,0.0007171342621523635,0.011138180002616311,0.52,71
1,Ranging / Low-Vol,1h,3576,0.00022905221413174507,3.1572701295168315e-05,0.0031430760973252033,0.5055928411633109,71
2,Ranging / Mid-Vol,1h,1225,0.0004476584605060733,0.00025599862752656577,0.0074797064957778875,0.5126530612244898,71
3,Ranging / Low-Vol,1h,3339,0.0008811455855858396,0.00046328951132856844,0.0047815482986166636,0.5516621743036837,71
0,Ranging / High-Vol,2h,200,0.0017000690485869452,0.0013990299527231187,0.012560902391028484,0.57,71
1,Ranging / Low-Vol,2h,3576,0.0006568139981807309,0.0001144263246919408,0.005416114701383221,0.5162192393736018,71
2,Ranging / Mid-Vol,2h,1213,0.0011466165387506244,0.0009147095626662605,0.00928402163223043,0.5564715581203628,71
3,Ranging / Low-Vol,2h,3339,0.0014391287124948006,0.0009300476799261048,0.00661082293693622,0.5720275531596286,71
0,Ranging / High-Vol,4h,194,0.00585733462187354,0.006212583126647964,0.01670330781317499,0.6958762886597938,71
1,Ranging / Low-Vol,4h,3576,0.0015614233044548835,0.00017273072134127432,0.008634202586918788,0.514821029082774,71
2,Ranging / Mid-Vol,4h,1195,0.002762010682827287,0.0024753500687122454,0.011274493986086653,0.6184100418410042,71
3,Ranging / Low-Vol,4h,3339,0.0023930037884002655,0.0013685024068141871,0.00893807996348335,0.5792153339323151,71
0,Ranging / High-Vol,15m,615,0.00029381145562918786,0.0006429380036152565,0.0073331349486595145,0.5430894308943089,72
1,Ranging / Low-Vol,15m,3644,0.0001424489263510589,9.194509484888869e-05,0.002392709508307682,0.5153677277716795,72
2,Ranging / Low-Vol,15m,1474,6.887060875039625e-05,4.3825055306534466e-05,0.0014220083694584816,0.5176390773405699,72
3,Ranging / Mid-Vol,15m,3192,-0.00010839796773727501,6.696723810151184e-06,0.004201584433612075,0.5015664160401002,72
0,Ranging / High-Vol,30m,615,0.00024201188555410879,0.00044312227349863065,0.009920898795772364,0.5252032520325203,72
1,Ranging / Low-Vol,30m,3642,0.00024151663470065336,0.00010465357903299832,0.003602988802146487,0.5170236133992312,72
2,Ranging / Low-Vol,30m,1474,0.00015885207149238484,9.775800981071114e-05,0.002089672710682659,0.5284938941655359,72
3,Ranging / Mid-Vol,30m,3191,-0.0001146046331094043,0.00012991743448509396,0.0057950932970424794,0.5108116577875275,72
0,Ranging / High-Vol,1h,615,0.00048316702817525,0.0022207674283531986,0.013298699193674293,0.5821138211382114,72
1,Ranging / Low-Vol,1h,3642,0.0003281919615908084,0.0002541142562586529,0.005374468319120494,0.528830313014827,72
2,Ranging / Low-Vol,1h,1468,0.000393960434880827,9.157260463332761e-05,0.0035676762565060474,0.5149863760217984,72
3,Ranging / Mid-Vol,1h,3191,-9.783874111818499e-05,0.00024409568916006208,0.00795507209818831,0.5167659041052961,72
0,Ranging / High-Vol,2h,615,0.0015898405168896124,0.003243801879913022,0.017508499687032372,0.6130081300813008,72
1,Ranging / Low-Vol,2h,3633,0.000532237092083022,0.0007066654392033911,0.0076934977527450925,0.5518854940820259,72
2,Ranging / Low-Vol,2h,1465,0.0007937917829438915,0.0005175090261246851,0.005001691368381294,0.5651877133105802,72
3,Ranging / Mid-Vol,2h,3191,-0.00017777514548116368,0.0003636733493905808,0.010983072779778166,0.5164525227201504,72
0,Ranging / High-Vol,4h,615,0.0037294351019009912,0.0055588838734479395,0.02350842716067177,0.6341463414634146,72
1,Ranging / Low-Vol,4h,3609,0.0007923024346766336,0.0011969898150958613,0.01166580048654398,0.5605430867276254,72
2,Ranging / Low-Vol,4h,1465,0.0013117686558467279,0.001177078725149272,0.007389772426347247,0.6027303754266211,72
3,Ranging / Mid-Vol,4h,3191,1.424940579970726e-05,0.0007981379184620607,0.015420789648527836,0.5230335318082106,72
0,Ranging / Low-Vol,15m,4076,-4.419005597859048e-05,1.2254025756774922e-05,0.0026180064079521447,0.5012266928361139,73
1,Ranging / Mid-Vol,15m,2507,-0.0001191196390320424,2.4725248652046616e-05,0.003799911869186506,0.5017949740725968,73
2,Ranging / High-Vol,15m,425,0.0002149928697612032,0.0004115121192285187,0.007267611036410579,0.5341176470588235,73
3,Ranging / Low-Vol,15m,1629,-5.32555717572689e-05,-3.801797665836659e-05,0.00173402260326691,0.48250460405156537,73
0,Ranging / Low-Vol,30m,4073,-0.00013150252191069752,-8.83398093272092e-05,0.004083357092164521,0.4903019887061134,73
1,Ranging / Mid-Vol,30m,2507,-0.00017655303683408692,2.5362514239901657e-06,0.005489204853374213,0.5009972078181093,73
2,Ranging / High-Vol,30m,425,0.0005967125972119024,0.0010446432264714645,0.008876710481921258,0.5623529411764706,73
3,Ranging / Low-Vol,30m,1629,-0.00013927701585637588,-0.00012402333616101657,0.002623029065755946,0.48066298342541436,73
0,Ranging / Low-Vol,1h,4070,-0.00039041834770418854,-0.000226214847990569,0.006036608210847311,0.4751842751842752,73
1,Ranging / Mid-Vol,1h,2504,-0.00018919639366897362,-6.331573254136913e-05,0.007739078713154897,0.4960063897763578,73
2,Ranging / High-Vol,1h,425,0.0013920825994026007,0.0011303273493759036,0.011970874367733864,0.5576470588235294,73
3,Ranging / Low-Vol,1h,1629,-0.0002725941310008226,-0.00013515033468003423,0.004033552139053084,0.476365868631062,73
0,Ranging / Low-Vol,2h,4065,-0.0008749866362648325,-0.00024012704397158302,0.008229332572267312,0.4787207872078721,73
1,Ranging / Mid-Vol,2h,2497,-0.00033094002161853395,1.0354518312993832e-05,0.01121848728884554,0.5010012014417301,73
2,Ranging / High-Vol,2h,425,0.0033925494923941813,0.0022015612668262463,0.01392738820500066,0.5976470588235294,73
3,Ranging / Low-Vol,2h,1629,-0.0005347179871473342,-0.0005036846067145717,0.005935526099950241,0.45426642111724985,73
0,Ranging / Low-Vol,4h,4065,-0.0020145452402240173,-0.0009355655094189785,0.012244885143752238,0.44157441574415746,73
1,Ranging / Mid-Vol,4h,2476,-0.0002618307850267045,-3.864755558247168e-06,0.01361893519635978,0.5,73
2,Ranging / High-Vol,4h,422,0.00482594997230634,0.0032386325360178603,0.017087236983617294,0.6137440758293838,73
3,Ranging / Low-Vol,4h,1629,-0.0005814945064554168,-0.00036177032535533726,0.0094601015580623,0.4794352363413137,73
0,Ranging / High-Vol,15m,306,0.0002103308102180423,0.0004578156246362042,0.005200775029020823,0.5294117647058824,74
1,Ranging / Low-Vol,15m,4535,4.152189318015503e-05,2.705855209050867e-05,0.0017059343371671526,0.5106945975744211,74
2,Uptrend / Mid-Vol,15m,2027,7.183818617052892e-05,-0.00010289572434984962,0.002791140493733593,0.48051307350764677,74
3,Downtrend / Mid-Vol,15m,2057,-3.739563714541923e-05,0.00010112412682516947,0.0028108961908257894,0.5182304326689353,74
0,Ranging / High-Vol,30m,306,0.0004925307067190915,0.0008724156285628837,0.006992344543612722,0.5849673202614379,74
1,Ranging / Low-Vol,30m,4533,7.353863752845013e-05,3.205330115285676e-05,0.0023927965022194665,0.5071696448268255,74
2,Uptrend / Mid-Vol,30m,2027,0.00011425404946831869,-0.00011227934166413434,0.004013089938140131,0.48297977306364087,74
3,Downtrend / Mid-Vol,30m,2056,-3.476154211632275e-05,0.0001448724057153683,0.0039977267204023975,0.5165369649805448,74
0,Ranging / High-Vol,1h,306,2.0396558431522025e-05,0.000714641191533083,0.008928090313402083,0.5490196078431373,74
1,Ranging / Low-Vol,1h,4532,0.00021664708802682535,0.0001138346943596602,0.003443047372981101,0.5156663724624889,74
2,Uptrend / Mid-Vol,1h,2027,0.00023834317852760567,-0.0002610215050093956,0.005887322670550058,0.47360631475086334,74
3,Downtrend / Mid-Vol,1h,2051,-7.746138933219799e-05,9.960466304193005e-05,0.005806775477768416,0.5090199902486592,74
0,Ranging / High-Vol,2h,306,-0.0003340859389521476,4.645514013734697e-05,0.009372149462799212,0.5065359477124183,74
1,Ranging / Low-Vol,2h,4520,0.00040836234497621204,0.000337481615081181,0.005056015915479184,0.5387168141592921,74
2,Uptrend / Mid-Vol,2h,2027,0.000506441629991994,-0.0001297481042463744,0.007834350834900201,0.4898865318204243,74
3,Downtrend / Mid-Vol,2h,2051,-2.9191679064794053e-05,0.0002784601704224343,0.009191326957922288,0.5202340321794247,74
0,Ranging / High-Vol,4h,306,0.002666670233887239,0.001441323180127796,0.011917102754476007,0.5620915032679739,74
1,Ranging / Low-Vol,4h,4504,0.0006311989502138502,0.0007940664371171025,0.00841342602924519,0.5652753108348135,74
2,Uptrend / Mid-Vol,4h,2019,0.0005367241380365624,0.0001280271322645632,0.011155125645951737,0.5076770678553739,74
3,Downtrend / Mid-Vol,4h,2051,0.00042232296804714026,0.0006451013524824134,0.010956370644221267,0.5392491467576792,74
0,Ranging / Low-Vol,15m,2771,-3.903142230846937e-05,-2.120210291778335e-05,0.002194022544282275,0.4918801876578852,75
1,Ranging / Low-Vol,15m,4778,2.442142842171394e-05,-1.5531307440141973e-07,0.0012560498507057693,0.49686061113436586,75
2,Ranging / Mid-Vol,15m,957,-0.00023262933367550507,-1.3016229068796292e-05,0.0033703420144655964,0.49738766980146293,75
3,Ranging / High-Vol,15m,131,-5.258241687137237e-05,0.0004889740831472977,0.004335788425094841,0.5725190839694656,75
0,Ranging / Low-Vol,30m,2771,-0.0001153665097336602,-6.170934898719338e-05,0.0029277799009734175,0.4926019487549621,75
1,Ranging / Low-Vol,30m,4778,8.809047201916446e-05,1.4914769968399355e-05,0.001898128712950678,0.5066973629133529,75
2,Ranging / Mid-Vol,30m,954,-0.0005728007202691124,-0.0003073502477208834,0.00483885988511047,0.4769392033542977,75
3,Ranging / High-Vol,30m,131,8.963405121010953e-05,0.0005962748689896102,0.0050585137781250554,0.5419847328244275,75
0,Ranging / Low-Vol,1h,2771,-0.0002780478843708143,-0.0001817286750469549,0.004088251715342813,0.4745579213280404,75
1,Ranging / Low-Vol,1h,4778,0.00016281357669463973,6.527100754816217e-05,0.0027827416513648263,0.5209292591042277,75
2,Ranging / Mid-Vol,1h,948,-0.0009881987894623035,-0.0006454893380887228,0.006280262049736485,0.43670886075949367,75
3,Ranging / High-Vol,1h,131,0.00046920841077175503,0.0009093337231611542,0.006140268791806288,0.549618320610687,75
0,Ranging / Low-Vol,2h,2768,-0.0005449597990791429,-0.0003364710539113247,0.006092254565629266,0.46604046242774566,75
1,Ranging / Low-Vol,2h,4776,0.0002048171776209861,8.70622499338225e-05,0.0038868945974615586,0.5182160804020101,75
2,Ranging / Mid-Vol,2h,944,-0.0015568378250705374,-0.0012068381122984917,0.0076845877493517565,0.4088983050847458,75
3,Ranging / High-Vol,2h,128,0.001629058555941823,0.000667105548413538,0.007520863482863527,0.5703125,75
0,Ranging / Low-Vol,4h,2753,-0.0013521421365299117,-0.0011800104915433707,0.008594318366919295,0.4239011986923356,75
1,Ranging / Low-Vol,4h,4767,0.00040077176674803547,0.00019582332666701063,0.005568628856445155,0.5355569540591567,75
2,Ranging / Mid-Vol,4h,944,-0.002396932497186286,-0.0014880968883943524,0.009648619210894216,0.4364406779661017,75
3,Ranging / High-Vol,4h,128,0.0014979865662421155,0.001808474372197999,0.008304746449125554,0.6171875,75
0,Ranging / High-Vol,15m,412,0.0001373372355063313,0.0001036562118956752,0.005190708123366144,0.5169902912621359,76
1,Ranging / Low-Vol,15m,3531,3.66711520297433e-05,1.4658479855711448e-05,0.001757345983580138,0.502690455961484,76
2,Downtrend / Mid-Vol,15m,2409,-9.810804167141078e-05,4.691689495217588e-05,0.0030909482797724665,0.506434205064342,76
3,Uptrend / Mid-Vol,15m,2573,5.611847580947236e-05,4.6655210228507826e-05,0.0028094881890987082,0.5071900505246794,76
0,Ranging / High-Vol,30m,412,0.0002639837337409795,0.00014410654807317513,0.006685816644337,0.5097087378640777,76
1,Ranging / Low-Vol,30m,3531,1.244620095208621e-05,3.7199240825458446e-06,0.002615870535247171,0.5007080147267063,76
2,Downtrend / Mid-Vol,30m,2406,-7.11698670619811e-05,0.00020633761332522482,0.0043532246373853166,0.5270157938487116,76
3,Uptrend / Mid-Vol,30m,2573,8.099122145380886e-05,-6.300898350630746e-06,0.003911531628151879,0.4982510687912942,76
0,Ranging / High-Vol,1h,412,-0.00035369206615993985,-0.000883220757534886,0.00831776107296779,0.4368932038834951,76
1,Ranging / Low-Vol,1h,3531,-6.621275426834767e-06,9.835820778292259e-06,0.003906864011815564,0.5007080147267063,76
2,Downtrend / Mid-Vol,1h,2400,4.533155018785336e-05,0.0006146601854117861,0.006403289992841444,0.55875,76
3,Uptrend / Mid-Vol,1h,2573,0.00016794308522368506,6.080017205256638e-05,0.005183372998402049,0.5079673532841041,76
0,Ranging / High-Vol,2h,412,-0.000990959898133692,-0.00033560962572209974,0.010981560538264944,0.4830097087378641,76
1,Ranging / Low-Vol,2h,3531,-0.00027183259573024303,9.781860640067919e-05,0.0059582378583271705,0.508637779665817,76
2,Downtrend / Mid-Vol,2h,2394,0.00033517788113178736,0.0009914770634722458,0.008348457065905212,0.5676691729323309,76
3,Uptrend / Mid-Vol,2h,2567,0.0004656638091173101,0.00039306851228460005,0.007715647304402432,0.5235683677444488,76
0,Ranging / High-Vol,4h,404,-0.0019462194303095145,-0.00030422458428081,0.01593259100639289,0.4876237623762376,76
1,Ranging / Low-Vol,4h,3531,-0.00029595203675734883,0.00038903253696354057,0.009079317785985377,0.5233644859813084,76
2,Downtrend / Mid-Vol,4h,2385,0.00035019367997181047,0.0011280315173731736,0.011649067708705335,0.5584905660377358,76
3,Uptrend / Mid-Vol,4h,2560,0.0008338564054690467,0.0007867343734977439,0.010803411689205511,0.536328125,76
0,Ranging / High-Vol,15m,1010,-2.29777657614123e-05,-4.008364885965676e-05,0.007503283718020013,0.498019801980198,77
1,Ranging / Low-Vol,15m,3336,-1.213783562021091e-05,4.9119668013020146e-06,0.0016551942874836034,0.5023980815347722,77
2,Downtrend / Mid-Vol,15m,2308,-0.00012519212625592248,7.276743308537448e-05,0.00339831598052447,0.5090987868284229,77
3,Uptrend / Mid-Vol,15m,2271,3.2666727303684884e-05,-5.006651163697029e-05,0.003143179824784413,0.4931748128577719,77
0,Ranging / High-Vol,30m,1010,0.00017931328316525877,0.00038285592957176817,0.010604863124105543,0.5306930693069307,77
1,Ranging / Low-Vol,30m,3333,-5.97909239208843e-05,-3.111334690863998e-05,0.002478931628062328,0.49354935493549357,77
2,Downtrend / Mid-Vol,30m,2308,-0.00031720209221566603,3.610793094477316e-05,0.004763811502707968,0.5051993067590987,77
3,Uptrend / Mid-Vol,30m,2271,8.672441039446696e-05,-1.2138783034743028e-05,0.0042679285629098835,0.49757815940114486,77
0,Ranging / High-Vol,1h,1010,0.0002554208491172892,-0.0005841598982252449,0.014262851656343408,0.47029702970297027,77
1,Ranging / Low-Vol,1h,3327,-0.00018045903682853366,7.200166316856382e-05,0.0037561906088256877,0.5127742711151188,77
2,Downtrend / Mid-Vol,1h,2308,-0.0004977236997799214,0.0002393745377560208,0.007257166372878667,0.5194974003466204,77
3,Uptrend / Mid-Vol,1h,2271,0.0001695122829618814,-9.397434836877494e-05,0.00648571225835695,0.48877146631439894,77
0,Ranging / High-Vol,2h,1010,0.0006532558502791438,6.22280912407902e-05,0.018651133671606968,0.501980198019802,77
1,Ranging / Low-Vol,2h,3315,-0.0004601768011298791,0.00017288624423983379,0.006297977004788706,0.5167420814479639,77
2,Downtrend / Mid-Vol,2h,2308,-0.000823651131746654,0.00014965931187393977,0.011020661033796616,0.512998266897747,77
3,Uptrend / Mid-Vol,2h,2271,0.0002700705832145411,-5.4347868838178215e-05,0.009772534456622024,0.496257155438133,77
0,Ranging / High-Vol,4h,1010,0.0025060400904470073,0.0008408480055761558,0.023327810630795982,0.5247524752475248,77
1,Ranging / Low-Vol,4h,3291,-0.001267217152722205,-7.19856637303451e-05,0.00939419312521889,0.4928593132786387,77
2,Downtrend / Mid-Vol,4h,2308,-0.0005900124130727649,0.0004694319649622969,0.015366555339999737,0.5207972270363952,77
3,Uptrend / Mid-Vol,4h,2271,-0.0004984940334457176,-0.00032167457116116793,0.015266899609931378,0.4852487890797006,77
0,Uptrend / Mid-Vol,15m,2060,8.629764132819197e-05,5.382762345718106e-05,0.002694240303551785,0.5111650485436893,78
1,Ranging / High-Vol,15m,291,4.240928329002206e-06,0.00023323515411810547,0.004437939508869897,0.5292096219931272,78
2,Downtrend / Mid-Vol,15m,1968,6.957286263786506e-05,0.00010273608531097267,0.002842290357884568,0.5238821138211383,78
3,Ranging / Low-Vol,15m,4318,-2.4666441458382186e-05,-3.601968695576829e-05,0.0015710829370722177,0.4879573876794812,78
0,Uptrend / Mid-Vol,30m,2060,1.930757918856433e-05,-0.0001286493705077163,0.0038907265687502177,0.48592233009708735,78
1,Ranging / High-Vol,30m,291,-0.00014330295581058377,0.00027377204482270656,0.006060070933541695,0.5154639175257731,78
2,Downtrend / Mid-Vol,30m,1965,0.0003645432718278638,0.00031837742517204504,0.0039005302319712488,0.5368956743002544,78
3,Ranging / Low-Vol,30m,4318,-7.038975604647078e-05,-7.128360501162945e-05,0.00231808291994597,0.48216767021769336,78
0,Uptrend / Mid-Vol,1h,2060,0.00016269056568788895,-0.00018521814758098998,0.00572015751823167,0.47766990291262135,78
1,Ranging / High-Vol,1h,291,-0.00044279572259450355,0.00010538208561960971,0.008270719158994157,0.5051546391752577,78
2,Downtrend / Mid-Vol,1h,1962,0.0006341962367318651,0.0004839091253865391,0.004932128452860834,0.5499490316004078,78
3,Ranging / Low-Vol,1h,4315,-0.00013762627347853687,-6.0710259846885606e-05,0.0033347717490758567,0.4929316338354577,78
0,Uptrend / Mid-Vol,2h,2060,0.000759294312941255,0.00019517038917182816,0.0077769365419487905,0.5106796116504855,78
1,Ranging / High-Vol,2h,291,-6.833815370214129e-05,-4.4257348909226835e-05,0.011001322070641167,0.4948453608247423,78
2,Downtrend / Mid-Vol,2h,1961,0.0007566467604840159,0.0007823422475006225,0.007047846270743085,0.5629780724120347,78
3,Ranging / Low-Vol,2h,4304,-0.00028866992576480826,-2.389292050697378e-05,0.004839095091693087,0.49674721189591076,78
0,Uptrend / Mid-Vol,4h,2049,0.0010925411150266564,0.00023016973305978183,0.009800917943779953,0.5124450951683748,78
1,Ranging / High-Vol,4h,291,-0.0004047464440716993,0.00045192188083120755,0.014864787511364863,0.5017182130584192,78
2,Downtrend / Mid-Vol,4h,1961,0.0016393842409373283,0.0013108942537591872,0.009357253727251474,0.5741968383477818,78
3,Ranging / Low-Vol,4h,4291,-0.0003537775743364856,-9.885518104191249e-05,0.007852750142017195,0.49056164064320673,78
0,Downtrend / Mid-Vol,15m,1663,-9.743360842863861e-05,3.436929480216122e-05,0.0028385957162030094,0.5039085989176187,79
1,Ranging / Low-Vol,15m,5211,2.920002315237102e-05,-1.60355085547792e-05,0.0014362199550688921,0.4920360775283055,79
2,Ranging / High-Vol,15m,204,0.0007565275235447993,0.0014414821419901358,0.00481673591641523,0.6176470588235294,79
3,Uptrend / Mid-Vol,15m,1847,9.361120848331943e-05,5.2472995429653224e-05,0.002584127593639487,0.5100162425554954,79
0,Downtrend / Mid-Vol,30m,1663,-0.0001119946814491483,0.0001290593869036627,0.003854681491883338,0.5135297654840649,79
1,Ranging / Low-Vol,30m,5208,7.321846045697337e-05,-6.690036088663476e-06,0.002146359540788192,0.49827188940092165,79
2,Ranging / High-Vol,30m,204,0.0010466051303421467,0.0016421713859395837,0.0068643633439576775,0.6274509803921569,79
3,Uptrend / Mid-Vol,30m,1847,0.00012902058658823578,7.888077490036949e-05,0.0035660520957795055,0.5100162425554954,79
0,Downtrend / Mid-Vol,1h,1663,9.648048031307304e-06,0.00023229595305096495,0.00497190647666945,0.5273601924233313,79
1,Ranging / Low-Vol,1h,5202,0.00016287550604082173,9.264155130672691e-05,0.0033129100251744043,0.5144175317185697,79
2,Ranging / High-Vol,1h,204,0.0013337918343626696,0.0018615186855637234,0.008802177292920786,0.5833333333333334,79
3,Uptrend / Mid-Vol,1h,1847,8.131682314009595e-05,6.462376217974963e-05,0.00470959019302444,0.5100162425554954,79
0,Downtrend / Mid-Vol,2h,1663,0.00036842703253604813,0.0007743857423463396,0.006902848882935029,0.550210463018641,79
1,Ranging / Low-Vol,2h,5194,0.0002489682681187274,0.00020514637888791043,0.004721289249792307,0.5286869464767039,79
2,Ranging / High-Vol,2h,204,0.0016523022815585682,0.0008839857393159178,0.008654888510624643,0.5392156862745098,79
3,Uptrend / Mid-Vol,2h,1843,0.00014745362898969139,0.0001666527793204864,0.006055809964427373,0.5105805751492133,79
0,Downtrend / Mid-Vol,4h,1650,0.0006086048960762358,0.0010134736522875443,0.00886144270901576,0.5563636363636364,79
1,Ranging / Low-Vol,4h,5194,0.0004193685893804627,0.00018922803246024245,0.006730198885088653,0.5188679245283019,79
2,Ranging / High-Vol,4h,204,0.0023759916296910346,0.0036836937602053865,0.009483662779010459,0.6127450980392157,79
3,Uptrend / Mid-Vol,4h,1832,0.0006866507555866522,0.0009088775497509971,0.00835571676770309,0.5627729257641921,79
0,Downtrend / Mid-Vol,15m,2217,-1.7103534008209944e-05,0.00013633917787103655,0.0031012392356132338,0.516914749661705,80
1,Ranging / High-Vol,15m,700,0.00042661221967229326,0.0003347135742988172,0.005592096081831098,0.5228571428571429,80
2,Uptrend / Mid-Vol,15m,2667,0.00022426878423692287,0.00010098356095866734,0.0030635717341593424,0.5136857892763405,80
3,Ranging / Low-Vol,15m,3053,2.793467728693043e-05,8.058682173128773e-06,0.001618111262932928,0.502129053390108,80
0,Downtrend / Mid-Vol,30m,2217,0.00014468733594242208,0.00035816303631186486,0.004618965459101924,0.543978349120433,80
1,Ranging / High-Vol,30m,700,0.0009833137078352218,0.0010802771579347947,0.00717997988693745,0.5428571428571428,80
2,Uptrend / Mid-Vol,30m,2667,0.0002502391344213906,4.084194922704398e-05,0.004337847537160581,0.5076865391826022,80
3,Ranging / Low-Vol,30m,3050,6.878369592765141e-05,4.2142297917990845e-05,0.002504452405416766,0.5085245901639345,80
0,Downtrend / Mid-Vol,1h,2217,0.00038814830767506923,0.000722079048129487,0.006343262950068524,0.5579612088407758,80
1,Ranging / High-Vol,1h,700,0.0017734246294574569,0.0016242503706074274,0.009561579384727015,0.5628571428571428,80
2,Uptrend / Mid-Vol,1h,2667,0.00044450417534207476,0.0003367020826594569,0.006048927429110065,0.5286839145106862,80
3,Ranging / Low-Vol,1h,3044,0.0001643335203574595,8.620911857626368e-05,0.00380621768541265,0.5131406044678055,80
0,Downtrend / Mid-Vol,2h,2214,0.000999215109289638,0.001151927978012779,0.00869909675403863,0.5627822944896116,80
1,Ranging / High-Vol,2h,700,0.003042876219579964,0.0030801945442799905,0.012166813453317145,0.6042857142857143,80
2,Uptrend / Mid-Vol,2h,2667,0.0009924751774555865,0.0010131322494117967,0.008920821594117175,0.557180352455943,80
3,Ranging / Low-Vol,2h,3035,0.00022246265763572416,1.0169946769167382e-05,0.005151232213196408,0.5011532125205931,80
0,Downtrend / Mid-Vol,4h,2214,0.002297604248614244,0.0017416700309142996,0.012223347150071102,0.5799457994579946,80
1,Ranging / High-Vol,4h,700,0.00464010165761715,0.003891001342579692,0.016819544426860226,0.61,80
2,Uptrend / Mid-Vol,4h,2667,0.0022367233252250465,0.0016650147610164368,0.012970455644414335,0.5714285714285714,80
3,Ranging / Low-Vol,4h,3011,0.0004543944532250148,-0.00019943259426113968,0.007525207087120546,0.48090335436731985,80
0,Downtrend / Mid-Vol,15m,2352,-0.0001797683700241814,1.4189201944070362e-05,0.0032380984211219494,0.502125850340136,81
1,Ranging / High-Vol,15m,661,0.00020784817131743475,0.00018980281624969564,0.005239275268154955,0.5143721633888049,81
2,Ranging / Low-Vol,15m,3481,2.7050297059812438e-05,1.4206875082578563e-05,0.0016739644408532103,0.5047400172364264,81
3,Uptrend / Mid-Vol,15m,2431,4.038584192782971e-05,-1.7953683126847864e-05,0.003059793460845199,0.49691484985602635,81
0,Downtrend / Mid-Vol,30m,2349,-0.0002652984265511403,6.780441301934559e-05,0.004640595615236787,0.5087271179225202,81
1,Ranging / High-Vol,30m,661,0.000543329399151004,0.00048319867386403814,0.006689470398671301,0.529500756429652,81
2,Ranging / Low-Vol,30m,3481,5.188376805740218e-05,6.210255472538506e-05,0.002448365717561156,0.5104854926745188,81
3,Uptrend / Mid-Vol,30m,2431,-4.3833480718903715e-05,-0.0001567845461156736,0.004437779584641567,0.4858083093377211,81
0,Downtrend / Mid-Vol,1h,2347,-0.0003297398750052102,0.0003764793549212442,0.006420149516501055,0.5257775884107371,81
1,Ranging / High-Vol,1h,661,0.0009958438661461877,0.0010481659149235156,0.00872423216691455,0.556732223903177,81
2,Ranging / Low-Vol,1h,3477,0.00010585539760751803,0.00016025355798987562,0.003583813720438062,0.5231521426517113,81
3,Uptrend / Mid-Vol,1h,2431,-0.0002548182981036789,-0.00042749942730502255,0.0065650532459131565,0.4566022213081037,81
0,Downtrend / Mid-Vol,2h,2345,-8.787290360016347e-05,0.0003089155751858641,0.00859559090926147,0.5172707889125799,81
1,Ranging / High-Vol,2h,661,0.0004747509273801386,0.0009342668507095198,0.011950832013115396,0.5370650529500757,81
2,Ranging / Low-Vol,2h,3467,0.00020089309976905898,0.00044461120593197734,0.005543708048025752,0.5465820594173637,81
3,Uptrend / Mid-Vol,2h,2431,-0.0006178689203892772,-0.0005055360487435934,0.009316649077990513,0.4574249280131633,81
0,Downtrend / Mid-Vol,4h,2329,0.00036676519169024085,0.0008185760578154344,0.012072868779319295,0.5375697724345213,81
1,Ranging / High-Vol,4h,661,-0.00012664951649765413,-0.00034949672466133563,0.014967255598748742,0.4886535552193646,81
2,Ranging / Low-Vol,4h,3464,0.0005692504860563896,0.0006774228289083695,0.008714580476846286,0.5617782909930716,81
3,Uptrend / Mid-Vol,4h,2426,-0.0016545367299497225,-0.0011273719056319464,0.012666909731384369,0.43981863149216816,81
0,Ranging / High-Vol,15m,638,0.0003160178738168094,0.0006311984941307358,0.006564863213050834,0.5532915360501567,82
1,Downtrend / Mid-Vol,15m,2061,-7.472802830889229e-05,5.544991277162126e-05,0.003000663160531662,0.50509461426492,82
2,Ranging / Low-Vol,15m,3946,3.6697658256820276e-06,-4.9058251962996735e-05,0.0016830879072695128,0.4837810440952864,82
3,Uptrend / Mid-Vol,15m,2280,9.037216523897724e-05,-1.873178115374685e-05,0.003163398218272528,0.4969298245614035,82
0,Ranging / High-Vol,30m,638,0.00030933022376726006,0.000945356820755805,0.008428086928491084,0.5532915360501567,82
1,Downtrend / Mid-Vol,30m,2061,-6.068182581381458e-05,0.00018521624049050445,0.004231277383088063,0.5206210577389617,82
2,Ranging / Low-Vol,30m,3943,-1.0877761843883116e-05,-4.407915760573644e-05,0.002446641158287327,0.48972863302054276,82
3,Uptrend / Mid-Vol,30m,2280,0.00021801668141750897,-2.7928548210098825e-05,0.004722693689886834,0.49736842105263157,82
0,Ranging / High-Vol,1h,638,0.0006417649474559013,0.0005935055886086005,0.009957364570776657,0.5344827586206896,82
1,Downtrend / Mid-Vol,1h,2058,0.00015480437781298,0.00042049241303399043,0.006099195185137769,0.5364431486880467,82
2,Ranging / Low-Vol,1h,3940,-4.707875923007667e-05,-2.3197576299871514e-05,0.00341005064142612,0.4954314720812183,82
3,Uptrend / Mid-Vol,1h,2280,0.00021067673752765112,-0.0002252168297012247,0.006862163454363482,0.48157894736842105,82
0,Ranging / High-Vol,2h,638,0.0004325500637379223,0.0015300346184483615,0.01160596467230401,0.5532915360501567,82
1,Downtrend / Mid-Vol,2h,2056,9.781421381160591e-05,0.00038448117809419813,0.008627505545406224,0.5286964980544747,82
2,Ranging / Low-Vol,2h,3940,1.54857818187125e-05,4.243501152778606e-05,0.005052297784164516,0.5053299492385787,82
3,Uptrend / Mid-Vol,2h,2270,0.0006620899225213259,-1.0259559700465104e-05,0.009461246377424987,0.49911894273127755,82
0,Ranging / High-Vol,4h,638,-0.00010047498023995121,0.00033756602523560275,0.013251998274041901,0.5172413793103449,82
1,Downtrend / Mid-Vol,4h,2037,0.0005670320731706529,0.0006104050931643457,0.01268831968372887,0.5282277859597447,82
2,Ranging / Low-Vol,4h,3940,2.5819152697834376e-05,0.00013783241717213457,0.007833362973570533,0.5093908629441625,82
3,Uptrend / Mid-Vol,4h,2265,0.001246016545933935,0.0004928412795504045,0.013809108217621274,0.5293598233995584,82
0,Ranging / Low-Vol,15m,3940,5.11245164131877e-05,2.152176116698712e-05,0.0013651923607462114,0.5076142131979695,83
1,Uptrend / Mid-Vol,15m,1658,-0.00012743406515607647,-2.977421600558472e-05,0.0030683755333261943,0.4939686369119421,83
2,Downtrend / Mid-Vol,15m,1838,-0.00026336775848069863,-9.960687612053931e-05,0.0032050860922387286,0.48313384113166485,83
3,Ranging / High-Vol,15m,625,-0.00013744580691541443,-0.00025821341457721303,0.006000142488697871,0.4784,83
0,Ranging / Low-Vol,30m,3938,4.2976041012617066e-05,5.0075968387908176e-05,0.0019190132919026765,0.5132046724225495,83
1,Uptrend / Mid-Vol,30m,1657,-0.00014759729513223594,-3.907305753436674e-05,0.004113893478375036,0.49366324683162344,83
2,Downtrend / Mid-Vol,30m,1838,-0.0005585614640195566,-0.00026354034816922223,0.004753669322955464,0.4630032644178455,83
3,Ranging / High-Vol,30m,625,-9.70774881220649e-05,-0.00012546471757524102,0.008004446750654289,0.4912,83
0,Ranging / Low-Vol,1h,3936,-4.0275696399077256e-05,2.0228634021179914e-05,0.0028144606302519847,0.5053353658536586,83
1,Uptrend / Mid-Vol,1h,1657,0.00013736267322594236,0.00012602859772670172,0.0054163992682556466,0.515992757996379,83
2,Downtrend / Mid-Vol,1h,1834,-0.001108254522796439,-0.0005644595170837263,0.00697802512422394,0.4547437295528899,83
3,Ranging / High-Vol,1h,625,-0.0006145780068881635,-0.0003294888245282124,0.010141767676200519,0.4864,83
0,Ranging / Low-Vol,2h,3936,-0.0002911600525605317,-4.847074276881358e-05,0.00409568225487049,0.4921239837398374,83
1,Uptrend / Mid-Vol,2h,1653,-0.0005139075278263039,6.252625452063398e-06,0.009093954096045131,0.500302480338778,83
2,Downtrend / Mid-Vol,2h,1826,-0.0011593843723933983,0.00011626114869756066,0.010162669009782278,0.5049288061336255,83
3,Ranging / High-Vol,2h,625,-0.0009851112022257382,-0.0006674314200534326,0.012142843675888373,0.4832,83
0,Ranging / Low-Vol,4h,3936,-0.000740127023814766,-0.0002905214112933763,0.005868566523330194,0.4659552845528455,83
1,Uptrend / Mid-Vol,4h,1636,-0.001529024802034837,-0.00016886357050172052,0.013666557013958764,0.49266503667481665,83
2,Downtrend / Mid-Vol,4h,1823,-0.0019511934581588545,-0.00024725314400342313,0.013896907302729631,0.48930334613274823,83
3,Ranging / High-Vol,4h,621,-0.0007716997458640938,0.00040306914501009317,0.017303611862161908,0.5040257648953301,83
0,Ranging / Low-Vol,15m,3548,-2.7214445966404424e-05,0.0,0.0015963521201927367,0.4991544532130778,84
1,Downtrend / Mid-Vol,15m,2232,-0.00021378037309421755,-3.936872726395535e-05,0.0035985485092367986,0.49507168458781364,84
2,Ranging / High-Vol,15m,824,0.00020275459717158213,0.00012554522234253795,0.0063968782352156525,0.5133495145631068,84
3,Uptrend / Mid-Vol,15m,2321,0.00014572836533332804,5.110610963932061e-05,0.0028507846548915254,0.5071090047393365,84
0,Ranging / Low-Vol,30m,3545,-6.372225303812277e-05,-2.912097274254677e-05,0.0023475203257953964,0.49393511988716504,84
1,Downtrend / Mid-Vol,30m,2232,-0.0003385207506070855,-4.649094219200123e-05,0.005366439592582955,0.49193548387096775,84
2,Ranging / High-Vol,30m,824,0.0005786495819013536,0.0002397840665624429,0.00887479877916536,0.5133495145631068,84
3,Uptrend / Mid-Vol,30m,2321,0.00015823955575742688,0.00011390716309733762,0.003926844086646956,0.5170185264971995,84
0,Ranging / Low-Vol,1h,3539,-0.00011057225264085675,-2.3844219985136306e-06,0.003266661128252691,0.49872845436564,84
1,Downtrend / Mid-Vol,1h,2232,-0.0003954078927082798,-7.797778353513252e-05,0.007617494559455349,0.49372759856630827,84
2,Ranging / High-Vol,1h,824,0.0017363157102149942,0.001236177780983283,0.011755678267110183,0.5570388349514563,84
3,Uptrend / Mid-Vol,1h,2321,-0.00017485928085728657,0.00015311727726441404,0.0062715063749261765,0.5161568289530375,84
0,Ranging / Low-Vol,2h,3533,-5.4989760341879876e-05,3.558341077791738e-06,0.004723722885271656,0.5004245683555052,84
1,Downtrend / Mid-Vol,2h,2226,-0.00014959368555924436,0.00023725320356771107,0.010262500811521223,0.5152740341419587,84
2,Ranging / High-Vol,2h,824,0.002542522600517977,0.001517969259281493,0.016571437058013887,0.5716019417475728,84
3,Uptrend / Mid-Vol,2h,2321,-0.0008955618541408603,0.00040539440450615416,0.009435566959637346,0.5252046531667385,84
0,Ranging / Low-Vol,4h,3528,-0.0001116392182912694,-0.00016619372924786546,0.0080273000805254,0.49263038548752835,84
1,Downtrend / Mid-Vol,4h,2212,0.00026676688689349613,0.00019470179750058492,0.014532195898432524,0.5113019891500904,84
2,Ranging / High-Vol,4h,824,0.002407709346585337,0.002228650673102628,0.022741357788366667,0.537621359223301,84
3,Uptrend / Mid-Vol,4h,2316,-0.0014709316463479244,-1.6913469464974185e-05,0.012436696304339256,0.4995682210708117,84
0,Downtrend / Mid-Vol,15m,1784,-7.905955118492198e-05,-1.5081755286416865e-05,0.002881805310574122,0.4960762331838565,85
1,Uptrend / Mid-Vol,15m,1981,0.00020712835419648882,8.074457611328967e-05,0.002980115448059844,0.513881877839475,85
2,Ranging / Low-Vol,15m,4288,1.1992415411858368e-05,-4.009798485249405e-06,0.0014737136685779965,0.49836753731343286,85
3,Ranging / High-Vol,15m,584,0.00012710854702989457,0.0002147425486525023,0.006156294631167537,0.5222602739726028,85
0,Downtrend / Mid-Vol,30m,1784,5.8073519368319196e-05,0.0001452544420441626,0.0042494594241239084,0.5207399103139013,85
1,Uptrend / Mid-Vol,30m,1981,0.00026511300064936894,0.00016341072302417103,0.004237236019174746,0.5224634023220596,85
2,Ranging / Low-Vol,30m,4285,1.0902307729293641e-05,3.188537771592337e-07,0.002196702820489686,0.5005834305717619,85
3,Ranging / High-Vol,30m,584,0.00019665396300947373,-0.0001703527756617973,0.008004140356721989,0.4828767123287671,85
0,Downtrend / Mid-Vol,1h,1782,0.0002158474980026422,0.00039227088643745134,0.005793405754126106,0.5437710437710438,85
1,Uptrend / Mid-Vol,1h,1981,0.00043890314055527313,0.0003616822250034346,0.006662951636456482,0.5325593134780414,85
2,Ranging / Low-Vol,1h,4281,3.762056445841591e-05,-4.810590824178007e-05,0.003197708909366732,0.4921747255314179,85
3,Ranging / High-Vol,1h,584,0.00027034676242686565,7.589439402799769e-05,0.009714797627606549,0.5017123287671232,85
0,Downtrend / Mid-Vol,2h,1776,0.00029182523129319814,0.00048327736988529324,0.008817442182741875,0.5315315315315315,85
1,Uptrend / Mid-Vol,2h,1981,0.0003491757772876606,2.9272298501581417e-05,0.009403268150556709,0.502776375567895,85
2,Ranging / Low-Vol,2h,4275,0.00019650497656731246,1.0852874293476589e-05,0.0049619465668174515,0.5015204678362573,85
3,Ranging / High-Vol,2h,584,0.001914835494688078,0.0025594946616802616,0.011782713735540268,0.5924657534246576,85
0,Downtrend / Mid-Vol,4h,1776,0.0002922842798877561,0.0010013746215022934,0.012307671493061702,0.553490990990991,85
1,Uptrend / Mid-Vol,4h,1970,-4.850953823262966e-06,0.00047132170320640654,0.012214323430178661,0.5172588832487309,85
2,Ranging / Low-Vol,4h,4262,0.0006691817802678681,0.0002905878581733745,0.0077740511362996995,0.5302674800563116,85
3,Ranging / High-Vol,4h,584,0.005025399891162269,0.005106906689950286,0.016812488450976784,0.6592465753424658,85
0,Uptrend / Mid-Vol,15m,1814,0.00024633232832955754,0.00015431318786962578,0.0023268302723147383,0.5303197353914002,86
1,Ranging / High-Vol,15m,104,-0.00029691328171417455,-0.0001945155972613577,0.004417561224134401,0.4807692307692308,86
2,Ranging / Low-Vol,15m,5374,-1.1291646502053776e-05,-1.5525100924840274e-05,0.0014920089456140232,0.49367324153330855,86
3,Downtrend / Mid-Vol,15m,1633,-2.6185567351609077e-05,9.163978826798314e-05,0.0024191059900596527,0.511328842620943,86
0,Uptrend / Mid-Vol,30m,1814,0.0003808677864269131,0.00033317232349894255,0.0033214395280829387,0.551819184123484,86
1,Ranging / High-Vol,30m,104,-0.00042107656445865814,-0.00015956061090083296,0.0054788071498866,0.47115384615384615,86
2,Ranging / Low-Vol,30m,5371,-1.9034394591489364e-05,-4.949621541072702e-06,0.002131580556928121,0.49804505678644573,86
3,Downtrend / Mid-Vol,30m,1633,4.9821837972197284e-05,0.0002547875035805447,0.003303293330716818,0.5333741579914268,86
0,Uptrend / Mid-Vol,1h,1814,0.00038619197105581885,0.00035234073896894813,0.0047809984856262994,0.545755237045204,86
1,Ranging / High-Vol,1h,104,0.0008612987802926614,0.0016155539917130923,0.006474578957418064,0.5865384615384616,86
2,Ranging / Low-Vol,1h,5365,-1.7009171217988544e-05,-1.8266323083437896e-05,0.003180521719235956,0.496551724137931,86
3,Downtrend / Mid-Vol,1h,1633,0.0003379717838286665,0.00035005150490086123,0.004305197651176336,0.5388854868340478,86
0,Uptrend / Mid-Vol,2h,1814,0.0004293890663530106,0.00045166837284771333,0.006434009187760692,0.5424476295479603,86
1,Ranging / High-Vol,2h,104,0.0034301358192967593,0.002825879239714446,0.008464755528649892,0.625,86
2,Ranging / Low-Vol,2h,5353,-2.3825557575093745e-05,-0.00014308001631313516,0.004751097758907956,0.48197272557444426,86
3,Downtrend / Mid-Vol,2h,1633,0.0008963728214117528,0.0009495866515791818,0.005588349243882317,0.5737905695039804,86
0,Uptrend / Mid-Vol,4h,1814,0.000618559987308316,0.00043121159013814747,0.007714863926743789,0.5308710033076075,86
1,Ranging / High-Vol,4h,104,0.002099199706014038,0.0022624095252421483,0.011507671984395779,0.5865384615384616,86
2,Ranging / Low-Vol,4h,5329,0.00027699214330233787,-0.0002150341336086825,0.0067456705753903235,0.48545693375867893,86
3,Downtrend / Mid-Vol,4h,1633,0.0012523029101874732,0.0013454940568298213,0.007703602887961901,0.5780771586037967,86
0,Uptrend / Mid-Vol,15m,1275,0.00010449958513941273,7.553379190738951e-05,0.0022034680385411586,0.5145098039215686,87
1,Ranging / Low-Vol,15m,6062,1.1895642042766114e-05,-1.3762690073804151e-05,0.0012984391686985735,0.4947212141207522,87
2,Downtrend / Mid-Vol,15m,1209,-8.717301790611684e-05,-5.180775293034401e-05,0.00261795982812735,0.48717948717948717,87
3,Ranging / High-Vol,15m,91,-0.0002829263696181489,-0.00011013124982461875,0.0042075400669410274,0.4945054945054945,87
0,Uptrend / Mid-Vol,30m,1275,-3.054573071140379e-05,-0.00021445814094533944,0.0029928495552699053,0.46980392156862744,87
1,Ranging / Low-Vol,30m,6059,3.216679357191694e-05,2.8042255115323655e-05,0.0018898598429871035,0.5065192275953128,87
2,Downtrend / Mid-Vol,30m,1209,1.3021260271784752e-05,-4.0780270166962396e-05,0.0038100034126569153,0.49379652605459057,87
3,Ranging / High-Vol,30m,91,-0.00023677184472978378,0.0005853297413302982,0.005277719605875854,0.5274725274725275,87
0,Uptrend / Mid-Vol,1h,1275,-4.4588328072104647e-05,0.00012691961766542192,0.004219762807229385,0.52,87
1,Ranging / Low-Vol,1h,6053,6.011114044099337e-05,2.523293091272194e-05,0.002658662616987536,0.5068561044110359,87
2,Downtrend / Mid-Vol,1h,1209,7.976231519608768e-05,3.735482699873671e-05,0.005201782459036335,0.5028949545078577,87
3,Ranging / High-Vol,1h,91,-0.0010875213447534501,-0.000588264026507801,0.007272119503107736,0.46153846153846156,87
0,Uptrend / Mid-Vol,2h,1275,4.053400246260624e-05,0.0003055621972904987,0.0056522596184074275,0.5254901960784314,87
1,Ranging / Low-Vol,2h,6041,0.00011781815760103445,0.00011013611488941422,0.004130674246496606,0.5143188213871875,87
2,Downtrend / Mid-Vol,2h,1209,2.1180394233921147e-05,0.0002280497951652194,0.007004789022725632,0.5194375516956162,87
3,Ranging / High-Vol,2h,91,-0.0016680887045575435,-0.0022481754332179804,0.008618172681040618,0.3956043956043956,87
0,Uptrend / Mid-Vol,4h,1273,0.000542734570756973,0.0006079786822699162,0.007594297825611561,0.5412411626080126,87
1,Ranging / Low-Vol,4h,6021,0.00011240817388850746,7.935199183783936e-05,0.006171885922151009,0.5080551403421358,87
2,Downtrend / Mid-Vol,4h,1207,-8.126930688431695e-05,0.0013750548332591706,0.009678232778612158,0.5816072908036454,87
3,Ranging / High-Vol,4h,91,0.0012529002930888426,-0.0014161498417806229,0.009672830179969978,0.45054945054945056,87
0,Uptrend / Mid-Vol,15m,1307,0.00010741011303556586,8.053437831634369e-05,0.0022501492772855577,0.5195103289977047,88
1,Downtrend / Mid-Vol,15m,1375,-9.071936604996722e-06,1.5433330695202585e-05,0.002249023304577258,0.5025454545454545,88
2,Ranging / Low-Vol,15m,6192,1.785592295015186e-05,-1.2480012445692523e-05,0.0013276446554450676,0.49208656330749356,88
3,Ranging / High-Vol,15m,51,-0.00020116910696139722,-0.00015859939436779769,0.002661647638280844,0.47058823529411764,88
0,Uptrend / Mid-Vol,30m,1307,7.372162002288774e-05,8.702620780631776e-05,0.003002727053068136,0.5172149961744453,88
1,Downtrend / Mid-Vol,30m,1372,9.769531977790776e-05,0.0001686753404781527,0.0031162503147648445,0.5240524781341108,88
2,Ranging / Low-Vol,30m,6192,4.0452919288943313e-05,3.129183332806207e-05,0.0019373309696200062,0.5114664082687338,88
3,Ranging / High-Vol,30m,51,-0.00044278645296886725,-0.0003596990562702018,0.003104563926378101,0.47058823529411764,88
0,Uptrend / Mid-Vol,1h,1307,0.00012172386320736812,0.00010448077393832023,0.003997487335798401,0.5118592195868401,88
1,Downtrend / Mid-Vol,1h,1368,8.960057719468998e-05,0.0001954674075665963,0.004160674958412531,0.5219298245614035,88
2,Ranging / Low-Vol,1h,6190,0.00010745681625016515,3.498176319105539e-05,0.002808825390921167,0.507108239095315,88
3,Ranging / High-Vol,1h,51,-0.00021785812583971444,-0.0008625818769427696,0.0046329987264247165,0.39215686274509803,88
0,Uptrend / Mid-Vol,2h,1307,0.00012315713475570517,0.00013972615986013182,0.005331964023272146,0.5087987758224942,88
1,Downtrend / Mid-Vol,2h,1356,0.0004506302087841963,0.0007708366678640388,0.0055437302083411345,0.5582595870206489,88
2,Ranging / Low-Vol,2h,6190,0.00018131959715009458,4.088014522185546e-05,0.004030685800010332,0.502907915993538,88
3,Ranging / High-Vol,2h,51,-0.00025482827938837297,-0.002287906615739743,0.00628816038250937,0.35294117647058826,88
0,Uptrend / Mid-Vol,4h,1307,0.0013117088719639437,0.0006443035129191088,0.0073289484185118684,0.5424636572302984,88
1,Downtrend / Mid-Vol,4h,1340,0.0007808751325541165,0.001120426617752024,0.007018733864540762,0.573134328358209,88
2,Ranging / Low-Vol,4h,6182,0.000165035035616836,8.484727846447271e-05,0.0057233637266616835,0.5101908767389195,88
3,Ranging / High-Vol,4h,51,0.002452180301104699,0.0021264419027602344,0.006055733864965497,0.5490196078431373,88
0,Ranging / High-Vol,15m,107,0.0004543341312458617,0.0008001520430109821,0.003730427153974687,0.5981308411214953,89
1,Downtrend / Mid-Vol,15m,1308,-9.462636871347137e-05,-9.206859024679659e-05,0.0023664501200614608,0.48241590214067276,89
2,Ranging / Low-Vol,15m,6311,-2.938546541651619e-05,-4.169357926819828e-05,0.0013072733861373526,0.4797971795278086,89
3,Uptrend / Mid-Vol,15m,1199,5.316115474215165e-05,-2.1201246731550327e-06,0.0023108203641576124,0.4987489574645538,89
0,Ranging / High-Vol,30m,107,0.000901013931969905,0.000944713385200302,0.004881712437180193,0.5420560747663551,89
1,Downtrend / Mid-Vol,30m,1305,-6.042017729873566e-05,3.8893008852625144e-05,0.00317881938033947,0.5080459770114942,89
2,Ranging / Low-Vol,30m,6311,-7.326663234270642e-05,-7.31135679252759e-05,0.0019189629541624274,0.48122326097290447,89
3,Uptrend / Mid-Vol,30m,1199,3.6297372792584754e-05,3.250968450885239e-05,0.003307486542152227,0.5087572977481234,89
0,Ranging / High-Vol,1h,107,0.0014805279359380238,0.0012186261641424778,0.006181218806580677,0.6074766355140186,89
1,Downtrend / Mid-Vol,1h,1299,-0.00013834803263249666,3.779854042385011e-05,0.004209405115911834,0.5057736720554272,89
2,Ranging / Low-Vol,1h,6311,-0.00010593098656056702,-9.54398732400108e-05,0.002791490068760194,0.4809063539851054,89
3,Uptrend / Mid-Vol,1h,1199,-6.428196004987586e-05,-7.329859892024615e-05,0.004834304131424371,0.4920767306088407,89
0,Ranging / High-Vol,2h,107,0.001776049326884994,0.0012318914283806492,0.005114524970333093,0.6074766355140186,89
1,Downtrend / Mid-Vol,2h,1299,-0.00019772771849074653,0.0003980687745794853,0.005901361342045074,0.5327174749807544,89
2,Ranging / Low-Vol,2h,6299,-0.0001902729175993461,-0.00013903129964454308,0.0041174917105147694,0.4780123829179235,89
3,Uptrend / Mid-Vol,2h,1199,-0.00013341417820680364,-0.0001605265273525447,0.006537234047972915,0.48874061718098416,89
0,Ranging / High-Vol,4h,107,0.0007615315705147389,-0.00046330039383590815,0.007390772508066942,0.4672897196261682,89
1,Downtrend / Mid-Vol,4h,1299,-0.00037460045713140516,-0.00030082358391858577,0.007778104010201853,0.48267898383371827,89
2,Ranging / Low-Vol,4h,6275,-0.000393243683431851,-0.00020298869740109637,0.0063257245685605585,0.48127490039840637,89
3,Uptrend / Mid-Vol,4h,1199,5.247997856157304e-06,8.538568647331601e-05,0.008351083486781027,0.5087572977481234,89
0,Uptrend / Mid-Vol,15m,924,0.00021938084533052937,0.00014828687750778613,0.001982058572122182,0.5324675324675324,90
1,Ranging / Low-Vol,15m,6808,9.234753234160923e-06,7.501559329270435e-07,0.0011759211370522661,0.500587544065805,90
2,Downtrend / Mid-Vol,15m,866,-0.00013449730845077344,2.007188541952587e-05,0.002156938621776041,0.5023094688221709,90
3,Ranging / High-Vol,15m,39,0.00033217603639939944,8.33288282233724e-05,0.0032857918671949796,0.5128205128205128,90
0,Uptrend / Mid-Vol,30m,924,0.0002665455448361249,0.0002709142987704638,0.0029073582826000923,0.5487012987012987,90
1,Ranging / Low-Vol,30m,6805,1.7338827954088328e-05,-7.852048417689161e-06,0.0016479824013287657,0.49566495224099927,90
2,Downtrend / Mid-Vol,30m,866,-9.332740989500861e-05,1.307000171557604e-05,0.0030176474253392543,0.5011547344110855,90
3,Ranging / High-Vol,30m,39,0.001104643229866726,0.0016150349191139668,0.0036433070147084638,0.6410256410256411,90
0,Uptrend / Mid-Vol,1h,924,0.000249387999222556,0.00027801515204295413,0.004224048926970487,0.5357142857142857,90
1,Ranging / Low-Vol,1h,6799,5.9012144728240504e-05,2.904495469024937e-06,0.0023895671552171837,0.5006618620385351,90
2,Downtrend / Mid-Vol,1h,866,-7.76772344035324e-05,-5.273815676609672e-06,0.004062480670485475,0.5,90
3,Ranging / High-Vol,1h,39,0.0019560797215389834,0.0013270562447740275,0.004419864321712791,0.6666666666666666,90
0,Uptrend / Mid-Vol,2h,924,-0.00041360773841796515,-0.00030137010344866155,0.005950900408053612,0.474025974025974,90
1,Ranging / Low-Vol,2h,6795,0.00015102396100087482,6.590946227724714e-05,0.0035804054752765916,0.5102281089036056,90
2,Downtrend / Mid-Vol,2h,858,0.0007194770476524903,0.00046455694757963073,0.00519485130287506,0.5396270396270396,90
3,Ranging / High-Vol,2h,39,0.0003435813443139579,-0.00046358043835859064,0.0039227441501500275,0.4358974358974359,90
0,Uptrend / Mid-Vol,4h,908,-0.0005440993900167749,-0.00038665760896527956,0.006991623619102316,0.46916299559471364,90
1,Ranging / Low-Vol,4h,6795,0.00029280996111033026,7.152211531114006e-05,0.005160821427102795,0.5119941133186167,90
2,Downtrend / Mid-Vol,4h,850,0.0014163115935548272,0.0017325491553048522,0.006080282708391008,0.6247058823529412,90
3,Ranging / High-Vol,4h,39,0.0008717417216202578,0.0014379915344626681,0.00433136800798874,0.5641025641025641,90
0,Downtrend / Mid-Vol,15m,2084,-0.00016122162848053242,-9.554997396321596e-05,0.002777669521751719,0.4836852207293666,91
1,Uptrend / Mid-Vol,15m,2068,0.00016175643701658626,5.2230573333922337e-05,0.0025872702788945364,0.5135396518375241,91
2,Ranging / Low-Vol,15m,4432,-1.7391150394253183e-05,-2.5792525223167218e-05,0.0015121445894897495,0.4891696750902527,91
3,Ranging / High-Vol,15m,341,-0.0001299844353003281,-3.0885447968032054e-05,0.0091432018134076,0.49560117302052786,91
0,Downtrend / Mid-Vol,30m,2084,-0.0002925930512020039,-0.00013940842167858847,0.004640626244624225,0.4812859884836852,91
1,Uptrend / Mid-Vol,30m,2068,0.00016197405528686325,0.0001479582319090511,0.003550522317655009,0.5174081237911026,91
2,Ranging / Low-Vol,30m,4429,-1.6507489895687192e-06,-1.6568848515419177e-05,0.002189263220338666,0.49830661548882366,91
3,Ranging / High-Vol,30m,341,0.00011593576233708778,-0.00010234267830178112,0.009826893503385977,0.4868035190615836,91
0,Downtrend / Mid-Vol,1h,2084,-0.0003978701605359558,3.296970989552506e-05,0.0054967575173986444,0.5019193857965452,91
1,Uptrend / Mid-Vol,1h,2068,3.553783196444603e-05,0.0002464219791580291,0.006200549051251847,0.5270793036750484,91
2,Ranging / Low-Vol,1h,4423,2.285104762159094e-05,5.297641953561083e-06,0.003283712854969509,0.5010174089984174,91
3,Ranging / High-Vol,1h,341,0.0004941902325282834,-0.0003697468417431793,0.01003284924841792,0.46920821114369504,91
0,Downtrend / Mid-Vol,2h,2084,-0.000726281673237859,0.00040290294978628793,0.008825286296509973,0.5230326295585412,91
1,Uptrend / Mid-Vol,2h,2068,-0.00015398495602239105,0.0001573893252446723,0.006821599532047921,0.5145067698259188,91
2,Ranging / Low-Vol,2h,4411,0.00016288069898077646,0.0002222124924937674,0.005013734153455383,0.5245975969167989,91
3,Ranging / High-Vol,2h,341,0.0003579620207595557,-0.0006401115390985979,0.01241784385075935,0.4838709677419355,91
0,Downtrend / Mid-Vol,4h,2068,-0.0016575722226644806,8.014826865299085e-06,0.011996352940772167,0.5004835589941973,91
1,Uptrend / Mid-Vol,4h,2063,0.00024618151191540356,0.00021968144329420625,0.00989297453662512,0.5104217159476491,91
2,Ranging / Low-Vol,4h,4408,0.0004014144594541503,0.0003582682476288568,0.007888842907770179,0.5310798548094374,91
3,Ranging / High-Vol,4h,341,-0.0025401005006752244,-0.0031967190171702242,0.012081304015962578,0.3812316715542522,91
0,Uptrend / Mid-Vol,15m,2548,4.012483595936e-05,-3.199344868143328e-05,0.0025768104693068565,0.49489795918367346,92
1,Ranging / Low-Vol,15m,2900,-8.68027119668101e-05,-2.5146142937693128e-05,0.0016222308668481736,0.4917241379310345,92
2,Ranging / High-Vol,15m,571,5.617020102536182e-05,-0.00031289515689714165,0.005026877260869472,0.4746059544658494,92
3,Downtrend / Mid-Vol,15m,2618,-0.00017366447245775618,-5.918086876466333e-05,0.0031372085531173165,0.4919786096256685,92
0,Uptrend / Mid-Vol,30m,2548,-3.184643743181747e-05,-9.867021967657763e-05,0.0036199973518522004,0.48233908948194665,92
1,Ranging / Low-Vol,30m,2900,-0.00017568266143757965,-5.202623087896541e-05,0.0023418688217077236,0.4868965517241379,92
2,Ranging / High-Vol,30m,571,9.654709762504285e-05,-1.3761844401827261e-05,0.0070016371696403614,0.4973730297723292,92
3,Downtrend / Mid-Vol,30m,2615,-0.00023143052093333043,0.00015072145124506164,0.0043952916731742194,0.5177820267686425,92
0,Uptrend / Mid-Vol,1h,2548,-0.0001478743942373158,-0.0002238997735011239,0.0052947185316084165,0.4764521193092622,92
1,Ranging / Low-Vol,1h,2900,-0.00032610387572246384,-7.508140534451258e-05,0.003420097235735027,0.4882758620689655,92
2,Ranging / High-Vol,1h,571,-0.0005344237409698598,-0.00037127286980798146,0.010054262774311783,0.48336252189141854,92
3,Downtrend / Mid-Vol,1h,2609,-0.00024414220504127837,0.00028984588597147365,0.005788150012116383,0.5289382905327712,92
0,Uptrend / Mid-Vol,2h,2548,-0.00021317697503248385,0.00010915727923510588,0.007562579912440932,0.5082417582417582,92
1,Ranging / Low-Vol,2h,2888,-0.0005134051076878851,-8.179360957782933e-05,0.0048842856415518025,0.4878808864265928,92
2,Ranging / High-Vol,2h,571,-0.0008494965635753351,-0.0009041832262095539,0.011942778586308548,0.46409807355516636,92
3,Downtrend / Mid-Vol,2h,2609,-0.000759541713857042,-1.2771428785640637e-06,0.008463149182974283,0.49980835569183596,92
0,Uptrend / Mid-Vol,4h,2548,-0.0009611317453403365,-0.0004110564477457501,0.011471078376289382,0.4803767660910518,92
1,Ranging / Low-Vol,4h,2867,-0.0009342631422958697,-0.0002629632307478147,0.00754409444974363,0.47436344611091735,92
2,Ranging / High-Vol,4h,571,-2.2249397324049482e-05,0.0014154496131943972,0.015633754716584434,0.5376532399299475,92
3,Downtrend / Mid-Vol,4h,2606,-0.0014612989910570316,-0.0004151543861210527,0.012013676311450196,0.4781273983115886,92
0,Downtrend / Mid-Vol,15m,1632,-8.515143454960989e-05,8.206675602462354e-05,0.0030517905728129455,0.5196078431372549,93
1,Ranging / High-Vol,15m,473,-0.000440932568978126,8.959589493429121e-06,0.00509647761137931,0.5031712473572939,93
2,Ranging / Low-Vol,15m,5042,-8.177663636127536e-06,-2.097005972512278e-05,0.0013507333893339145,0.49246330821102735,93
3,Uptrend / Mid-Vol,15m,1778,0.0001875089225888511,9.458893503744292e-05,0.0026535568361255916,0.5219347581552306,93
0,Downtrend / Mid-Vol,30m,1632,-0.00019703597437159873,0.00026530789949319455,0.004288183723151377,0.5343137254901961,93
1,Ranging / High-Vol,30m,473,-0.0007157158679401987,-9.304281937261294e-05,0.006843571101922541,0.492600422832981,93
2,Ranging / Low-Vol,30m,5039,-8.344364284948064e-06,-2.7328664078396514e-06,0.001967155259142632,0.4987100615201429,93
3,Uptrend / Mid-Vol,30m,1778,0.00034698220709030803,0.00011438572091471144,0.0038760866569073093,0.5185601799775028,93
0,Downtrend / Mid-Vol,1h,1632,-0.0001726988636798983,0.00048460395189664496,0.005572668394791577,0.5545343137254902,93
1,Ranging / High-Vol,1h,473,-0.00103930130294551,-0.0004920125738063774,0.008876669987525442,0.48625792811839325,93
2,Ranging / Low-Vol,1h,5033,-6.791983821094661e-05,1.5607462508171466e-05,0.003076025144899337,0.5042718060798729,93
3,Uptrend / Mid-Vol,1h,1778,0.0005854840590524207,0.00010498021360128007,0.00610338157178905,0.5084364454443194,93
0,Downtrend / Mid-Vol,2h,1632,0.0003826476542572057,0.0007414335428377328,0.008073306784276679,0.5680147058823529,93
1,Ranging / High-Vol,2h,473,-0.0023861766476086592,-0.0013137712535886692,0.010743107189222079,0.452431289640592,93
2,Ranging / Low-Vol,2h,5021,-0.00021603634968406135,7.529573510822729e-05,0.004857141185005243,0.5126468830910177,93
3,Uptrend / Mid-Vol,2h,1778,0.0008839289983299928,0.0001901000180302148,0.008073386689279271,0.5146231721034871,93
0,Downtrend / Mid-Vol,4h,1632,0.0003151283787115806,0.0008775908773897001,0.011080773107826946,0.5496323529411765,93
1,Ranging / High-Vol,4h,473,-0.004198266218482171,-0.003620432629709569,0.014986225313461065,0.42071881606765327,93
2,Ranging / Low-Vol,4h,5000,-0.00030760586809286215,0.00020339123831103478,0.007788692326855965,0.5238,93
3,Uptrend / Mid-Vol,4h,1775,0.0018301870349261857,0.0009500498706689342,0.010475075580491353,0.556056338028169,93
0,Ranging / Low-Vol,15m,5689,-3.8668805088629637e-05,-2.7183706338362867e-05,0.0012883791111246898,0.48672877482861665,94
1,Uptrend / Mid-Vol,15m,1449,8.65806423257298e-05,-4.811828875261881e-05,0.002729157540835385,0.4865424430641822,94
2,Downtrend / Mid-Vol,15m,1500,-5.797308163641664e-05,0.00013789506861527911,0.0028863928646036766,0.5233333333333333,94
3,Ranging / High-Vol,15m,287,-0.0004978428758514713,-0.00010129946347881003,0.004808489642077224,0.49825783972125437,94
0,Ranging / Low-Vol,30m,5689,-7.383808245389131e-05,-9.353489437202711e-06,0.0018669792893724634,0.4949903322200738,94
1,Uptrend / Mid-Vol,30m,1447,3.091088415365333e-05,-6.508007940553284e-06,0.003697473509974969,0.4968901174844506,94
2,Downtrend / Mid-Vol,30m,1500,-2.236258998748279e-06,0.00041511901773638726,0.004198211485744415,0.5593333333333333,94
3,Ranging / High-Vol,30m,286,-0.0009202869576582097,-0.0005419405150730583,0.006533183674873461,0.44405594405594406,94
0,Ranging / Low-Vol,1h,5689,-0.00016751295595493772,-4.89855198591016e-05,0.0027756853751392087,0.48620144137809806,94
1,Uptrend / Mid-Vol,1h,1444,0.00035727707599313635,1.7525393588790905e-05,0.005244975674083171,0.502770083102493,94
2,Downtrend / Mid-Vol,1h,1499,-0.00040780909098854653,0.0001888127616993529,0.0058335289903593615,0.5216811207471648,94
3,Ranging / High-Vol,1h,284,-0.0009046020483983715,-0.00013399928807800165,0.008618663990502188,0.46830985915492956,94
0,Ranging / Low-Vol,2h,5689,-0.0003970726943360453,-2.8005368012173903e-05,0.004539194272268617,0.4962207769379504,94
1,Uptrend / Mid-Vol,2h,1436,3.000672229709085e-05,-2.535506772449736e-05,0.007511940190881805,0.4979108635097493,94
2,Downtrend / Mid-Vol,2h,1495,-0.00026594157865596777,0.0004214939798981021,0.00768018710755844,0.5391304347826087,94
3,Ranging / High-Vol,2h,284,-0.00034236725775385965,-0.0002255224221929808,0.011896325039087007,0.4788732394366197,94
0,Ranging / Low-Vol,4h,5689,-0.0007510902279635811,-0.0002836143185369622,0.007401098938913706,0.4696783265951837,94
1,Uptrend / Mid-Vol,4h,1429,0.00019182435722561863,0.0003401063900625445,0.00852254139258044,0.5241427571728482,94
2,Downtrend / Mid-Vol,4h,1493,-0.0007244346860416953,1.7645178184366728e-05,0.00936006591691181,0.5010046885465506,94
3,Ranging / High-Vol,4h,269,-0.0021796760386620143,-0.000993142685413062,0.0164110832264578,0.4684014869888476,94
0,Ranging / Low-Vol,15m,1851,-8.801688357329455e-05,-5.761713416063685e-05,0.0018299693133516156,0.48028092922744464,95
1,Uptrend / Mid-Vol,15m,2581,0.00011366144437900876,-3.234979183197595e-05,0.0030823760581392074,0.49476946919798526,95
2,Downtrend / Mid-Vol,15m,2326,-0.0001399893653045423,0.0001177774474188098,0.0032532945696075854,0.5176268271711092,95
3,Ranging / High-Vol,15m,1303,-0.0002337415683301482,-0.000337427018887837,0.006517860672433237,0.4781273983115886,95
0,Ranging / Low-Vol,30m,1851,-0.0002023751023401574,-8.653284035631259e-05,0.00282878623187967,0.47649918962722854,95
1,Uptrend / Mid-Vol,30m,2581,0.00014890162528277806,0.00010155150396329304,0.004397316580106999,0.5125920185974429,95
2,Downtrend / Mid-Vol,30m,2323,-0.00020866335724939352,0.00014924661072690526,0.004618821154451473,0.5213086526043909,95
3,Ranging / High-Vol,30m,1303,-0.00040715768008723686,8.564850597636564e-05,0.00883523576604628,0.5057559478127398,95
0,Ranging / Low-Vol,1h,1851,-0.00042124413870805295,-0.00017249565095056596,0.004883824541291248,0.4737979470556456,95
1,Uptrend / Mid-Vol,1h,2579,0.00021928102209566405,3.11701143473897e-05,0.005837300092853351,0.5029081039162466,95
2,Downtrend / Mid-Vol,1h,2319,-0.00016843461094048063,9.417315701831797e-05,0.006307917346185401,0.5066839154808107,95
3,Ranging / High-Vol,1h,1303,-0.0010590558744600935,-0.00026726876382454634,0.012144901477998835,0.4950115118956255,95
0,Ranging / Low-Vol,2h,1851,-0.0006374446323498982,-6.779536032475164e-05,0.007712139763871248,0.49486763911399245,95
1,Uptrend / Mid-Vol,2h,2567,3.0480029349585763e-05,-0.00016116629881857136,0.007955833756740947,0.48578106739384497,95
2,Downtrend / Mid-Vol,2h,2319,-0.00023850721924131754,0.00041965180913372535,0.008500686604065461,0.523070288917637,95
3,Ranging / High-Vol,2h,1303,-0.0017023033492946805,-0.0006517914871029262,0.01577645159511785,0.476592478894858,95
0,Ranging / Low-Vol,4h,1851,-0.0016498700119930083,-0.00018904168793199005,0.012015586514428592,0.49054565099945974,95
1,Uptrend / Mid-Vol,4h,2553,-0.00012072294007772312,-0.00028926735648759916,0.013003722642653348,0.4864864864864865,95
2,Downtrend / Mid-Vol,4h,2315,-0.0013349845292518622,-0.0005214399443751461,0.012114240404709707,0.4816414686825054,95
3,Ranging / High-Vol,4h,1297,-0.0010985956151036032,0.001822644748614266,0.02048940871058864,0.535851966075559,95
0,Ranging / Low-Vol,15m,2814,-6.086403428923717e-05,-4.985760774633974e-05,0.001919987526534331,0.48578535891968727,96
1,Ranging / High-Vol,15m,634,0.000550293543363456,0.00026918809194942384,0.004735775411030843,0.5299684542586751,96
2,Uptrend / Mid-Vol,15m,2643,5.167316991196102e-05,-0.00010766356116143072,0.0031304859311999194,0.4808929247067726,96
3,Downtrend / Mid-Vol,15m,2834,-8.990281706187383e-05,2.207691271038925e-05,0.0028055283725491845,0.5031757233592096,96
0,Ranging / Low-Vol,30m,2811,-0.00010746371363330337,-0.00011632938540628857,0.002832714632409071,0.4756314478833156,96
1,Ranging / High-Vol,30m,634,0.000977669277572567,0.0003886940330968258,0.006283272300517323,0.5347003154574133,96
2,Uptrend / Mid-Vol,30m,2643,1.3645025810008831e-05,-0.00020016559220259467,0.004384764258981298,0.4767309875141884,96
3,Downtrend / Mid-Vol,30m,2834,-8.12817881398921e-05,6.921604996090736e-05,0.0038870857493460056,0.5091743119266054,96
0,Ranging / Low-Vol,1h,2807,-0.00021994969262408763,-0.0001153998956802127,0.003930159435133946,0.4845030281439259,96
1,Ranging / High-Vol,1h,634,0.0019663168625947175,0.001054021342122624,0.008453255696154162,0.5646687697160884,96
2,Uptrend / Mid-Vol,1h,2641,-7.59525108897762e-05,-0.0002905843101324024,0.005777489662117571,0.47444149943203334,96
3,Downtrend / Mid-Vol,1h,2834,-6.030438101438781e-05,-7.69769162864975e-05,0.005696242478303138,0.4936485532815808,96
0,Ranging / Low-Vol,2h,2800,-0.00044798664145802026,-0.0003860665439914257,0.0057451167802066785,0.4546428571428571,96
1,Ranging / High-Vol,2h,634,0.0018545460872737523,0.0005132069263318328,0.010281694487813115,0.5315457413249212,96
2,Uptrend / Mid-Vol,2h,2636,-0.00021546461449307164,-0.000807920234823456,0.008033537197468509,0.4582701062215478,96
3,Downtrend / Mid-Vol,2h,2834,0.00041175276151044177,0.00024285176813165776,0.008336819146632741,0.5137614678899083,96
0,Ranging / Low-Vol,4h,2797,-0.0010709199534095883,-0.0008126640684160691,0.007933490508629458,0.43618162316767967,96
1,Ranging / High-Vol,4h,634,0.0013509273471472621,0.0001296841546256644,0.01149041075860152,0.5094637223974764,96
2,Uptrend / Mid-Vol,4h,2619,0.000599945680860289,-0.00019826416174062444,0.01162225668537433,0.49179075983199694,96
3,Downtrend / Mid-Vol,4h,2830,0.00043283039420128597,2.2024411300947122e-05,0.011756040036970335,0.5003533568904593,96
0,Ranging / Low-Vol,15m,4885,3.697151938120444e-05,3.248766966912342e-05,0.0014943509710866809,0.5101330603889458,97
1,Downtrend / Mid-Vol,15m,1767,-1.6773462673706507e-05,0.00012826680358912768,0.002359504924541967,0.5274476513865308,97
2,Uptrend / Mid-Vol,15m,1793,0.00013376677732175344,-3.698247803463062e-05,0.002562068509954028,0.4913552704963748,97
3,Ranging / High-Vol,15m,192,-0.0002575112765910899,-0.00031451747423894005,0.003668289462140499,0.46875,97
0,Ranging / Low-Vol,30m,4882,5.788827216164467e-05,5.5890421449156236e-05,0.0022099675930147304,0.5151577222449816,97
1,Downtrend / Mid-Vol,30m,1767,0.00011019205607927284,0.00022805888925425677,0.003051690309254553,0.5353706847764572,97
2,Uptrend / Mid-Vol,30m,1793,0.00012624154375066442,-4.140063576585362e-05,0.0036303243041354567,0.49581706636921363,97
3,Ranging / High-Vol,30m,192,-8.928007252826757e-05,-0.00027484512784337056,0.004924042111383829,0.46875,97
0,Ranging / Low-Vol,1h,4876,9.979423022930642e-05,0.00010015860665735232,0.003256707259153421,0.5194831829368335,97
1,Downtrend / Mid-Vol,1h,1767,0.0003850435853398909,0.00038246832897748106,0.003969117237120511,0.5444255800792304,97
2,Uptrend / Mid-Vol,1h,1793,0.00012305203269451744,-0.00013694633128125133,0.005164627928111705,0.48466257668711654,97
3,Ranging / High-Vol,1h,192,-0.0001094833553042333,-0.0007874612380129875,0.006848184124006811,0.4791666666666667,97
0,Ranging / Low-Vol,2h,4864,0.00011889120460753996,5.829013898228652e-05,0.004696669133937519,0.5063733552631579,97
1,Downtrend / Mid-Vol,2h,1767,0.0008312494073750807,0.0007050908448302806,0.005743338073348404,0.5681946802490097,97
2,Uptrend / Mid-Vol,2h,1793,0.0004013283486240729,-0.0004148782528563544,0.0070721541207523775,0.47183491355270496,97
3,Ranging / High-Vol,2h,192,-9.091247861801414e-05,-0.0004721497515802753,0.007991915213135707,0.4635416666666667,97
0,Ranging / Low-Vol,4h,4840,0.00017729312332591388,1.5591492369182447e-05,0.00676514527217836,0.5010330578512396,97
1,Downtrend / Mid-Vol,4h,1767,0.0014771604266509547,0.0009587425930224214,0.008457785682910534,0.5715902659875495,97
2,Uptrend / Mid-Vol,4h,1793,0.0010439660293436077,-1.643366901227239e-05,0.009480066722415012,0.4991634132738427,97
3,Ranging / High-Vol,4h,192,0.0013455088486135913,0.0010204650575547092,0.009623070531861,0.5572916666666666,97
0,Ranging / Low-Vol,15m,6399,-3.641797542584887e-05,-2.4453126432177896e-05,0.0013013836335663538,0.4899203000468823,98
1,Uptrend / Mid-Vol,15m,1102,0.00023204240790851806,0.00016107296256695491,0.0021060211389351026,0.5408348457350273,98
2,Downtrend / Mid-Vol,15m,1349,-4.15529656884894e-05,3.368391454117159e-05,0.0022078081032542935,0.5055596738324685,98
3,Ranging / High-Vol,15m,75,-0.001053415582496342,-0.0004650739208713617,0.00401942717484419,0.4266666666666667,98
0,Ranging / Low-Vol,30m,6399,-7.44306782351466e-05,-8.007045691371673e-06,0.0018841063721168484,0.4967963744335052,98
1,Uptrend / Mid-Vol,30m,1102,0.0003577466433478198,0.00018051248253581065,0.0029413255547000436,0.52994555353902,98
2,Downtrend / Mid-Vol,30m,1346,-6.361852505924857e-05,0.00015711175684440803,0.0029828955378149594,0.5267459138187222,98
3,Ranging / High-Vol,30m,75,-0.0008067252963419947,-0.0005552350205899614,0.00435139660341478,0.4533333333333333,98
0,Ranging / Low-Vol,1h,6393,-0.00010760050892300927,-7.817148159006138e-06,0.002759394478287653,0.4980447364304708,98
1,Uptrend / Mid-Vol,1h,1102,0.00018159948875048435,6.203521617642593e-05,0.0038705747138357426,0.5108892921960072,98
2,Downtrend / Mid-Vol,1h,1346,9.656936576977294e-05,7.694543226932637e-05,0.004140996247051645,0.5118870728083209,98
3,Ranging / High-Vol,1h,75,-0.0009868441765668243,-0.0016932209321289804,0.005325962082886248,0.4,98
0,Ranging / Low-Vol,2h,6383,-0.0002445744371706945,-7.786748484051031e-05,0.003919573199457005,0.48488171706094313,98
1,Uptrend / Mid-Vol,2h,1100,0.00014507678585802224,9.706833521239133e-05,0.005505573463764934,0.5081818181818182,98
2,Downtrend / Mid-Vol,2h,1346,0.0004087842422745692,0.0005046000709878484,0.005681738300756687,0.5557206537890045,98
3,Ranging / High-Vol,2h,75,-0.00016105716201565202,-0.0006480944543714173,0.005799380241550994,0.48,98
0,Ranging / Low-Vol,4h,6359,-0.00038950576116435095,-0.00012795136718857236,0.005630908638586784,0.48576820254757036,98
1,Uptrend / Mid-Vol,4h,1100,-8.367823074449923e-05,-6.632335857403859e-06,0.006946531777113109,0.4990909090909091,98
2,Downtrend / Mid-Vol,4h,1346,0.0005545017865490878,0.0004091068819338517,0.00711568541380738,0.5364041604754829,98
3,Ranging / High-Vol,4h,75,-0.0004981433840269744,-0.0002169272580978543,0.00759959630138282,0.48,98
0,Ranging / Low-Vol,15m,3152,-7.904850119819017e-05,-3.206997730309524e-05,0.0016545196731494586,0.4854060913705584,99
1,Uptrend / Mid-Vol,15m,2140,-3.657834867690644e-05,-0.0001950904313234858,0.0028526851293673478,0.4574766355140187,99
2,Downtrend / Mid-Vol,15m,2700,-0.00023779048906296546,-0.0001238513360117821,0.002848605762647099,0.4762962962962963,99
3,Ranging / High-Vol,15m,645,0.0004328716912347705,0.00039663589679683753,0.005365963854822771,0.524031007751938,99
0,Ranging / Low-Vol,30m,3149,-0.00016168231852519715,-0.00010004937875862652,0.0024271287686572066,0.478882184820578,99
1,Uptrend / Mid-Vol,30m,2140,-0.0001790581092032629,-0.00032488542741493376,0.003960918668655529,0.452803738317757,99
2,Downtrend / Mid-Vol,30m,2700,-0.0004041762319512043,-0.00016042580526409722,0.004248774053042408,0.47703703703703704,99
3,Ranging / High-Vol,30m,645,0.0009315141179493133,0.000771040017621516,0.006915709273620679,0.5488372093023256,99
0,Ranging / Low-Vol,1h,3143,-0.00023197639362069252,-0.00019303453361985135,0.0035092756578803366,0.47120585427935097,99
1,Uptrend / Mid-Vol,1h,2140,-0.0006535258143197264,-0.0008463628928163658,0.005470688035144727,0.42336448598130844,99
2,Downtrend / Mid-Vol,1h,2700,-0.0006670895118223199,-0.00024051531285973482,0.005981986526143437,0.472962962962963,99
3,Ranging / High-Vol,1h,645,0.0017889978206295587,0.001161485234426607,0.009033287516069405,0.5736434108527132,99
0,Ranging / Low-Vol,2h,3133,-0.00041964924620833347,-0.0003242624819304041,0.005111333059384219,0.46536865624002555,99
1,Uptrend / Mid-Vol,2h,2140,-0.0009750101467990292,-0.0010088142768562847,0.007458880892927765,0.43457943925233644,99
2,Downtrend / Mid-Vol,2h,2698,-0.0012621453601017964,-0.00047632356172133683,0.008174414020802484,0.4633061527057079,99
3,Ranging / High-Vol,2h,645,0.002037733292557645,0.0015674148886208883,0.012573017516735497,0.5720930232558139,99
0,Ranging / Low-Vol,4h,3116,-0.0009150049910329975,-0.00027520638328404345,0.008155481025532627,0.47881899871630296,99
1,Uptrend / Mid-Vol,4h,2137,-0.0024449420135092955,-0.001955158242278543,0.010334085340284252,0.3902667290594291,99
2,Downtrend / Mid-Vol,4h,2694,-0.001347222432552134,-0.0005169764134675958,0.010767832655795104,0.4732739420935412,99
3,Ranging / High-Vol,4h,645,0.001133489522904,0.0005122798612120505,0.013902520792324987,0.5224806201550387,99
0,Ranging / High-Vol,15m,72,0.00014192034332673032,-0.0004698372860669764,0.003730844900354801,0.4305555555555556,100
1,Uptrend / Mid-Vol,15m,1082,0.00023657824846050584,3.341542723767077e-05,0.002394815065970876,0.5073937153419593,100
2,Ranging / Low-Vol,15m,2988,2.4100415051591244e-05,1.3154871070675256e-05,0.0014777126823817344,0.5040160642570282,100
3,Downtrend / Mid-Vol,15m,1034,-3.842926915518164e-05,-7.214916416309336e-05,0.0021388794158005006,0.4864603481624758,100
0,Ranging / High-Vol,30m,72,7.886410862576219e-05,-0.00036679084620683255,0.004436393945773824,0.4166666666666667,100
1,Uptrend / Mid-Vol,30m,1082,0.00036518855111235536,6.37354781680699e-05,0.0034551508169517265,0.5027726432532348,100
2,Ranging / Low-Vol,30m,2985,5.11824011932732e-05,4.670962338515494e-05,0.0021111762654757366,0.5159128978224455,100
3,Downtrend / Mid-Vol,30m,1034,5.0614813476343856e-05,-4.110807963986218e-05,0.0029423838115712813,0.48936170212765956,100
0,Ranging / High-Vol,1h,72,0.0004367425913792318,0.0007220371521805546,0.0056049880653637795,0.5555555555555556,100
1,Uptrend / Mid-Vol,1h,1082,0.0004026700075114155,-5.105578687736312e-05,0.005092166119819122,0.4926062846580407,100
2,Ranging / Low-Vol,1h,2979,0.0001750340229711277,0.00017640296367815722,0.003052776548265741,0.5391070829137294,100
3,Downtrend / Mid-Vol,1h,1034,0.0002204232286661101,0.00024773892173968193,0.004109954220237251,0.5377176015473888,100
0,Ranging / High-Vol,2h,72,0.001908193764088326,0.001991511696009418,0.006027335256084898,0.6666666666666666,100
1,Uptrend / Mid-Vol,2h,1082,0.0005160755429287668,-0.00019260210525473553,0.007343924228911449,0.488909426987061,100
2,Ranging / Low-Vol,2h,2967,0.00025942135352780644,0.00022701106071387755,0.004267919237308015,0.5369059656218402,100
3,Downtrend / Mid-Vol,2h,1034,0.0009320482343524119,0.0006375686183126561,0.006024605603351692,0.5531914893617021,100
0,Ranging / High-Vol,4h,72,0.008724517199539546,0.006037297579800871,0.010186236215568778,0.8055555555555556,100
1,Uptrend / Mid-Vol,4h,1082,0.0003076892736858978,-0.000687334423306929,0.008423856793718796,0.4722735674676525,100
2,Ranging / Low-Vol,4h,2943,0.0007911057168582806,0.0004600471011926288,0.00625865055476971,0.5596330275229358,100
3,Downtrend / Mid-Vol,4h,1034,0.001292238137667255,7.715986441780842e-06,0.008979912119289035,0.5009671179883946,100
